time,2.82e-09,3.1600000000000003e-09,3.5500000000000004e-09,3.98e-09,4.47e-09,5.01e-09,5.620000000000001e-09,6.310000000000001e-09,7.08e-09,7.94e-09,8.91e-09,1e-08,1.1200000000000001e-08,1.26e-08,1.41e-08,1.5800000000000003e-08,1.78e-08,2e-08,2.2400000000000002e-08,2.5100000000000003e-08,2.82e-08,3.1600000000000005e-08,3.55e-08,3.9800000000000006e-08,4.47e-08,5.0100000000000005e-08,5.620000000000001e-08,6.31e-08,7.08e-08,7.940000000000001e-08,8.910000000000001e-08,1.0000000000000001e-07,1.1200000000000001e-07,1.2600000000000002e-07,1.41e-07,1.58e-07,1.78e-07,2.0000000000000002e-07,2.2400000000000002e-07,2.51e-07,2.82e-07,3.16e-07,3.5500000000000004e-07,3.9800000000000004e-07,4.47e-07,5.01e-07,5.620000000000001e-07,6.310000000000001e-07,7.08e-07,7.94e-07,8.91e-07,1.0000000000000002e-06
2023-05-01 00:00:00,-21.5129,77.15665,178.2575,90.19565,4.005595,19.7633,21.0415,54.02525,111.785,193.18,241.32299999999998,309.8375,429.46349999999995,660.6890000000001,856.0425,1042.6305,1485.995,1858.6399999999999,2022.5,2127.9049999999997,2370.5699999999997,2699.2799999999997,3055.5649999999996,3391.315,3456.27,3335.58,3094.8450000000003,2486.825,1781.83,1171.395,805.5715,668.5405000000001,572.635,500.37,439.1775,375.723,320.0095,298.44050000000004,213.7515,149.7935,101.436,70.68934999999999,48.606449999999995,28.14365,14.0339,6.930925,1.9445400000000002,1.482245,0.88355,0.50405,0.6161800000000001,0.6473899999999999
2023-05-01 01:00:00,0.0,0.0,0.0,51.8155,81.28665000000001,21.2656,0.0,2.689255,74.2679,165.964,298.8375,559.1965,892.2315000000001,1080.99,1468.5749999999998,1744.5749999999998,2209.8100000000004,2624.33,2786.625,2758.54,2731.46,2715.4849999999997,3090.2200000000003,3376.385,3485.3199999999997,3408.385,3074.915,2539.4,1758.255,1182.775,820.014,622.9200000000001,568.2660000000001,458.7685,392.8575,326.1895,285.053,261.66549999999995,196.8145,136.348,109.134,66.1614,51.49065,27.3765,7.861445,5.956015,5.968935,2.04104,1.1217700000000002,0.44024,0.000495,0.002725
2023-05-01 02:00:00,0.0,0.0,0.0,0.0,0.0,0.0,10.4666,3.170245,75.452,126.15199999999999,130.39065,316.243,504.834,828.5535,1261.425,1623.4850000000001,2085.46,2496.975,2845.8199999999997,3102.165,3272.215,3269.48,3430.575,3603.99,3630.0299999999997,3606.2799999999997,3261.65,2767.7650000000003,2036.9850000000001,1373.565,915.3695,651.64,558.6075000000001,453.98749999999995,391.0025,333.5185,295.414,252.77999999999997,197.0045,140.889,106.19,55.63195,47.3587,20.6125,6.136825,1.273775,0.708205,2.8566200000000004,2.69895,0.75162,0.01092,0.0004
2023-05-01 03:00:00,0.0,0.0,0.0,0.0,0.0,0.0,0.0,1.15242,27.190150000000003,60.66215,111.56895,242.7385,380.5475,589.1665,934.6275,1373.705,1884.4250000000002,2293.46,2715.4300000000003,3222.4750000000004,3498.455,3432.94,3436.495,3581.365,3626.675,3527.815,3273.59,2710.85,2031.7199999999998,1401.0549999999998,931.569,670.2665,556.441,473.615,394.9575,314.701,276.80600000000004,231.8665,188.237,145.445,98.28635,57.390249999999995,35.4014,21.471899999999998,9.44616,5.58772,2.43164,2.35898,2.330765,1.9485350000000001,0.056330000000000005,0.020785
2023-05-01 04:00:00,0.0,0.0,0.0,0.0,0.0,0.0,0.0,1.109495,26.623150000000003,43.1986,88.58465,164.39749999999998,278.17600000000004,400.03499999999997,706.4875,1088.9995,1606.6599999999999,2179.63,2623.2250000000004,3444.26,4135.295,4386.755,4327.275,4165.24,4036.62,3876.77,3465.995,3024.8,2338.625,1666.26,1099.755,761.3634999999999,600.1700000000001,505.14149999999995,419.4285,336.58500000000004,253.45600000000002,223.2185,178.312,122.30250000000001,78.05885,53.50645,26.5176,15.412099999999999,9.30754,1.63337,0.7913049999999999,0.165215,0.02599,0.235645,0.008265,0.04572
2023-05-01 05:00:00,0.0,19.04935,12.836,0.0,0.0,0.0,0.0,2.486485,41.4662,78.84880000000001,101.07915,173.941,267.85249999999996,452.63599999999997,702.2570000000001,1099.4759999999999,1571.745,1948.73,2428.06,3305.065,4039.315,4427.139999999999,4514.605,4243.4400000000005,3976.34,3740.165,3416.33,2741.09,2191.915,1606.98,1098.9850000000001,785.4465,605.4780000000001,513.098,423.9855,346.163,257.677,187.329,141.49099999999999,118.98400000000001,87.7535,56.39555,26.8515,14.9818,8.979095,3.81239,0.79559,2.453195,2.106495,0.640495,0.006135000000000001,0.00284
2023-05-01 06:00:00,0.0,0.0,0.0,0.0,0.0,0.0,12.7392,1.841475,25.75085,50.69515,128.1115,170.54000000000002,251.30149999999998,518.7085,744.4459999999999,874.28,1436.67,1844.125,2211.1,2708.5950000000003,3149.995,3706.9049999999997,3951.95,3839.9449999999997,3468.2200000000003,3061.67,2663.92,2068.1949999999997,1569.35,1174.52,874.039,677.3395,570.241,482.82849999999996,397.4495,323.5045,248.88150000000002,181.9675,131.6035,92.8777,56.81455,33.6237,22.79405,13.94655,9.334154999999999,4.077265000000001,0.11423,0.069645,1.592635,1.67296,0.34426999999999996,0.038745
2023-05-01 07:00:00,311.8075,182.14499999999998,25.0824,25.6002,0.0,0.0,0.0,2.40575,28.056800000000003,51.8262,88.1582,136.329,193.4805,319.40999999999997,586.646,992.712,1226.35,1520.0549999999998,1764.315,1915.3000000000002,2165.34,2657.135,3084.165,3019.52,2834.56,2454.4849999999997,1905.56,1282.965,982.85,800.2985,682.9065,606.2595,549.7139999999999,483.81100000000004,401.58050000000003,327.94849999999997,242.29500000000002,179.0145,125.363,77.5314,40.18175,16.65195,7.034185,2.63078,0.06923,0.07136,0.000455,0.614855,0.321275,0.0,0.053575,0.12003
2023-05-01 08:00:00,0.0,0.0,0.0,0.0,6.72695,10.59215,12.08475,0.552555,15.25965,49.95425,47.0544,119.761,166.8945,313.30150000000003,568.2935,891.6030000000001,1077.57,1302.175,1526.4,1746.2849999999999,1928.56,2181.855,2708.62,2920.07,2778.29,2358.825,1733.7649999999999,1100.12,836.081,708.963,639.0944999999999,606.82,546.066,466.54,377.1215,312.802,258.9015,184.5655,126.5625,84.1097,48.82215,30.632800000000003,19.84755,8.380995,4.37501,3.32874,0.782515,2.3999800000000002,2.273625,1.08042,0.291865,0.093335
2023-05-01 09:00:00,0.0,18.7222,12.836,23.27825,31.79525,88.75380000000001,57.73845,1.242725,21.63875,19.549,25.29418,117.32839999999999,212.30450000000002,358.64750000000004,580.636,782.6205,992.8815,1119.81,1292.71,1634.505,1929.59,2208.5150000000003,2627.6,2624.85,2361.4700000000003,1770.395,1218.905,726.5355,524.614,471.60699999999997,461.677,458.86850000000004,398.303,365.08050000000003,315.0635,260.9645,209.631,141.5755,91.2641,65.1126,42.9463,24.81495,20.26755,12.704799999999999,5.947105,2.99532,0.110735,0.9314749999999999,1.5152649999999999,1.798745,2.399215,0.18553999999999998
2023-05-01 10:00:00,29.1566,220.2555,439.54650000000004,404.781,444.50149999999996,678.4415,587.0740000000001,361.993,147.0513,67.5679,88.2518,131.328,219.633,467.049,656.8395,792.6675,1041.6745,1182.105,1351.58,1596.495,1904.72,2139.21,2407.21,2386.56,1943.545,1282.1100000000001,767.784,512.9295,442.4975,403.4355,392.149,389.69,325.20050000000003,316.40549999999996,284.98900000000003,229.253,196.28250000000003,130.531,92.11,57.769,34.39075,17.535800000000002,14.4849,5.49268,0.186375,0.97416,2.6757050000000002,0.7769,1.16336,1.969965,1.17273,0.648935
2023-05-01 11:00:00,404.366,510.071,582.8910000000001,685.3675000000001,970.9100000000001,1339.13,1748.9450000000002,2356.22,2470.6800000000003,1988.295,1041.419,602.1415,160.608,359.9275,532.7875,734.148,934.8065,1123.99,1110.5349999999999,1328.625,1692.8200000000002,2116.8450000000003,2295.1000000000004,2191.23,1716.795,1158.5549999999998,757.798,532.6885,504.634,470.285,417.62149999999997,404.8845,329.51800000000003,299.99649999999997,265.1295,224.70350000000002,187.265,122.475,97.60435000000001,64.0382,31.48375,17.208949999999998,12.26915,6.058835,4.05649,2.486585,0.040935,0.12562,2.838355,3.9347000000000003,1.93634,1.15331
2023-05-01 12:00:00,461.3585,413.82849999999996,366.62300000000005,601.4794999999999,767.137,1084.8049999999998,1709.6950000000002,2499.2200000000003,2694.8100000000004,2311.95,1298.705,804.488,461.8705,577.617,916.7025,1420.415,1569.475,1702.77,1752.3049999999998,1989.35,2343.515,2779.9700000000003,2769.37,2292.025,1770.715,1231.805,717.9515,548.2819999999999,547.587,528.2330000000001,459.96500000000003,407.0,348.7165,302.778,268.67650000000003,216.18099999999998,196.253,131.6325,97.5039,61.9541,34.1973,18.125500000000002,11.145,6.64046,1.55875,0.49159,0.1084,0.397335,2.8884149999999997,3.921385,2.35705,3.1642
2023-05-01 13:00:00,485.1145,675.5305000000001,562.6585,712.44,1136.538,1747.4099999999999,3777.4399999999996,6623.76,8078.295,7303.27,4367.610000000001,3109.5550000000003,2292.9700000000003,1689.0700000000002,1279.225,1092.29,1299.545,1565.715,1999.1,2231.76,2372.465,2297.17,2253.735,1992.8049999999998,1528.315,1057.37,718.662,554.3985,527.423,480.791,413.125,354.169,319.3415,298.65099999999995,272.086,235.48399999999998,214.215,172.312,118.3485,79.72,47.1513,26.51815,13.8111,7.62617,5.561070000000001,0.82533,0.89366,0.32816999999999996,1.01736,1.43981,0.6858550000000001,0.876415
2023-05-01 14:00:00,7.214599999999997,391.33349999999996,703.4010000000001,782.129,1159.0785,2011.94,4407.305,6862.605,11678.95,14161.6,12551.7,9093.485,6212.52,4756.555,3348.9750000000004,2353.4849999999997,2023.6799999999998,1913.24,1804.615,1807.43,1980.6599999999999,2046.76,2239.37,2102.7700000000004,1661.4850000000001,1162.4299999999998,679.903,500.803,484.2395,464.506,468.04249999999996,462.3895,411.87199999999996,338.0905,284.3375,234.6495,207.68849999999998,137.3495,111.5735,71.0909,44.090500000000006,21.264499999999998,12.67265,5.5568550000000005,2.84176,0.018015,0.06414,0.6658499999999999,0.077145,0.057205,0.891285,1.08736
2023-05-01 15:00:00,120.17295,240.97400000000002,312.812,608.9755,928.2705000000001,1684.355,2768.75,4581.645,6521.335,7485.014999999999,6718.39,6819.225,7023.6900000000005,6907.83,6665.174999999999,6985.639999999999,6200.225,4957.835,3520.6,2175.005,1489.35,1563.315,1921.495,1962.355,1537.6599999999999,969.0005,514.7155,474.7715,550.703,569.4755,558.1465000000001,496.2165,487.789,427.0095,358.3855,293.001,212.31650000000002,163.098,118.92699999999999,84.20525,50.2221,25.7038,13.8875,7.462585,3.490005,1.25677,1.723845,2.6827050000000003,1.70919,2.0509,3.2188749999999997,1.7967300000000002
2023-05-01 16:00:00,-28.9081,63.0811,95.8281,221.3405,417.876,890.893,1681.5549999999998,2318.675,2447.465,2322.6549999999997,2519.3599999999997,2914.69,3385.44,4301.110000000001,5501.395,6754.005,6269.3099999999995,5362.37,4562.6900000000005,3387.07,2473.855,2169.5249999999996,1973.315,1644.005,1232.915,770.7795000000001,450.446,364.96799999999996,419.12850000000003,489.3055,560.367,605.4235,540.9185,504.51300000000003,440.9495,367.4935,275.24350000000004,196.756,152.4605,100.01635,66.82235,38.20765,20.5133,10.298275,4.534025,0.51398,0.39004500000000003,0.4423,0.01792,0.018924999999999997,0.05769,0.045774999999999996
2023-05-01 17:00:00,147.19400000000002,145.42600000000002,67.0052,205.019,370.9905,730.877,801.856,557.821,809.7139999999999,1133.355,1557.85,2001.465,2790.455,4387.0,5599.5599999999995,6283.605,5334.325000000001,4206.305,3682.12,3719.885,3863.635,3755.395,3489.08,2852.135,1980.49,1163.045,645.037,459.979,478.2955,538.4304999999999,595.9485,642.9435000000001,623.0264999999999,604.9385,569.24,470.233,292.994,203.33749999999998,138.25099999999998,90.8147,67.05225,26.7089,19.26815,10.936454999999999,7.61872,1.05614,1.303,0.33834,0.32345,0.70742,0.025705,0.02769
2023-05-01 18:00:00,-7.07295,6.4333,19.93955,113.8556,177.062,240.977,269.1725,271.853,481.335,915.9114999999999,1608.31,2872.125,4394.805,6518.135,6838.18,6075.145,4099.415,2740.175,2484.665,3292.6000000000004,4178.405000000001,4764.889999999999,4810.715,4211.12,3215.81,2089.455,1130.35,673.2525,573.9929999999999,642.5295,740.259,764.9865,762.884,692.4235000000001,595.1255,467.6825,323.62649999999996,193.8705,124.374,85.1329,56.313900000000004,31.7115,16.673650000000002,8.290485,6.201085,5.23316,1.02383,0.210205,0.00488,0.013354999999999999,0.02892,0.0010500000000000002
2023-05-01 19:00:00,-19.31805,27.2081,84.32990000000001,242.991,360.696,652.155,512.0315,214.83700000000002,559.644,813.3734999999999,1092.185,1938.14,2990.795,4350.24,5164.965,5407.219999999999,4510.275,3839.885,3316.625,3051.6899999999996,3802.02,4855.865,5770.445,6010.085,5354.05,4009.66,2578.5299999999997,1697.65,1240.805,1025.3735,906.4165,805.1324999999999,751.058,719.6715,640.9735000000001,516.2975,309.92499999999995,200.60950000000003,131.437,88.41915,50.6832,20.3261,4.481955,0.42669500000000005,1.04285,0.01076,0.019244999999999998,0.127365,0.28442500000000004,0.0142,0.03379,0.017905
2023-05-01 20:00:00,0.0,0.0,0.0,44.47235,42.836349999999996,67.5416,88.90575,113.616,185.06150000000002,225.948,402.2115,729.8045,1285.495,2192.855,2801.795,3349.955,3321.425,3025.505,2504.6800000000003,2391.885,2603.685,3404.355,4940.475,6276.425,6266.87,5233.79,3639.575,2409.955,1809.28,1441.6999999999998,1181.815,978.367,843.3705,796.864,672.713,510.3835,312.172,193.6725,138.48149999999998,94.97975,54.0526,46.9307,19.81635,13.430950000000001,8.914760000000001,3.02196,0.024785,0.035879999999999995,1.0485099999999998,0.008525,0.0016150000000000001,0.00893
2023-05-01 21:00:00,0.0,0.0,0.0,0.0,0.0,0.0,0.0,1.138655,31.44575,71.82820000000001,171.567,354.6125,595.8025,874.4055,1478.165,2350.425,2990.785,3193.09,2793.035,2226.275,2009.745,2707.815,4071.64,5536.915,6197.055,5625.715,4099.325,2664.295,1950.705,1487.77,1218.1999999999998,1011.74,904.665,814.2725,697.4685,532.808,316.2835,214.1755,142.7725,90.1736,55.5212,22.4105,16.979750000000003,12.43505,6.46399,2.9039599999999997,3.9027600000000002,2.001565,0.08883,0.00111,0.00045,0.00249
2023-05-01 22:00:00,0.0,0.0,0.0,0.0,0.0,0.0,19.7381,51.547200000000004,62.58370000000001,79.3009,96.97550000000001,207.1945,367.7285,517.773,915.0709999999999,1239.75,1765.44,2077.905,1911.475,1599.635,1793.385,2393.04,3763.2,5461.1849999999995,6332.05,6136.610000000001,5150.9,3649.205,2822.615,2146.26,1620.3200000000002,1304.565,1096.98,958.435,788.8615,611.275,429.92449999999997,290.37699999999995,202.22699999999998,143.057,104.9585,66.4984,32.0792,17.06505,12.318999999999999,6.336445,2.945195,1.4715850000000001,0.589235,0.014345,0.013365,0.00084
2023-05-01 23:00:00,0.0,0.0,0.0,0.0,0.0,0.0,0.0,1.77755,39.8502,70.31225,111.59445,156.586,250.68800000000002,276.53,406.5685,628.681,845.057,1044.135,1108.595,1275.04,1477.01,2227.855,3476.41,5111.9349999999995,6214.45,6466.05,5681.889999999999,4241.37,2979.795,2097.8999999999996,1562.005,1278.505,1133.38,961.7665,777.3785,592.893,423.1805,323.639,255.77100000000002,186.13600000000002,136.812,83.7014,38.2559,20.284950000000002,13.23075,10.71397,3.938225,2.189805,1.52377,0.35962,0.251645,0.18124
2023-05-02 00:00:00,0.0,0.0,0.0,0.0,0.0,0.0,21.0261,0.96201,26.6047,30.2213,34.2432,78.6845,156.567,200.114,185.447,290.34,411.77,558.232,644.175,813.98,1217.23,1954.22,3264.04,4867.88,6173.02,6624.81,6060.47,4451.85,2976.69,1939.32,1336.58,1065.85,994.347,809.47,638.23,538.965,427.843,346.379,264.736,194.912,137.618,77.9025,47.1487,29.21,11.5798,4.50623,3.55703,2.25917,2.71793,1.2103,2.32641,0.82904
2023-05-02 01:00:00,-16.9489,15.3367,47.6223,24.01275,0.0,0.0,0.0,1.7082700000000002,22.88215,29.11095,45.15345,33.34655,5.000344999999999,28.601100000000002,66.80515,110.424,153.906,245.9515,405.919,849.0319999999999,1533.775,2376.91,3739.4449999999997,4847.945,5550.91,5767.719999999999,5251.365,3750.83,2446.08,1534.0700000000002,1045.575,891.1044999999999,749.1655000000001,657.412,578.1315,489.57050000000004,403.402,367.73,303.73900000000003,231.01100000000002,154.0815,88.47765000000001,51.4501,26.5131,11.238399999999999,2.947325,3.18167,1.30732,0.394135,0.073215,0.07814,1.6293250000000001
2023-05-02 02:00:00,0.0,0.0,0.0,0.0,0.0,0.0,0.0,1.242955,25.79725,30.69575,40.08015,20.465,8.126975,32.71735,28.40885,32.17975,104.6108,227.08749999999998,400.6975,856.9755,1517.4050000000002,2623.415,3579.4049999999997,4706.955,5393.254999999999,5554.815,4977.055,3724.87,2481.33,1554.12,1063.635,869.469,787.4545,675.699,586.9425,534.04,448.23900000000003,399.8945,323.9395,250.0075,187.4495,91.87095,55.83455,27.59545,7.753605,2.97852,1.45087,0.760955,0.35283000000000003,0.7744,0.010865,0.001905
2023-05-02 03:00:00,0.0,0.0,0.0,23.42985,0.0,0.0,9.2739,0.50608,8.18505,20.8654,23.63898,43.0096,47.2932,18.549799999999998,26.826549999999997,70.96815,142.094,214.24099999999999,346.735,667.074,1228.92,1941.165,2867.735,3712.27,4435.295,4849.9,4553.67,3505.4449999999997,2414.0550000000003,1510.785,897.9755,778.595,699.8625,622.5885000000001,540.1669999999999,448.2425,384.9605,337.3195,267.44100000000003,208.2875,142.68349999999998,76.4837,45.59715,25.768050000000002,10.177425,0.355895,1.6560350000000001,1.78067,0.5785750000000001,0.33618000000000003,0.00123,0.00021500000000000002
2023-05-02 04:00:00,0.0,0.0,0.0,0.0,0.0,0.0,0.0,0.0,0.0,0.0,0.0,9.5371,5.026675,28.7517,29.281200000000002,14.554575,149.988,257.9295,345.8255,561.9525,972.1095,1773.3,2589.56,3574.3999999999996,4256.4349999999995,4530.215,4260.375,3276.12,2188.4449999999997,1312.885,814.8215,588.0799999999999,561.08,508.4435,448.307,403.56899999999996,301.8755,243.906,192.85199999999998,138.5005,80.33279999999999,49.297,27.98975,12.2155,1.40218,0.668145,1.8444850000000002,1.52262,0.917095,0.004875,3.282725,70.2843
2023-05-02 05:00:00,0.0,0.0,0.0,0.0,0.0,0.0,0.0,0.478985,8.17435,13.7527,2.286595,33.00995,52.8073,40.3967,66.15985,53.2976,111.519,208.127,293.1065,544.373,966.9459999999999,1655.695,2307.7799999999997,3118.465,3752.135,4000.6800000000003,3749.25,2684.5550000000003,1664.98,958.3199999999999,594.9875,409.7205,342.39300000000003,298.3125,265.283,218.2505,152.1685,125.6985,90.4735,59.089150000000004,32.09425,23.700850000000003,12.8079,5.699949999999999,1.435675,0.027145,0.008825,0.0016049999999999999,1.5e-05,0.0,1.53808,33.0633
2023-05-02 06:00:00,0.0,0.0,0.0,0.0,9.49078,46.4325,33.5559,1.01224,28.0217,31.8311,4.84484,20.55,5.51592,31.5501,66.1516,110.58,119.467,176.691,351.555,640.951,1042.45,1625.06,2372.47,3088.86,3537.65,3577.08,2758.51,1635.46,896.05,514.282,391.159,341.643,284.698,202.684,145.447,120.09,72.2849,56.4829,39.1054,21.868,15.3989,6.51005,1.71107,1.14934,0.00097,0.00264,0.00037,5e-05,8e-05,0.00013,0.0,0.0
2023-05-02 07:00:00,0.0,0.0,0.0,0.0,0.0,0.0,0.0,0.98492,27.2654,30.971899999999998,21.032519999999998,43.4436,35.91695,59.66925,70.3348,71.77725000000001,160.7095,246.40050000000002,378.392,615.143,1015.135,1643.315,2336.245,3039.525,3412.535,3325.295,2575.385,1289.02,652.0654999999999,409.647,380.3705,368.355,254.16500000000002,176.75650000000002,115.031,73.6979,51.45145,31.1566,19.76715,15.75915,7.282085,4.83946,1.680635,0.20961,0.001665,0.000135,0.00046,0.00117,0.0,0.0,0.0,0.0
2023-05-02 08:00:00,0.0,0.0,0.0,0.0,0.0,0.0,24.3386,51.118449999999996,32.564,22.57995,25.181214999999998,42.9006,34.15775,28.0823,49.633250000000004,70.25425,176.763,289.32,355.263,647.1175000000001,1061.72,1544.58,2259.85,2856.865,3230.585,3182.575,2433.4700000000003,1179.4,554.2204999999999,311.371,284.426,333.1295,330.985,240.64350000000002,139.60199999999998,89.82974999999999,60.891450000000006,40.93725,24.84245,13.2939,6.13627,3.1259,1.746925,0.686545,0.3077,0.0009,0.000125,0.0,6e-05,0.0001,0.0,0.0
2023-05-02 09:00:00,0.0,0.0,0.0,0.0,0.0,0.0,0.0,1.24235,27.3993,31.1703,45.66675,42.91705,34.19905,20.029049999999998,22.6875,31.758850000000002,119.3365,215.127,337.2095,572.2815,966.8934999999999,1339.2849999999999,2069.7799999999997,2666.2650000000003,3119.945,3188.21,2483.94,1256.595,589.0319999999999,313.1385,254.1635,273.48749999999995,322.93,300.0695,231.86450000000002,151.122,101.0026,70.79455,39.741550000000004,25.34095,17.13465,9.183575000000001,4.85248,3.44395,1.200475,1.8047250000000001,0.53244,0.07884000000000001,0.000495,1.5e-05,0.0,0.0
2023-05-02 10:00:00,0.0,0.0,0.0,0.0,0.0,0.0,0.0,0.98644,21.85425,21.2451,4.70912,10.88455,17.68377,8.80396,27.0381,71.8597,120.80099999999999,182.5845,278.156,472.599,797.5865,1327.12,2041.505,2690.13,3039.7650000000003,3056.27,2356.65,1259.4850000000001,617.664,308.584,200.08350000000002,161.683,197.659,211.702,180.3515,129.9445,77.96594999999999,50.0879,36.079499999999996,26.97045,17.575499999999998,3.872305,3.2497499999999997,2.3189349999999997,0.008465,0.00027,0.0030600000000000002,0.00103,6.500000000000001e-05,0.0,0.47821,10.2798
2023-05-02 11:00:00,0.0,0.0,0.0,0.0,0.0,0.0,0.0,0.0,0.0,0.0,0.0,0.0,0.0,0.0,13.3709,0.11256,57.7848,114.314,189.963,364.404,721.589,1211.13,1882.44,2405.21,2971.37,2998.55,2408.16,1240.78,618.912,330.311,227.687,206.957,191.388,197.395,184.529,143.868,77.1053,49.1322,30.8132,22.7742,11.1724,1.18048,0.00991,0.00015,0.00334,0.11279,0.01599,0.04822,0.00128,2e-05,0.0,0.0
2023-05-02 12:00:00,0.0,0.0,0.0,0.0,0.0,0.0,0.0,0.50744,8.1644,5.2031,2.42243,9.5426,5.00073,18.52843,43.922200000000004,91.05779999999999,127.15,148.293,199.8155,362.578,699.723,1080.7199999999998,1705.71,2359.33,2849.08,3016.465,2539.08,1255.095,585.875,290.661,211.329,180.394,190.3675,191.71,193.873,184.486,147.33350000000002,92.97035,57.6083,28.6443,11.713000000000001,3.8705600000000002,2.802915,2.27696,1.083745,0.00273,0.0029549999999999997,0.002085,0.001525,0.00019,0.000735,0.00013
2023-05-02 13:00:00,0.0,0.0,0.0,0.0,0.0,0.0,0.0,0.0,0.0,5.5937,2.41883,22.3553,50.20315,61.96925,118.82650000000001,93.1062,105.66505000000001,163.402,237.05,356.1005,576.9984999999999,966.9425,1584.21,2282.965,2899.425,3058.77,2562.83,1244.025,534.377,248.1705,184.77,188.46800000000002,215.672,235.02100000000002,228.4795,252.4575,238.326,174.80450000000002,84.98365,25.804000000000002,8.00778,2.35755,3.023555,1.8930150000000001,0.49,0.00144,0.004065,0.001585,0.0,0.0,1.23482,26.505075
2023-05-02 14:00:00,0.0,0.0,0.0,0.0,0.0,0.0,0.0,1.27803,35.3795,22.384549999999997,25.19822,51.16395,50.84465,65.26650000000001,95.56649999999999,114.013,98.4236,108.02815000000001,174.48450000000003,349.6505,600.5715,945.7465,1617.4650000000001,2316.2700000000004,2892.5,2956.08,1949.3049999999998,855.3855,416.52,273.172,243.8915,227.2655,219.61599999999999,186.2585,138.9255,101.06954999999999,68.4514,35.85755,21.8208,12.02805,7.601955,4.183435,2.9034649999999997,1.33852,0.10558,0.00203,0.00166,0.00088,3.5000000000000004e-05,6e-05,0.0,0.0
2023-05-02 15:00:00,0.0,0.0,0.0,0.0,0.0,0.0,17.8219,0.0,0.0,12.1598,35.93925,37.0137,53.96885,60.17535,88.238,73.56875,108.82985,127.1002,163.365,292.054,493.0265,847.5115000000001,1421.575,2201.74,2810.825,3003.215,2353.755,1159.08,596.298,367.53650000000005,300.3655,228.434,218.41899999999998,172.274,111.759,77.55825,32.10355,20.64705,12.23715,7.938095,4.120570000000001,2.877915,1.03801,0.006435,6.5e-05,0.000365,0.00262,0.00102,1.5e-05,5e-05,0.0,0.0
2023-05-02 16:00:00,0.0,0.0,0.0,0.0,0.0,0.0,0.0,1.57785,31.242150000000002,41.0452,9.396875000000001,19.7155,21.3293,42.5338,30.277,34.6417,35.21215,48.69445,90.5986,167.46,304.69849999999997,618.037,1147.06,1916.0349999999999,2673.9049999999997,3092.99,2701.215,1476.69,832.9159999999999,505.3555,345.78,279.1815,187.8085,128.115,80.99155,39.32085,21.0947,17.5866,12.2605,7.229235,0.26098,0.31037,0.033409999999999995,0.002465,0.0018650000000000001,0.00023500000000000002,0.002145,0.00061,0.00039,0.000665,0.8891249999999999,19.110965
2023-05-02 17:00:00,0.0,0.0,0.0,21.57965,6.3471,7.95645,21.91605,25.613844999999998,34.3067,32.23935,29.7214,20.42535,15.5206,4.408755,21.53745,0.201405,54.8274,83.5958,143.953,246.7965,402.6875,661.9315,1108.385,1786.9450000000002,2564.915,3177.7799999999997,3012.675,1929.1799999999998,1210.595,793.1935000000001,570.8955,373.945,280.28700000000003,202.5405,137.09300000000002,88.01605,58.511849999999995,36.10395,21.58595,12.1493,5.819414999999999,0.6081300000000001,0.06363,0.79681,0.24695999999999999,0.065705,0.11402999999999999,0.0015,7.500000000000001e-05,0.0,0.0,0.0
2023-05-02 18:00:00,0.0,17.29715,8.1241,44.48335,4.925915,8.23285,12.77175,0.589915,16.3305,37.8946,45.55805,68.1438,99.1346,121.64750000000001,223.63299999999998,265.28650000000005,446.40150000000006,644.8855000000001,928.289,1254.9099999999999,1616.475,1933.5900000000001,2032.525,2157.88,2192.77,2176.39,1951.23,1340.26,892.1510000000001,625.1535,494.48249999999996,495.543,445.68100000000004,397.2025,329.21450000000004,239.9725,160.048,106.89885000000001,69.40435,40.31485,17.9857,18.259349999999998,9.291784999999999,4.659845000000001,1.249305,0.008475,0.00143,0.0020499999999999997,0.000455,0.0,0.0,0.0
2023-05-02 19:00:00,0.0,0.0,0.0,0.0,0.0,0.0,0.0,2.132995,59.04725,89.19225,77.07565,78.89895000000001,71.37334999999999,160.62,379.2615,641.0925,925.047,1139.6599999999999,1337.545,1558.365,1801.885,2206.675,2275.41,2255.365,2154.5550000000003,1920.635,1532.1100000000001,1034.636,800.6585,729.925,731.3330000000001,675.801,637.0245,544.5305000000001,447.707,332.03499999999997,230.4245,160.94549999999998,118.971,85.79065,50.89490000000001,25.936149999999998,13.4891,5.281225,1.309485,0.731975,0.261645,0.002355,0.001,0.000755,0.0,0.0
2023-05-02 20:00:00,0.0,0.0,0.0,0.0,0.0,0.0,12.8031,4.36187,61.1545,95.6014,145.75150000000002,182.0495,215.6835,234.06150000000002,367.93,578.7080000000001,872.0985000000001,1156.7649999999999,1514.17,1917.74,2168.67,2299.04,2340.73,2348.185,2356.79,2379.31,1952.06,1460.775,1096.125,897.1215,833.5745,803.655,735.7674999999999,655.608,546.1285,424.8895,281.5015,209.0545,162.19299999999998,117.5975,63.53485,42.31825,19.776850000000003,11.561050000000002,6.979035,0.011125,0.00158,0.48599499999999995,0.0029100000000000003,0.000245,0.00095,0.000165
2023-05-02 21:00:00,0.0,0.0,0.0,40.3696,63.1032,48.4451,36.2684,2.17923,60.3274,129.131,193.777,195.073,267.455,448.436,566.748,662.982,859.14,1141.33,1539.74,1992.6,2482.76,2770.81,2710.83,2565.19,2576.47,2635.55,2487.61,1812.15,1355.51,1046.3,899.053,915.707,941.934,850.153,702.025,510.402,319.08,234.803,183.521,138.246,76.6452,48.3205,22.9005,10.568,5.2456,0.01107,0.00384,0.00289,0.70191,1.16752,0.00141,0.00025
2023-05-02 22:00:00,0.0,0.0,0.0,0.0,0.0,0.0,32.72795,84.52940000000001,149.89100000000002,185.541,177.4765,235.11950000000002,290.9385,475.224,611.4860000000001,706.489,1040.8005,1402.225,1619.38,1828.805,2173.75,2406.2200000000003,2640.365,2809.71,2929.205,3016.1549999999997,2840.39,2356.705,1850.79,1501.29,1344.74,1291.98,1076.15,863.7385,641.068,469.467,349.346,250.43,194.16649999999998,146.1355,90.72715,57.5119,30.47915,14.03645,7.688255,1.500175,0.213335,1.13534,0.912195,0.33074499999999996,1.03938,2.12893
2023-05-02 23:00:00,0.0,17.6355,8.31385,20.79685,18.6888,52.51945,92.54220000000001,57.61175,167.014,188.39,203.1445,179.626,195.618,389.6165,493.1055,421.1485,591.528,728.7445,1103.4850000000001,1392.875,1714.805,2121.9750000000004,2233.395,2499.565,2767.9849999999997,2965.37,2850.1,2275.0249999999996,1758.56,1346.645,1058.539,935.9235,742.5695000000001,615.1185,492.93399999999997,381.3965,330.3515,265.435,196.7295,135.38150000000002,81.51405,52.4204,29.98075,15.97965,8.6091,2.99871,1.51732,0.95215,0.078975,0.004285,0.0,0.0
2023-05-03 00:00:00,0.0,0.0,0.0,0.0,11.092500000000001,55.8204,67.83915,90.69625,81.0365,94.0558,144.7625,216.651,274.8755,345.42100000000005,400.3315,538.2475,537.4815,596.7909999999999,770.649,1189.885,1626.385,2001.655,2212.1099999999997,2480.045,2725.575,2785.395,2688.02,2051.825,1547.425,1100.565,817.627,669.05,581.502,560.4865,502.92650000000003,407.14300000000003,322.7955,240.5685,189.197,138.1145,86.88025,59.0916,32.67375,15.05735,8.519535000000001,5.953685,1.979465,1.6838449999999998,1.42268,0.8364050000000001,0.199325,0.071185
2023-05-03 01:00:00,0.0,0.0,0.0,0.0,0.0,0.0,0.0,2.636735,54.5222,57.3786,44.41385,121.184,186.409,273.154,416.22450000000003,588.365,720.5895,871.648,1071.165,1391.1,1704.445,2030.605,2156.985,2297.5699999999997,2409.0,2498.665,2351.3199999999997,1903.4499999999998,1450.0349999999999,1058.505,825.6659999999999,646.1275,623.241,551.6455000000001,509.929,445.6355,303.40049999999997,273.8815,208.752,151.2835,98.56809999999999,56.644949999999994,35.6932,16.4544,8.77319,3.09362,0.51416,1.33894,0.661215,0.0,0.307745,0.084695
2023-05-03 02:00:00,0.0,0.0,0.0,0.0,0.0,0.0,24.58095,30.594765000000002,33.317099999999996,65.089,176.50400000000002,239.49,281.22400000000005,431.1715,602.89,924.8125,1254.995,1505.53,1756.83,2083.95,2262.615,2505.89,2569.985,2652.6000000000004,2641.02,2624.2250000000004,2491.5,2013.4699999999998,1564.775,1192.315,911.6179999999999,656.4425,620.0274999999999,550.1095,514.6115,465.0635,375.75,283.011,196.6725,133.3145,95.1204,44.716499999999996,31.0227,13.901599999999998,4.185734999999999,4.3305299999999995,2.993265,1.632655,1.48955,1.76167,0.630015,0.050915
2023-05-03 03:00:00,0.0,0.0,0.0,23.68565,45.5606,21.19695,11.08265,2.038855,67.1087,86.57935,72.468,139.358,191.71050000000002,327.442,519.0415,788.267,953.986,1277.205,1534.5549999999998,2006.7400000000002,2470.495,2866.17,2997.665,3015.87,2923.67,2788.545,2617.775,2149.5950000000003,1654.9099999999999,1277.4299999999998,1000.6825,784.2905000000001,653.0319999999999,571.4010000000001,492.097,423.8275,343.01800000000003,268.5345,214.18200000000002,121.9265,73.79804999999999,57.804249999999996,30.20695,18.4679,8.95803,2.8103100000000003,0.8725449999999999,1.253885,1.11479,1.148625,0.006455,0.0441
2023-05-03 04:00:00,0.0,0.0,0.0,23.19655,40.67555,10.77845,25.227849999999997,60.7334,56.6561,64.0442,87.34415,170.53300000000002,242.8715,279.69100000000003,411.1385,570.2955,748.727,939.4825000000001,1208.935,1697.26,2306.635,2696.34,3083.795,3014.21,2988.295,2890.34,2648.4849999999997,2239.37,1743.85,1334.665,1068.1999999999998,887.712,745.1685,624.4735000000001,526.8109999999999,424.8755,320.6245,259.041,188.216,130.60899999999998,91.6625,37.516099999999994,20.7317,12.9955,7.971489999999999,4.05095,2.5825,1.658635,1.12297,0.62313,0.77533,0.12715500000000002
2023-05-03 05:00:00,0.0,0.0,0.0,68.28225,85.21119999999999,69.0489,136.6455,160.2073,105.79595,118.77700000000002,146.411,179.375,221.87900000000002,375.90999999999997,496.11199999999997,605.31,720.8644999999999,839.6115,1007.5685000000001,1419.435,2020.3600000000001,2772.195,3278.315,3485.2799999999997,3331.245,3059.7799999999997,2769.1949999999997,2312.9849999999997,1764.5900000000001,1345.49,1111.92,970.155,780.886,666.4755,548.1804999999999,408.35249999999996,327.67449999999997,212.0635,173.434,131.284,71.77285,50.02865,29.156950000000002,11.55935,8.767465,9.18101,1.9024900000000002,1.629765,1.5567199999999999,1.0007549999999998,0.33525,0.871395
2023-05-03 06:00:00,104.093,93.30855,52.56265,29.5217,13.0497,21.9975,46.98205,27.568065,48.10695,85.4628,145.7995,160.3955,185.605,256.25,356.5465,324.90999999999997,567.1105,722.5795,918.6245,1315.8449999999998,1958.0,2642.37,3139.165,3320.795,3233.8900000000003,2990.4049999999997,2736.0699999999997,2231.145,1725.115,1348.32,1132.365,1000.769,842.672,654.64,521.2735,411.2065,320.5665,220.0895,159.269,105.07300000000001,67.90885,42.58425,21.558149999999998,9.94546,4.570825,1.463925,3.10378,1.340735,0.80281,0.9635,0.742025,0.13107
2023-05-03 07:00:00,0.0,0.0,0.0,0.0,6.5162,10.88095,35.8245,1.5486900000000001,50.974999999999994,61.83865,119.40299999999999,115.78659999999999,143.161,280.87699999999995,478.497,637.015,592.7629999999999,660.274,733.4725,1176.505,1825.57,2389.135,3102.17,3276.5,3274.8199999999997,3115.95,2807.535,2260.8199999999997,1709.9,1303.1750000000002,1104.695,989.9200000000001,843.939,673.8855,538.0675,433.4565,332.562,215.2815,140.5805,97.31945,51.578450000000004,38.13805,17.02915,9.92492,6.517695,3.0678199999999998,3.29571,1.12564,2.113185,2.417105,0.00372,0.02543
2023-05-03 08:00:00,-42.66395,36.711299999999994,116.0865,88.0962,91.33744999999999,214.7935,238.119,182.2185,138.27824999999999,139.697,140.981,214.365,237.7945,227.3445,340.891,473.1115,643.5805,743.605,793.361,1031.31,1479.1,2183.4350000000004,2853.485,3328.4849999999997,3328.5150000000003,3090.695,2719.035,2252.595,1690.835,1305.615,1068.955,960.9755,799.6725,675.9345,546.8875,430.0895,311.817,202.603,144.738,100.0406,55.13235,31.8367,26.88165,16.347450000000002,8.269665,3.715595,1.97973,0.77197,0.291855,0.45663,0.14767,0.11807500000000001
2023-05-03 09:00:00,0.0,0.0,0.0,94.62989999999999,93.2714,116.7552,106.09985,152.4905,158.286,158.2115,139.213,172.18900000000002,164.3165,348.8965,505.48199999999997,643.857,851.7125,1051.21,1035.5149999999999,1134.4,1462.2150000000001,1983.15,2637.8,3215.34,3324.365,3210.75,2950.515,2290.215,1793.375,1341.1100000000001,1077.095,1022.7650000000001,880.7215,673.967,545.5785000000001,467.27,382.849,281.2165,199.5435,123.32749999999999,69.64675,49.8192,31.68275,21.70555,16.961000000000002,14.033005,3.819695,4.817164999999999,2.5056,0.435495,6.837965,3.05505
2023-05-03 10:00:00,0.0,0.0,0.0,0.0,5.8043,29.2089,37.368449999999996,57.1151,58.273700000000005,74.2635,61.94715,150.3355,269.321,317.597,350.1325,499.49350000000004,549.2909999999999,479.273,625.571,1032.525,1460.97,1728.705,2258.35,2454.1400000000003,2384.075,2140.6400000000003,1657.89,1321.53,1143.23,1028.702,925.269,787.4475,621.1635,474.6245,388.24,348.9655,294.1175,209.626,136.5005,88.35544999999999,51.247699999999995,25.129649999999998,20.8242,9.860185,2.47914,2.8717949999999997,0.694485,1.12832,1.5071050000000001,1.3170600000000001,2.3262,0.196545
2023-05-03 11:00:00,0.0,0.0,0.0,0.0,38.92695,60.46465,58.81185,58.89295,55.383050000000004,64.0188,74.7146,106.2251,206.387,426.37,588.999,787.8610000000001,668.0125,652.0065,618.2685,987.0070000000001,1612.315,2324.185,2673.33,2523.55,2319.0699999999997,1998.96,1481.365,1173.365,1008.1165,913.7194999999999,826.848,707.5665,568.7249999999999,408.221,338.92949999999996,317.175,296.252,226.804,148.70749999999998,97.12725,56.43025,25.1754,18.96935,10.16722,3.442685,1.820205,2.6012649999999997,1.06086,1.241545,1.557,0.412125,1.011135
2023-05-03 12:00:00,0.0,16.78925,9.5687,0.0,38.01515,140.7495,119.518,55.27315,57.631099999999996,94.9023,135.83,213.1005,233.70000000000002,322.4675,508.859,698.8485000000001,815.806,913.4705,924.2625,1088.5349999999999,1573.225,2567.73,3194.67,3040.9,2661.65,2093.0299999999997,1528.0500000000002,1121.8449999999998,979.8115,892.4935,786.4355,740.0895,542.1595,388.839,312.33450000000005,300.0045,292.5825,229.56349999999998,160.03,101.87475,55.4456,27.710700000000003,8.17261,3.23502,2.83149,0.078215,0.04758,3.0763350000000003,2.282685,0.76728,0.150845,0.05139
2023-05-03 13:00:00,-18.9745,34.8749,61.09085,48.1419,54.052800000000005,89.59944999999999,156.166,172.178,237.785,342.4085,462.52549999999997,484.602,514.767,452.495,637.7825,906.3685,1030.483,983.3035,831.435,1116.415,1852.57,2935.185,3466.715,3193.0950000000003,2662.66,2009.1,1486.81,1061.76,903.7645,840.1765,791.5545,688.558,556.6945000000001,393.89099999999996,292.121,270.7525,241.1705,214.26600000000002,153.04199999999997,97.0685,56.8973,34.194199999999995,18.79825,10.384540000000001,3.710185,1.679435,2.43281,3.103585,1.33579,0.001725,0.13758,0.229155
2023-05-03 14:00:00,0.0,0.0,0.0,52.7442,83.7228,59.8107,142.076,117.792,186.285,257.979,246.84,441.836,661.266,669.462,624.756,472.238,775.724,954.183,1219.62,1663.52,2426.78,3191.72,3498.61,3276.45,2623.77,1883.09,1241.46,897.14,826.511,832.296,840.496,809.853,800.086,607.072,414.766,277.243,220.564,200.258,148.589,93.3215,47.4322,26.5388,17.4645,10.2968,4.10429,0.18288,1.05333,1.55135,0.92919,0.28524,0.73377,0.0593
2023-05-03 15:00:00,-34.9783,119.88964999999999,190.322,254.5695,172.1165,203.959,252.077,440.7675,393.02549999999997,438.648,625.7755,471.4575,306.19050000000004,293.8,343.483,461.48199999999997,685.393,834.7275,911.082,1116.1599999999999,1489.9650000000001,1881.88,2246.87,2377.755,2094.27,1635.7350000000001,1258.23,840.6514999999999,696.27,694.4,757.677,802.6525,755.263,586.4445000000001,427.4385,299.39250000000004,226.012,182.16,129.5155,92.53155000000001,63.46235,30.450450000000004,14.45385,8.653895,4.1665,2.27448,2.39406,1.945,0.804345,0.32696,0.850975,0.14277499999999999
2023-05-03 16:00:00,98.9365,118.4578,112.533,91.62965,88.56085,151.83825,176.07864999999998,113.3266,537.8945,590.1505,471.8475,485.3325,453.31149999999997,307.47749999999996,272.354,314.59,417.669,512.36,632.4825000000001,795.011,1051.66,1389.21,1958.1149999999998,2374.16,2366.7349999999997,1973.99,1094.05,691.7705000000001,582.094,603.8115,676.162,769.617,701.7085,570.435,429.4075,326.4955,265.0765,248.026,173.135,104.30525,68.5722,26.5002,20.36995,8.16925,3.849125,1.669845,1.28838,0.583365,0.814285,1.0284200000000001,0.54033,0.06579
2023-05-03 17:00:00,0.0,18.54785,49.79865,102.09774999999999,75.6155,20.03715,22.554699999999997,57.9159,92.24885,138.4295,237.846,310.119,337.139,346.25750000000005,346.0915,352.74649999999997,431.174,560.4345000000001,691.402,948.493,1311.44,1820.915,2186.98,2171.815,1646.9699999999998,968.1865,457.46500000000003,340.863,320.38599999999997,312.0235,313.78650000000005,336.0435,340.413,387.408,400.56,390.6305,327.808,257.25800000000004,194.00400000000002,140.8235,92.4067,48.71195,26.13025,10.6385,4.93319,5.893885,4.301195,2.290185,0.9148999999999999,1.29403,2.11006,0.23029499999999997
2023-05-03 18:00:00,0.0,14.4517,45.69835,45.30815,48.1391,66.5716,121.0282,142.736,208.7135,238.97699999999998,220.24099999999999,290.54499999999996,255.1225,249.0245,313.9275,445.011,558.967,593.6514999999999,795.7660000000001,942.673,1138.49,1352.6599999999999,1607.245,1468.4499999999998,1109.83,682.1845000000001,373.7255,298.1255,290.072,285.1055,278.1885,226.45100000000002,255.2145,341.30449999999996,387.95349999999996,377.9115,320.2015,285.0795,236.739,158.4105,88.40365,43.9876,24.4287,10.9849,2.92675,0.7111050000000001,1.3825100000000001,0.739395,0.6308050000000001,0.71378,0.30331,0.26824
2023-05-03 19:00:00,63.6715,44.21635,8.618895,12.8968,0.0,0.0,35.86135,86.11155,77.73335,118.706,181.2295,218.051,250.97750000000002,207.98,277.47900000000004,387.07050000000004,526.953,649.3085,692.874,869.585,1097.0349999999999,1341.845,1510.0900000000001,1327.81,991.438,581.6195,287.783,172.04700000000003,127.9615,126.6275,136.176,184.2225,245.69850000000002,327.847,392.3655,399.6755,349.36800000000005,302.55449999999996,228.506,161.374,101.14609999999999,56.55045,30.93505,13.86265,6.405995,5.239165,1.5101849999999999,0.374365,0.40815,0.15683,0.207855,0.016795
2023-05-03 20:00:00,0.0,0.0,0.0,0.0,19.5929,68.5042,163.1421,144.12095,603.7565,848.4599999999999,945.307,1202.695,1528.8380000000002,1902.35,2018.455,1923.6129999999998,1547.8049999999998,1311.8865,1310.891,1285.479,1406.435,1718.1550000000002,1696.4850000000001,1242.27,821.505,477.0685,227.312,142.053,134.25650000000002,130.1595,148.05849999999998,177.386,244.507,328.572,384.338,435.026,436.38800000000003,324.8995,222.1245,155.5855,102.83,53.6697,26.614199999999997,10.41443,4.95867,3.07925,3.609,3.45734,2.4042399999999997,0.47529,0.142685,0.01153
2023-05-03 21:00:00,0.0,0.0,0.0,0.0,30.779200000000003,154.889,355.402,718.513,1296.75,2245.3900000000003,3631.27,4740.030000000001,5807.15,6413.775,6939.46,6842.540000000001,6785.41,6588.4400000000005,5919.615,5386.245,4808.5599999999995,4079.61,3226.1949999999997,2215.66,1305.6,667.604,329.99300000000005,228.685,189.32350000000002,154.40800000000002,153.841,195.412,182.5445,206.0895,234.543,244.6515,258.0545,225.1095,181.28300000000002,139.519,93.28795,46.07215,29.5916,16.1218,7.710934999999999,1.246785,2.868995,1.005115,1.193255,1.285395,0.30129,0.19331
2023-05-03 22:00:00,0.0,12.35065,5.84535,0.0,21.05835,105.97149999999999,246.982,383.2925,990.0115000000001,1559.8400000000001,2306.95,3027.675,3957.99,4643.610000000001,5319.610000000001,5891.07,7043.68,7449.594999999999,7136.775,6453.645,5783.365,4800.655,3721.87,2554.915,1523.6149999999998,791.3815,418.0765,243.0045,182.7275,138.74,117.311,144.4315,140.7145,181.107,211.463,226.863,233.007,224.08249999999998,187.7455,143.756,100.9383,62.53905,30.29625,14.5747,7.949535000000001,0.31058,0.36817500000000003,0.30588499999999996,0.306185,0.23466,0.814835,2.553415
2023-05-03 23:00:00,0.0,0.0,0.0,0.0,64.59895,237.70999999999998,569.5715,828.0835,1524.325,2227.455,2681.835,3227.285,3937.48,4424.8099999999995,5381.985000000001,6196.530000000001,7250.655,7088.04,5577.219999999999,4417.865,3765.13,3140.795,2523.3149999999996,1762.17,1038.3915,508.282,281.543,186.8435,168.59300000000002,149.2665,154.06900000000002,148.434,164.07999999999998,176.844,209.238,241.25,267.017,264.7315,206.2345,150.7505,107.2025,61.70185,36.642250000000004,22.77525,11.49705,3.4474650000000002,0.8540399999999999,0.34642,1.567595,0.6550050000000001,0.65543,0.13833499999999999
2023-05-04 00:00:00,-31.29715,32.2219,85.73740000000001,51.63315,52.313550000000006,89.18854999999999,130.96065,238.8115,778.0184999999999,1278.4,2038.185,2531.165,2962.785,3924.815,5067.1849999999995,6269.055,6438.72,6000.885,4881.3099999999995,3842.9049999999997,3128.7200000000003,2536.02,2035.38,1341.6750000000002,765.8005,425.99199999999996,234.2415,207.3595,175.55450000000002,161.50650000000002,166.62099999999998,182.184,211.051,223.875,234.284,246.569,282.0555,239.75099999999998,218.65449999999998,162.11450000000002,97.8569,62.73125,32.46035,17.865650000000002,8.793520000000001,4.477655,0.004695,0.069465,0.7511000000000001,1.979175,0.68437,0.031545000000000004
2023-05-04 01:00:00,98.596,95.2082,33.927800000000005,0.0,9.440560000000001,46.79255,98.70705000000001,115.94399999999999,209.298,404.278,767.822,1256.705,1768.5500000000002,2736.59,4020.925,5399.99,6667.514999999999,7312.545,6674.389999999999,5315.4349999999995,4114.389999999999,3204.5249999999996,2688.8450000000003,1924.025,1228.7150000000001,660.2985000000001,340.953,255.0365,223.3395,205.3135,208.449,235.85750000000002,223.4795,230.25650000000002,239.37099999999998,257.32349999999997,272.126,256.6195,220.067,167.11950000000002,109.195,65.82975,39.54925,21.53095,11.6024,8.531744999999999,1.6881249999999999,1.21176,0.890405,0.66134,0.47064,0.8033049999999999
2023-05-04 02:00:00,0.0,14.74575,11.2928,0.0,0.0,0.0,18.6625,22.890615,47.2029,118.7945,256.73900000000003,483.5915,920.74,1526.49,2420.0950000000003,3534.97,4843.905,5848.344999999999,6228.33,6012.205,5186.540000000001,4303.764999999999,3511.71,2678.3149999999996,1792.54,1021.885,491.703,245.04500000000002,184.1265,175.328,175.15300000000002,162.3125,162.524,176.084,203.97899999999998,242.401,272.6255,259.8875,212.1815,164.48899999999998,108.5615,64.96005,43.63465,23.2303,10.240935,6.84028,3.217395,0.714535,0.011314999999999999,0.011869999999999999,0.0011450000000000002,0.000185
2023-05-04 03:00:00,0.0,0.0,0.0,34.7941,27.3968,7.21965,0.0,0.21545,6.4653,92.79570000000001,221.6125,487.0475,833.735,1346.46,1973.495,2733.56,3749.245,5000.165,6164.07,6325.115,6246.625,5638.87,4754.255,3494.925,2345.025,1299.12,607.4014999999999,286.47299999999996,189.128,159.97699999999998,153.26850000000002,161.409,157.623,183.59449999999998,187.9525,211.6335,274.047,263.76099999999997,211.8685,166.52949999999998,114.20500000000001,63.4958,39.549949999999995,18.1012,2.54772,0.42467,1.736575,0.74834,1.921155,3.370745,1.20381,0.68127
2023-05-04 04:00:00,0.0,29.43255,11.0251,47.1635,0.0,0.0,42.8218,108.8124,118.38555,136.681,225.067,456.52250000000004,733.6914999999999,1011.8599999999999,1565.7,2348.505,3127.75,3902.795,4452.26,5049.3150000000005,5251.5650000000005,4802.834999999999,4218.514999999999,3076.205,2033.215,1125.155,548.7925,294.76599999999996,193.622,161.95,153.109,154.74200000000002,170.9885,181.04149999999998,226.17649999999998,267.4765,284.27700000000004,256.498,212.07049999999998,156.685,110.018,66.38785,31.9658,21.0015,13.296,5.63769,1.76841,0.5220199999999999,1.275755,0.52885,0.006319999999999999,0.012285
2023-05-04 05:00:00,0.0,27.92925,11.1168,53.2134,67.6987,17.840049999999998,8.39945,3.1729450000000003,79.4546,146.458,190.46699999999998,322.4845,501.85699999999997,786.7574999999999,1195.72,1647.44,2388.42,3224.3050000000003,3836.0550000000003,4556.46,4811.195,4589.835,3967.565,3065.58,2132.88,1264.625,663.3455,324.0865,211.0655,164.846,153.78300000000002,153.8515,164.94,186.45350000000002,224.07,261.629,289.948,269.11400000000003,207.892,152.3795,100.0932,63.98555,39.033,24.75555,14.60325,3.73252,0.79571,0.4303,0.39033,1.09277,1.480005,0.062415
2023-05-04 06:00:00,0.0,29.2443,22.250500000000002,33.6309,57.9464,65.0039,78.13635,106.88300000000001,166.4675,245.8145,229.783,359.5185,526.7555,778.2335,1032.85,1256.0,1847.7199999999998,2416.46,2819.41,3468.25,3867.8549999999996,3893.71,3680.125,2972.825,2210.375,1479.025,806.314,414.0565,249.2975,183.12099999999998,163.76749999999998,153.7835,174.27949999999998,193.2485,213.381,235.421,273.15049999999997,258.31600000000003,221.623,170.8955,112.0275,67.7441,32.8179,18.020049999999998,6.05211,0.83311,1.6992099999999999,1.1405699999999999,1.272075,0.378065,0.8287800000000001,0.360425
2023-05-04 07:00:00,0.0,15.02255,10.97285,24.07255,5.0075,24.81985,28.52845,46.18075,88.0978,143.683,174.523,354.53200000000004,498.5455,872.1800000000001,1377.015,1765.04,2067.465,2356.01,2597.575,2883.25,3132.965,3280.365,3265.045,2599.18,1970.275,1295.4299999999998,748.251,429.158,238.3005,151.359,128.5915,140.75,146.6565,182.11700000000002,203.311,216.7535,236.5105,231.951,200.8345,157.32150000000001,99.52629999999999,74.5838,39.14265,21.62265,11.86514,8.484385,0.972665,0.5531950000000001,0.227385,0.00159,0.0008900000000000001,0.00039499999999999995
2023-05-04 08:00:00,58.2115,80.9695,11.29285,14.4811,10.48965,10.0513,17.25975,42.69285,107.4635,210.878,309.161,524.049,856.85,1460.62,2183.785,3065.3050000000003,3191.085,3229.9700000000003,2802.745,2310.5550000000003,1990.27,1651.995,1433.17,1223.605,942.8009999999999,676.4875,423.7445,235.06,146.91199999999998,131.368,136.337,135.5315,150.2235,144.08350000000002,165.6175,197.9445,212.9525,213.2345,187.12900000000002,152.3505,103.606,56.404250000000005,37.505250000000004,24.39235,10.738,3.221215,1.5268799999999998,0.44323500000000005,0.012185,0.007075,0.00084,0.000975
2023-05-04 09:00:00,0.0,14.7458,10.956,37.42725,5.0628,25.0939,19.3748,0.71467,21.446150000000003,71.4876,170.4725,300.875,441.097,749.6245,1129.09,1448.38,2053.145,2543.565,2780.2,2684.845,2230.665,1641.445,985.0374999999999,634.6065000000001,392.879,232.54649999999998,129.14600000000002,108.3035,116.1785,122.1395,117.88900000000001,120.833,128.4665,94.3443,100.58155,109.221,109.048,121.18299999999999,102.1115,89.4036,62.54575,23.253950000000003,20.5791,8.6357,3.474555,2.627435,1.017,0.54558,0.00722,0.0,0.00012,0.00066
2023-05-04 10:00:00,-12.8755,25.8205,81.32885,70.59455,33.584849999999996,45.8809,27.507849999999998,0.856085,25.68985,55.7774,46.675399999999996,128.0285,236.30700000000002,459.2355,676.5889999999999,797.6985,1544.065,2173.17,2325.91,2476.585,2280.8199999999997,1702.7800000000002,1090.33,623.6265000000001,335.284,165.29000000000002,103.407,73.61485,75.14095,82.77574999999999,96.7307,108.8655,128.45350000000002,127.7605,110.3375,94.2654,111.934,121.116,126.452,105.424,61.86345,36.72705,14.3305,7.39906,5.04235,2.3944650000000003,0.00198,0.0279,0.00766,0.004695,0.001365,0.0019749999999999998
2023-05-04 11:00:00,61.6205,87.3565,70.915,34.7911,37.41685,10.08915,36.0766,26.27198,94.78895,116.548,150.147,116.3775,137.2025,273.58,476.76700000000005,728.337,1065.81,1388.04,1780.91,2002.995,1755.1100000000001,1584.715,1143.7,631.1890000000001,317.9725,146.735,81.82570000000001,68.70615000000001,71.21600000000001,83.88929999999999,95.28625,117.842,114.811,122.9535,138.1735,150.132,171.2415,160.9275,149.777,115.68350000000001,67.34935,47.06725,15.84215,8.924900000000001,4.973345,1.584895,1.695565,1.15277,0.29682,0.00343,0.00228,0.0008749999999999999
2023-05-04 12:00:00,358.57050000000004,350.4775,173.7005,104.75344999999999,54.35705,119.62389999999999,129.5348,130.85155,81.74645000000001,105.5344,119.371,162.329,300.4785,566.1305,732.1745,887.3389999999999,1062.79,1230.4250000000002,1159.47,1046.212,883.3399999999999,701.2525,485.87350000000004,329.034,179.707,92.52029999999999,74.15899999999999,67.8777,59.09525,77.4019,101.52584999999999,132.927,155.364,149.19850000000002,159.3305,171.98450000000003,199.49099999999999,198.146,174.131,118.12049999999999,72.20635,51.29155,17.736,10.9416,5.801895,0.140855,0.09399,1.52846,1.80335,0.69173,0.007885,0.00702
2023-05-04 13:00:00,488.482,575.9535000000001,414.2825,1431.06,2310.875,2116.1850000000004,1611.65,950.2375000000001,806.1714999999999,553.354,474.259,377.3885,375.2155,776.2935,1138.835,1576.885,2144.105,2538.305,2686.215,2684.29,2638.375,2466.3450000000003,1688.4850000000001,876.642,358.797,142.2525,82.59055000000001,97.02105,124.03014999999999,168.1985,197.176,223.848,223.899,211.897,207.4445,196.3855,187.2145,191.4215,167.466,122.1575,64.7921,46.0179,18.142,9.324665,6.72267,2.14686,0.0339,0.053095,1.5976400000000002,2.056715,0.89177,0.983715
2023-05-04 14:00:00,-89.0646,497.914,811.3685,1464.1100000000001,1882.5149999999999,1649.915,1694.0149999999999,2018.6100000000001,2583.0,2507.645,1736.3899999999999,1215.5549999999998,750.3365,553.2385,673.577,1113.6,1531.845,2138.38,2846.795,3626.075,4139.705,4030.27,3047.2250000000004,1521.27,630.0095,200.53750000000002,96.32985,155.942,202.385,281.187,333.0005,320.475,295.6705,264.73,243.8615,217.714,183.24,155.897,135.4675,105.25649999999999,73.46515,32.0923,18.652549999999998,9.80641,6.26909,3.443215,0.004475,0.010685,1.920025,3.24655,1.646035,1.05514
2023-05-04 15:00:00,-52.2746,402.921,849.9255,1783.1399999999999,2723.9750000000004,2229.625,1924.295,1950.5,2747.715,3611.885,4627.055,4473.12,3864.81,2819.83,2017.49,1634.6399999999999,1968.7150000000001,2300.13,2878.5299999999997,3552.0299999999997,4365.405,4538.835,4252.52,2664.995,1425.92,578.0325,235.5095,230.21800000000002,238.2615,265.174,292.77599999999995,350.8935,336.3375,311.1405,259.69050000000004,193.99200000000002,174.35500000000002,164.72750000000002,140.98149999999998,99.3424,53.9881,25.175449999999998,18.084850000000003,8.0892,0.26519499999999996,0.02471,0.00144,0.015485,0.08573,0.44814,0.799605,0.071275
2023-05-04 16:00:00,0.0,124.37469999999999,154.09035,249.5,439.842,909.454,1535.135,2161.545,3545.315,4443.43,4899.555,4141.375,3245.075,2845.7,2377.475,1924.42,1720.19,1724.865,1858.24,2326.015,2678.76,2721.1949999999997,2482.19,1591.9,793.784,302.42600000000004,173.722,234.648,279.9975,269.0335,239.911,249.93099999999998,317.5265,329.69,284.6775,230.7145,199.642,209.049,177.67000000000002,136.19650000000001,86.9169,48.20745,26.0544,15.363900000000001,9.016224999999999,4.151875,0.491335,1.14503,0.441115,0.008495,0.29906,1.300365
2023-05-04 17:00:00,20.34619,98.94535,87.90979999999999,325.425,443.22950000000003,548.9745,710.779,881.4214999999999,1521.73,2051.335,2755.23,2877.865,2943.565,3252.2250000000004,2871.0299999999997,2051.67,1470.13,1248.9099999999999,1167.77,959.5405000000001,888.1524999999999,841.611,759.7975,557.5129999999999,296.5955,134.66649999999998,77.63884999999999,100.2105,123.249,149.85649999999998,186.652,235.4455,257.318,263.324,241.99349999999998,208.413,179.93200000000002,177.5145,144.84949999999998,104.0595,72.51165,49.5687,24.4565,13.4759,7.653785,0.7501800000000001,0.83343,1.30259,0.653725,0.130215,0.437095,0.10844999999999999
2023-05-04 18:00:00,80.87305,124.5711,121.62049999999999,211.26600000000002,331.3815,666.7135000000001,955.949,1596.0500000000002,2215.225,2857.175,3542.07,3414.805,3063.215,2605.09,1991.905,1160.1100000000001,1289.62,1244.165,1252.96,1269.665,1298.145,1220.74,970.8365,588.3779999999999,310.1965,158.13150000000002,114.5515,130.3755,127.174,134.8165,166.1055,233.67000000000002,254.423,244.9965,227.00900000000001,215.39600000000002,202.9755,189.4005,168.04199999999997,126.6405,82.75874999999999,59.27035,31.647199999999998,19.1628,11.926449999999999,3.7630049999999997,0.022605,0.657275,0.722055,0.886085,0.24616,0.745195
2023-05-04 19:00:00,0.0,60.75195,69.89175,62.10465000000001,149.609,489.275,886.5295000000001,1209.744,1734.9299999999998,2326.81,3006.265,2923.975,2749.29,2088.455,1484.23,887.3665,1033.473,1202.5,1386.1100000000001,1440.69,1426.17,1205.5900000000001,859.178,543.755,293.738,142.1095,85.44784999999999,83.37095,109.63095000000001,139.173,178.2805,229.72,291.9235,270.5565,235.1095,210.93,215.8225,190.885,154.695,116.80250000000001,80.35300000000001,43.043400000000005,29.111800000000002,15.549299999999999,6.267440000000001,1.11367,0.003385,0.9388700000000001,1.39883,2.158375,0.1855,0.58955
2023-05-04 20:00:00,0.0,0.0,0.0,78.7038,166.047,329.207,663.0515,1080.45,1528.38,1857.52,1843.71,1687.365,1339.04,1140.78,1048.279,832.957,983.3895,1059.26,1005.9545,852.767,698.3444999999999,627.6065,391.991,215.349,116.17150000000001,76.3002,64.5475,66.2834,79.42259999999999,107.1345,155.34050000000002,225.872,256.1025,261.1645,260.5325,237.3755,230.5065,209.9075,177.75650000000002,132.96699999999998,91.39345,61.6508,26.160800000000002,13.00995,9.67494,5.595625,3.661605,1.1152549999999999,0.50972,0.511595,0.08483500000000001,0.334955
2023-05-04 21:00:00,0.0,0.0,0.0,29.53465,87.67099999999999,213.748,444.784,585.616,1087.74,1546.81,1419.745,1360.255,1285.6799999999998,1360.185,1404.94,1420.975,1340.54,1247.02,1284.78,1358.3400000000001,1261.145,866.1995,503.35249999999996,279.3705,166.875,106.98345,76.0938,84.9763,101.3767,135.131,188.8005,226.7975,237.6735,249.06900000000002,245.7125,243.12599999999998,257.779,234.98399999999998,192.3635,147.288,96.0519,65.11695,37.50105,21.9411,10.698049999999999,4.08383,0.650955,1.70268,1.4664899999999998,1.044885,0.0,0.0
2023-05-04 22:00:00,-16.4417,57.3345,53.89535,22.9145,28.5951,141.73250000000002,236.381,395.4055,702.458,925.8395,714.7629999999999,687.9945,704.2205,871.568,1121.355,1410.51,1840.44,1976.03,1726.21,1675.62,1393.5900000000001,1133.105,727.1375,427.2415,252.0445,165.1495,119.703,129.7975,133.273,140.982,164.14,183.96050000000002,196.138,219.122,237.577,252.3895,262.79049999999995,246.9425,204.8635,157.1315,105.2175,64.86215,34.98955,17.578249999999997,9.84724,2.3527649999999998,0.013295,0.138805,0.0013,0.00317,0.003555,0.00023
2023-05-04 23:00:00,0.0,0.0,0.0,15.7734,17.32332,56.36485,135.9075,203.5465,434.55150000000003,849.7125000000001,1358.55,1550.145,1598.83,1336.3899999999999,1335.405,1468.6100000000001,1724.7800000000002,1960.575,2048.795,2046.6750000000002,2032.245,1651.5149999999999,1120.405,693.1895,446.19849999999997,272.9105,174.922,125.8465,137.317,148.93900000000002,166.3025,187.879,172.571,192.88150000000002,213.885,245.714,277.957,259.26099999999997,198.8745,150.1605,102.46549999999999,63.90520000000001,36.49665,17.039299999999997,9.54356,6.193265,0.33072,0.440815,0.751995,1.537655,0.45265,0.04773
2023-05-05 00:00:00,0.0,0.0,0.0,0.0,11.97325,60.6106,83.9764,72.4702,278.718,460.1785,576.7170000000001,745.451,1049.68,1354.0700000000002,1619.19,1992.8249999999998,2431.895,2782.995,2645.06,2917.315,3046.81,2522.0550000000003,1842.315,1324.6599999999999,877.1775,533.216,324.8005,210.2275,160.458,172.7655,180.20350000000002,169.3965,183.784,183.618,204.256,237.7145,243.267,242.4,194.444,143.5205,102.2635,54.70785,33.9521,20.9434,11.35295,3.275325,3.6863400000000004,0.97365,0.667635,1.10092,0.12750499999999998,0.077695
2023-05-05 01:00:00,0.0,0.0,0.0,0.0,11.515049999999999,58.2912,96.32050000000001,165.648,119.346,185.4195,371.974,508.3085,776.2995000000001,1127.87,1463.01,1874.2199999999998,2432.3,2794.68,3126.0,3594.98,3887.215,3627.985,2932.435,2257.01,1611.345,1059.78,699.546,478.1155,352.86699999999996,266.0845,207.2975,178.274,174.5885,190.0805,206.1615,228.45049999999998,241.0455,226.18099999999998,183.5385,132.915,95.75415,68.54585,24.71915,12.9369,9.681864999999998,5.287915,3.389715,2.298975,1.375885,1.141365,2.009655,0.121695
2023-05-05 02:00:00,0.0,0.0,0.0,0.0,0.0,0.0,29.438299999999998,24.67438,82.21889999999999,136.83950000000002,195.516,366.7165,531.4035,851.415,1267.435,1710.49,2233.79,2739.44,3248.355,3657.925,3924.09,4036.06,3106.41,2283.125,1550.4099999999999,1033.275,668.2090000000001,492.664,346.39,274.42600000000004,222.999,176.034,151.087,144.894,178.901,232.1375,239.9975,241.06799999999998,194.69299999999998,136.534,90.06905,61.193250000000006,34.99825,16.2058,7.27588,3.8818599999999996,1.33203,0.306435,1.1759650000000001,1.61286,0.47423499999999996,0.02872
2023-05-05 03:00:00,0.0,0.0,0.0,19.22995,0.0,0.0,21.1231,1.58804,56.7003,99.89269999999999,186.98440000000002,378.806,574.7055,1160.56,1582.02,2001.54,2899.485,3545.715,4118.73,4504.43,4645.389999999999,4581.805,3577.705,2318.3450000000003,1468.655,974.1835,632.697,452.789,342.122,254.8115,190.92149999999998,153.291,157.029,170.458,183.2005,201.5545,263.2565,232.8145,188.0645,145.286,86.45660000000001,41.778,24.3407,12.87595,5.20434,3.26667,1.420295,3.136015,1.357805,0.9349000000000001,1.4809999999999999,0.282435
2023-05-05 04:00:00,0.0,0.0,0.0,0.0,0.0,0.0,19.44985,1.597635,57.042950000000005,118.862,153.598,361.323,485.5535,833.6485,1297.205,1938.175,2765.6000000000004,3443.2200000000003,3854.76,4818.625,5433.605,5492.8099999999995,4828.6849999999995,3719.635,2858.41,2134.385,1489.615,1047.945,640.8725,360.2205,199.595,148.9955,138.65300000000002,161.13850000000002,188.108,217.617,242.22050000000002,225.752,189.59699999999998,141.498,100.38159999999999,49.4338,40.1947,16.49795,2.229095,3.59193,3.6723049999999997,1.708745,1.467595,2.1690199999999997,1.1192000000000002,2.92246
2023-05-05 05:00:00,0.0,17.3775,55.0445,28.3991,0.0,0.0,48.2885,105.56015,123.49799999999999,126.3365,143.0035,262.399,427.9315,601.1195,935.2355,1500.575,2072.585,2685.92,3373.045,4355.175,5115.755,5346.33,5240.674999999999,4566.28,3918.295,3429.255,2706.81,1859.04,1163.005,678.4685,365.3465,215.4975,182.289,166.565,199.31650000000002,229.9155,220.522,222.805,177.9435,142.53750000000002,101.214,71.18125,38.99265,19.98485,8.51506,5.43602,1.10682,0.525485,0.601685,1.383405,0.52979,2.071835
2023-05-05 06:00:00,0.0,0.0,0.0,0.0,0.0,0.0,47.1532,72.4493,179.2255,243.30700000000002,271.68649999999997,400.03700000000003,530.598,813.566,1166.865,1509.32,1990.025,2428.455,2589.875,3353.705,3901.1899999999996,4430.875,4375.674999999999,4069.165,3625.785,3162.3149999999996,2531.35,1790.895,1100.65,607.924,331.8035,210.427,186.4255,189.1265,192.11149999999998,203.337,245.543,244.80700000000002,205.3135,156.1775,94.14505,55.903999999999996,29.971049999999998,19.2296,12.494,1.3356050000000002,1.309345,3.3071,2.2363049999999998,1.19621,1.61686,0.14765499999999998
2023-05-05 07:00:00,0.0,0.0,0.0,0.0,4.482995,8.66515,43.8645,114.37145000000001,220.0895,303.71799999999996,270.51099999999997,466.3395,713.343,1017.1444999999999,1159.25,1223.225,1837.335,2127.17,2129.645,2512.735,2982.8450000000003,3231.935,3369.665,3215.8,2993.085,2602.435,2231.49,1521.19,957.797,527.74,269.879,190.13350000000003,157.03449999999998,174.679,202.7035,229.61,255.3545,246.64499999999998,207.1655,155.406,105.727,57.9799,42.19945,18.1337,7.4230599999999995,5.11895,0.171785,1.973585,2.268815,1.6233499999999998,1.5788600000000002,0.095605
2023-05-05 08:00:00,0.0,15.27895,9.78605,0.0,5.20055,10.2919,27.396499999999996,42.0895,105.21715,176.9605,277.332,367.03200000000004,408.015,574.737,665.8935,701.0025,874.7835,994.6959999999999,1119.765,1418.695,1759.9850000000001,1999.26,2018.82,1891.46,1697.0900000000001,1466.12,1280.6599999999999,861.264,518.5815,319.256,207.437,180.481,160.977,184.425,228.05599999999998,278.58950000000004,298.27599999999995,310.9375,259.871,185.708,125.34799999999998,63.739000000000004,31.11305,18.8311,8.367285,3.20315,1.165375,1.267195,0.57661,1.28406,1.55171,0.43835999999999997
2023-05-05 09:00:00,0.0,17.3775,55.0445,26.20175,0.0,0.0,9.17055,1.445865,47.0035,88.5197,156.37599999999998,215.369,287.62199999999996,403.5155,502.17949999999996,496.5045,616.3675000000001,835.4195,806.0540000000001,974.4525,1195.5,1295.805,1453.3600000000001,1293.685,1221.1799999999998,1097.4850000000001,816.8765000000001,581.7049999999999,424.8905,340.79449999999997,246.635,240.5005,198.5735,216.33100000000002,235.894,289.9445,334.872,315.9035,266.3665,191.8945,129.3545,74.9174,44.9182,20.24955,7.299585,3.13497,3.5901699999999996,2.387165,1.9248949999999998,1.330655,0.0,0.0
2023-05-05 10:00:00,12.44555,91.9172,57.178549999999994,71.2629,68.71135000000001,39.0373,20.98785,51.97135,20.9029,9.926265,28.322400000000002,73.91685000000001,134.22899999999998,254.101,408.46000000000004,534.9075,533.5840000000001,486.553,440.2125,481.9475,597.1945000000001,696.6045,664.9455,661.2125,550.4975,411.2765,379.635,273.048,222.425,196.2455,182.13049999999998,178.4845,188.883,236.2245,275.6535,316.3315,333.36400000000003,341.1825,274.36199999999997,192.9625,115.0055,72.09685,36.61945,19.047,11.20481,7.73085,5.9281500000000005,2.0759749999999997,1.10683,1.608235,0.831625,0.071365
2023-05-05 11:00:00,141.53,75.591,9.65175,0.0,20.846449999999997,89.44900000000001,74.84155,27.285785,52.29675,56.65725,70.89965000000001,121.04990000000001,178.10399999999998,256.241,325.9915,322.0855,269.509,284.76599999999996,316.4915,364.11699999999996,425.994,540.132,591.8175,449.48749999999995,336.3705,254.0235,188.04899999999998,186.9355,186.35199999999998,209.32150000000001,235.78,223.753,245.685,251.2775,286.716,319.76750000000004,342.44500000000005,333.326,287.56100000000004,204.7655,125.92500000000001,77.78365,43.466350000000006,21.07455,11.386195,7.20257,1.78053,1.56719,1.11886,1.20645,1.950995,0.420095
2023-05-05 12:00:00,162.325,156.861,97.2818,88.28575000000001,47.835350000000005,125.1225,141.079,112.7115,135.41899999999998,101.10284999999999,23.8896,122.14415,177.18099999999998,192.3535,363.5375,595.1030000000001,549.4255,562.068,460.8285,508.1415,530.1990000000001,514.3299999999999,552.585,495.8765,401.04449999999997,332.9305,227.273,178.7045,188.26049999999998,198.914,207.698,227.10899999999998,223.4155,257.1745,273.38649999999996,305.378,335.303,347.2135,298.741,215.5935,135.6885,77.41704999999999,46.12625,25.348399999999998,10.65038,3.27176,1.40884,1.18085,0.67953,1.06848,0.360095,0.162325
2023-05-05 13:00:00,22.54885,90.98335,100.26169999999999,80.1012,114.937,213.3425,201.1465,149.503,171.5045,178.8465,152.9605,193.9015,247.63,308.7995,531.446,831.4105,729.2745,680.022,558.2875,503.60850000000005,469.304,567.1179999999999,600.6379999999999,511.9745,427.7225,310.0125,192.74849999999998,137.4635,164.0465,203.4955,243.362,229.005,234.89600000000002,235.415,239.6855,275.09799999999996,309.40049999999997,323.046,272.205,200.9925,126.386,72.00045,39.5089,23.947400000000002,11.96415,3.26673,0.33968,1.61667,1.37439,0.994945,0.2514,0.07092999999999999
2023-05-05 14:00:00,100.159,73.5765,9.39455,102.5207,222.56150000000002,340.39149999999995,372.589,375.519,342.1645,235.3495,311.16499999999996,366.131,406.95550000000003,446.79150000000004,639.845,871.5445,1183.42,1281.21,1122.015,750.7275,520.1595,434.818,426.2105,390.567,343.3375,253.96050000000002,171.5515,126.97149999999999,148.0245,166.20600000000002,186.2225,227.0265,236.762,238.2755,252.26350000000002,268.597,271.637,256.31600000000003,227.566,177.2835,108.613,72.8856,39.720600000000005,19.214350000000003,7.927655,3.114465,2.235965,1.25645,1.14737,1.35108,0.90334,1.22516
2023-05-05 15:00:00,42.29975,161.17950000000002,131.1528,217.481,291.631,371.81,490.5105,481.3195,576.3135,858.88,1591.475,2182.81,2267.165,2266.99,2059.63,1959.65,1864.8,1864.755,2032.495,1756.3600000000001,1267.81,914.8175,650.0895,602.029,483.671,312.8105,219.3245,145.43349999999998,161.822,209.0205,241.26,290.028,305.9475,308.619,295.5645,306.62699999999995,293.51099999999997,285.8225,234.80700000000002,165.893,110.281,69.40445,39.79015,18.8371,7.73264,2.5343400000000003,0.14306,4.218185,3.917135,1.12808,0.391515,0.542315
2023-05-05 16:00:00,-15.8254,126.11025,190.3566,206.665,244.0005,243.64550000000003,407.33050000000003,703.5995,752.642,1071.05,1688.54,2463.355,3119.37,3337.9849999999997,3376.45,2978.66,2465.4,2229.135,2233.265,2285.435,2241.505,1976.8049999999998,1591.3200000000002,1140.905,876.092,687.0515,455.1385,339.1205,356.46950000000004,449.3625,528.298,515.874,520.769,433.178,344.54449999999997,320.759,282.476,274.2115,235.079,178.4075,120.90899999999999,59.34935,38.21495,21.3387,6.1584,2.90376,4.627885,1.8723299999999998,2.02173,1.366905,1.63466,0.567695
2023-05-05 17:00:00,171.233,156.961,92.1867,98.8332,161.3075,262.375,549.807,900.0875,1108.105,1604.365,2470.29,3342.29,4427.860000000001,5819.32,6531.705,7061.610000000001,5081.635,3591.41,2466.37,2300.575,2370.59,2305.26,1927.595,1462.04,1134.33,871.688,558.7275,398.254,418.27250000000004,479.07399999999996,596.728,669.7835,599.94,499.92600000000004,383.006,279.3455,228.3135,202.6905,190.751,144.2455,102.6519,68.0257,37.30585,18.84675,9.854045,3.983755,2.2228,1.35229,0.9420700000000001,0.378555,1.092385,0.305615
2023-05-05 18:00:00,-12.2703,46.1507,110.48715,152.6025,179.9195,123.9555,225.619,453.644,612.4425,1047.1799999999998,1739.2849999999999,2620.045,3359.565,4373.11,5334.84,6360.014999999999,5751.96,4940.93,3532.575,2740.94,2451.9700000000003,2270.02,2057.96,1688.5,1288.4650000000001,947.683,615.501,414.17949999999996,383.4945,453.71000000000004,563.2465,618.6065,629.577,509.36800000000005,380.0015,249.48149999999998,213.8845,218.55349999999999,192.2645,150.53199999999998,99.357,51.492149999999995,31.64435,16.4534,9.674199999999999,5.09556,3.606625,1.5851899999999999,0.67378,0.369565,0.83228,0.131775
2023-05-05 19:00:00,0.0,0.0,0.0,45.92165,57.5707,122.35300000000001,152.4215,247.32299999999998,545.517,794.7370000000001,1083.25,1617.955,2369.95,3127.2799999999997,4425.53,6038.24,5872.1,5426.35,3958.06,2971.055,2432.75,2247.635,2011.86,1740.255,1376.3600000000001,981.419,601.8875,389.481,345.6905,427.1935,549.5070000000001,610.4784999999999,623.0350000000001,508.9245,377.57,257.173,189.139,198.5165,183.66649999999998,147.6575,104.67150000000001,61.2645,38.08685,19.68445,6.383155,1.93038,1.84197,2.54694,1.6378599999999999,0.815905,0.106095,0.038655
2023-05-05 20:00:00,0.0,0.0,0.0,0.0,9.531835000000001,17.6804,24.088,65.2692,218.11849999999998,380.425,516.1675,972.8965,1421.01,2510.4750000000004,3410.175,4292.865,5298.18,5606.120000000001,4871.695,3711.705,2729.65,2287.5299999999997,2049.8199999999997,1869.595,1475.845,1002.64,626.1990000000001,384.102,345.24,377.096,465.594,555.929,576.9515,501.297,391.8725,287.9995,213.47750000000002,217.2645,186.8705,147.45600000000002,110.6465,56.062799999999996,36.9041,20.0013,9.805205,3.384405,0.9045399999999999,2.442915,0.341,0.21859,0.936385,0.13525
2023-05-05 21:00:00,0.0,17.8496,9.78605,0.0,4.547245,23.0189,40.4585,74.0984,124.2585,158.2515,208.079,479.536,866.171,1371.25,2504.365,3600.515,5264.905000000001,5898.594999999999,5206.06,4193.65,3094.37,2434.26,2113.245,1844.54,1543.6799999999998,1147.8899999999999,720.9115,432.93600000000004,350.1775,348.87,405.0555,461.6505,537.1959999999999,458.50300000000004,371.3235,277.8755,233.0965,217.06349999999998,180.9855,151.138,111.535,61.4544,41.864450000000005,26.47085,12.190275,2.350605,4.839055,2.1256,0.76508,0.72408,0.43513,1.276125
2023-05-05 22:00:00,0.0,0.0,0.0,19.34885,41.71275,49.1193,41.8559,52.91845,84.5975,122.76885,196.184,319.2105,500.521,867.3534999999999,1751.205,3051.99,4565.71,5823.65,6487.719999999999,5992.205,4734.98,3819.5550000000003,3458.505,2746.5649999999996,2279.415,1862.72,1279.15,756.471,546.4894999999999,473.794,485.2555,537.1285,605.071,534.5885,413.9255,290.822,224.4785,205.4905,197.6825,161.435,107.7995,69.96809999999999,41.2482,23.458750000000002,14.005099999999999,8.301625,2.607715,2.74076,1.8517100000000002,1.006125,0.73011,0.11857000000000001
2023-05-05 23:00:00,0.0,17.3775,9.786,0.0,4.49663,22.76265,40.99535,54.7195,45.923,89.74504999999999,207.189,427.656,811.4300000000001,1754.075,2802.465,3918.49,4952.95,5662.975,6389.9,5523.905000000001,4270.9349999999995,3530.3199999999997,2918.47,2365.77,1855.47,1403.43,993.3675000000001,603.711,462.1515,456.98400000000004,488.6,551.76,560.7025,493.48300000000006,380.3325,270.7985,228.836,186.84050000000002,174.2715,141.6905,107.8175,65.33115,44.7243,23.06245,9.853015,6.96952,1.219255,2.2848100000000002,1.2846199999999999,0.811315,0.8307850000000001,0.09095
2023-05-06 00:00:00,0.0,0.0,0.0,0.0,5.58735,28.67825,36.5455,2.046385,50.615750000000006,85.90105,94.37265,283.882,570.4005,1285.335,2289.385,3325.875,4850.335,5806.215,6172.764999999999,5485.875,4268.985000000001,3170.92,2621.5950000000003,2131.395,1644.13,1245.145,845.151,536.6034999999999,438.65,437.45550000000003,482.6435,560.2860000000001,590.017,472.587,350.491,240.16,200.2665,195.69650000000001,168.7405,146.9515,105.96074999999999,46.453199999999995,40.00865,18.37345,7.182845,7.3137799999999995,2.7924800000000003,2.051495,1.2352699999999999,0.8196450000000001,0.958455,0.067855
2023-05-06 01:00:00,0.0,0.0,0.0,0.0,0.0,0.0,0.0,0.387035,12.00815,36.31585,63.15705,126.54650000000001,247.96450000000002,527.039,943.086,1613.335,2599.875,3753.36,5120.870000000001,6221.66,6612.635,5587.21,4064.76,3014.505,2348.555,1855.53,1271.775,905.651,621.597,533.303,577.2315000000001,667.865,664.4459999999999,608.4895,459.5375,318.6105,272.2215,236.14249999999998,201.2865,169.8545,121.885,78.52510000000001,47.79965,27.3062,14.05315,5.321455,4.9180399999999995,2.9376949999999997,2.866015,2.711865,1.29706,0.09183
2023-05-06 02:00:00,0.0,0.0,0.0,0.0,0.0,0.0,0.0,0.0,0.0,31.9469,41.66415,98.99415,175.3015,401.778,644.9995,988.1870000000001,1768.0549999999998,2789.7,4053.135,6073.235000000001,7595.344999999999,7404.78,5636.71,4058.0249999999996,3031.575,2333.5299999999997,1703.06,1208.85,854.8420000000001,713.519,723.731,805.792,824.693,715.1980000000001,540.4680000000001,388.83500000000004,283.071,251.48399999999998,224.6515,187.3735,140.201,106.11099999999999,54.175,32.27175,16.1196,7.796565,4.141475,3.03041,2.6861699999999997,1.9411550000000002,0.258775,0.364025
2023-05-06 03:00:00,0.0,0.0,0.0,0.0,0.0,0.0,0.0,0.0,0.0,0.0,0.0,32.780699999999996,72.58035,157.78500000000003,335.57349999999997,643.9925000000001,1112.034,1892.71,3146.24,4934.595,6710.455,7474.475,6185.254999999999,4407.705,3180.48,2392.29,1847.275,1272.405,907.1089999999999,753.5865,732.5374999999999,768.9345000000001,782.546,668.7719999999999,540.4590000000001,400.961,273.759,240.845,219.958,184.77949999999998,121.862,84.2612,58.623450000000005,33.5347,21.173499999999997,15.4154,5.0935749999999995,5.5181450000000005,4.258485,1.336515,0.727605,0.06103
2023-05-06 04:00:00,0.0,0.0,0.0,0.0,0.0,0.0,0.0,0.0,0.0,6.56235,22.33505,13.1558,25.08835,147.3125,310.0675,557.454,1025.888,1761.845,2701.13,4280.7,6387.73,7976.875,7429.35,5328.85,3692.165,2589.6549999999997,1956.3899999999999,1370.5749999999998,996.682,774.8634999999999,721.9505,800.242,802.2529999999999,706.8009999999999,555.3585,394.90549999999996,288.634,255.482,211.0055,165.4055,131.8375,73.6053,59.8302,31.24125,12.57715,10.27726,2.192315,4.137700000000001,3.3288349999999998,1.2499099999999999,0.629415,0.04456
2023-05-06 05:00:00,0.0,17.99295,9.5366,0.0,0.0,0.0,0.0,0.0,0.0,32.836600000000004,24.93279,24.90975,47.9906,81.47104999999999,216.356,388.54499999999996,851.135,1476.82,2268.085,3691.345,5624.525,7546.695,8184.94,6050.285,4299.545,3008.2749999999996,2076.63,1503.56,1081.355,811.3195000000001,742.4555,815.96,777.1955,717.7149999999999,543.8315,387.5585,305.899,272.65549999999996,227.278,192.8315,134.5885,83.70410000000001,49.6664,31.24845,19.79105,11.532,4.85569,6.765855,3.9629649999999996,1.28899,1.2528299999999999,1.062385
2023-05-06 06:00:00,0.0,0.0,0.0,0.0,0.0,0.0,0.0,0.0,0.0,17.2856,21.938065,71.02374999999999,116.74875,137.6805,275.57950000000005,497.6715,863.7135000000001,1433.56,2239.535,3726.3050000000003,5358.48,7047.639999999999,8441.68,6982.24,5023.18,3346.7,2235.775,1529.975,1103.83,845.8045,725.614,735.6055,711.2180000000001,624.95,503.1675,371.418,268.672,249.433,217.188,173.5805,129.785,79.62575,51.952600000000004,35.292,17.555349999999997,3.82388,6.347515,3.4756150000000003,3.0226,2.438155,1.121025,0.17847000000000002
2023-05-06 07:00:00,0.0,0.0,0.0,0.0,0.0,0.0,0.0,0.30597,12.5932,49.1923,151.8185,238.25799999999998,400.75350000000003,653.617,868.8620000000001,1041.05,1691.4,2487.875,3515.005,4699.79,5651.71,6161.73,6216.235,5179.895,3869.1549999999997,2639.145,1740.435,1136.29,744.4355,506.9925,392.8435,443.0185,428.8105,398.985,326.387,257.70050000000003,234.0645,195.164,169.32299999999998,140.208,100.44794999999999,58.425799999999995,40.133449999999996,22.633499999999998,11.52223,5.383515,6.27042,3.18126,1.02528,0.303615,0.297475,0.08111499999999999
2023-05-06 08:00:00,0.0,28.78685,28.6098,0.0,0.0,0.0,0.0,1.0891000000000002,44.8257,104.32245,240.45950000000002,470.49300000000005,770.345,1294.4650000000001,1605.51,2035.8600000000001,3237.24,4259.92,4879.825,5464.424999999999,5271.950000000001,4316.67,3139.665,2630.745,2071.105,1502.975,998.7655,611.1855,414.8035,315.865,279.679,298.0165,322.61,341.61,318.0795,264.93449999999996,207.58350000000002,172.2125,161.3825,123.30449999999999,80.76805,64.4488,37.601299999999995,17.49155,9.67873,6.71953,3.819325,2.0457,1.279395,0.321535,0.04596,0.062965
2023-05-06 09:00:00,96.77,146.321,104.52080000000001,58.748850000000004,5.9709,11.08075,0.0,0.64249,22.6842,116.65299999999999,315.0875,571.0260000000001,728.827,1037.28,1484.435,2133.2349999999997,3407.365,4594.889999999999,5566.504999999999,5507.075,4825.975,3560.825,2418.275,1919.775,1491.755,1087.995,743.2855,433.45950000000005,289.7375,257.736,270.4075,277.66700000000003,314.478,305.3665,278.991,247.7315,221.969,177.0205,145.95100000000002,120.238,90.71705,54.65645,33.877300000000005,17.288800000000002,7.130434999999999,5.520125,0.25925,0.299455,2.0076549999999997,1.090305,0.33199500000000004,1.803115
2023-05-06 10:00:00,116.84615,127.9645,166.932,139.77825,83.45515,78.71055,47.703199999999995,0.773795,31.84825,57.0947,63.86395,190.5405,399.3215,681.9375,1002.208,1407.6100000000001,2262.01,3072.9399999999996,3871.33,4880.16,5338.115,4295.39,3112.605,2404.875,1850.88,1351.755,903.918,614.088,476.0245,390.706,359.9055,325.3115,334.7095,315.8295,290.2105,261.97249999999997,216.48000000000002,192.649,152.7235,126.60149999999999,94.3032,43.456199999999995,34.9273,21.587049999999998,8.041605,1.8594000000000002,3.44757,2.840405,2.2074350000000003,1.1954099999999999,0.391145,0.34241
2023-05-06 11:00:00,-19.20935,16.1553,51.52,97.16,86.9803,104.00434999999999,82.0903,31.054795,37.7518,28.5608,37.735,121.74600000000001,242.8585,483.5785,843.046,1179.865,1773.5349999999999,2358.6,3211.8549999999996,4154.9400000000005,4816.755,4322.77,3128.45,2249.415,1502.56,996.129,630.1075,432.18899999999996,471.09749999999997,534.6465000000001,495.37350000000004,439.98900000000003,387.5395,352.225,315.273,282.1635,226.25,195.86700000000002,162.3125,132.628,91.5331,54.670950000000005,29.92335,17.9785,8.99907,4.074590000000001,2.38829,2.0949,1.0395400000000001,0.915705,1.515075,0.1872
2023-05-06 12:00:00,111.98685,145.079,100.1086,122.5385,121.81880000000001,69.1978,43.11755,63.05669999999999,39.150549999999996,25.2574,23.211570000000002,63.87385,133.25900000000001,321.26750000000004,561.9884999999999,884.9175,1273.62,1846.46,2502.4700000000003,3331.115,3854.71,3652.63,2659.54,1832.2649999999999,1143.495,559.5675,292.0215,311.13800000000003,426.226,529.4265,575.827,537.9735000000001,463.20450000000005,412.8035,366.9255,316.534,259.67650000000003,210.913,185.305,146.033,96.4223,48.9618,36.2257,15.85285,7.133094999999999,1.766345,1.1045,1.386805,1.0986099999999999,0.771645,0.5931,0.05672
2023-05-06 13:00:00,108.468,87.63245,28.6098,25.09735,40.30325,10.80175,11.615,29.85942,44.6531,39.411500000000004,21.62359,65.65405,145.22,190.625,371.86400000000003,585.3745,1027.753,1553.365,2291.735,3241.085,3919.455,3909.585,3027.705,1854.6599999999999,1094.85,610.827,327.398,328.0365,408.777,505.634,595.4535000000001,609.9475,544.7845,481.5155,412.896,343.2915,281.243,231.039,184.8905,141.3535,93.9922,54.29545,25.24255,14.6015,6.01098,1.57031,0.44068999999999997,0.50888,1.1157249999999999,1.99043,0.353825,0.02505
2023-05-06 14:00:00,103.6085,86.0341,51.73625,97.7521,126.85125,65.6198,79.53395,89.24655,81.21095,84.1521,49.954499999999996,45.53685,68.95830000000001,130.7595,316.63149999999996,584.831,975.015,1395.65,1867.42,2718.745,3636.2200000000003,3832.9300000000003,3268.08,2283.6800000000003,1364.83,735.8045,410.39300000000003,469.10249999999996,510.85,617.077,696.6965,697.204,636.95,506.5425,393.32349999999997,325.349,259.77049999999997,229.85199999999998,186.688,143.1205,117.62700000000001,63.40645,38.72085,15.908100000000001,7.31711,3.9342550000000003,0.749275,2.5358,1.904925,0.318775,0.00024,0.001565
2023-05-06 15:00:00,0.0,18.18085,9.4137,44.1269,55.53055,67.25445,68.49945,87.5024,95.3588,89.40035,55.5013,66.83785,68.16975,105.6438,177.5555,366.278,573.7125,902.4745,1436.25,2226.045,3092.355,3693.115,3301.39,2448.05,1514.785,755.2764999999999,446.371,465.894,563.8615,652.9984999999999,729.4190000000001,788.3,662.0719999999999,555.0155,426.79650000000004,345.0195,280.96950000000004,244.036,203.5335,163.993,104.449,70.20105000000001,40.855999999999995,20.6925,10.144549999999999,5.3064800000000005,0.42529000000000006,2.71567,1.48296,0.279755,0.7021,0.18559
2023-05-06 16:00:00,0.0,0.0,0.0,0.0,3.12292,4.81957,36.01055,44.46145,40.5935,47.75075,37.359849999999994,46.197050000000004,33.0782,81.911,87.6015,137.40949999999998,351.5005,630.915,954.0995,1710.165,2650.76,3578.5299999999997,3767.03,2919.69,1854.0,968.0015,506.9435,469.5635,570.5065,702.6335,785.7950000000001,835.733,724.644,554.424,400.916,301.11749999999995,277.36199999999997,248.933,201.90449999999998,156.6815,108.6625,71.0898,34.569900000000004,19.886249999999997,7.390205,0.677835,2.25003,1.09666,0.167805,0.03515,0.003335,0.021555
2023-05-06 17:00:00,0.0,0.0,0.0,30.22555,24.555415,29.7658,88.13775000000001,118.363,118.404,173.4255,228.45800000000003,323.786,450.2215,567.433,646.6235,689.5875,699.988,679.621,898.0815,1499.505,2390.075,3791.325,4625.05,4037.745,2897.2799999999997,1644.1350000000002,809.313,645.8265,665.0585000000001,771.325,850.311,852.1310000000001,696.3589999999999,527.059,384.558,323.21950000000004,271.1575,238.447,212.32,170.70100000000002,117.0145,86.02850000000001,45.525850000000005,21.580199999999998,13.6877,4.480915,0.23989,0.20953500000000003,0.578,0.014575,0.000185,0.0012
2023-05-06 18:00:00,0.0,0.0,0.0,19.4569,28.366249999999997,60.093599999999995,79.2165,80.03385,167.1485,238.3635,361.7195,511.88199999999995,595.4185,772.5135,969.5905,1180.8975,965.0675000000001,965.6814999999999,1104.755,1634.125,2554.49,3883.62,4892.665,4369.49,3208.23,1956.94,968.7284999999999,745.394,764.4425,839.3625,874.918,816.7280000000001,659.3115,480.7985,368.43600000000004,291.0165,246.8005,238.042,204.922,168.66500000000002,127.967,86.27305,42.26755,22.22115,11.135,2.89582,2.101895,1.2266949999999999,1.5571350000000002,1.38959,0.8543700000000001,0.06049
2023-05-06 19:00:00,0.0,0.0,0.0,0.0,2.744295,4.781205,11.05315,1.634715,67.2824,117.257,159.2895,209.809,250.4585,227.599,308.844,369.298,426.7125,536.61,716.5364999999999,1196.54,2009.9650000000001,3112.1549999999997,4132.235000000001,3801.9300000000003,2848.6549999999997,2077.245,1169.817,869.9995000000001,753.086,774.8705,842.9929999999999,861.6005,744.2560000000001,630.886,492.985,363.8085,320.6975,254.9765,211.826,168.137,113.443,70.3329,36.0051,20.9491,12.8895,2.893695,0.938825,0.697445,0.161435,0.16637,0.42799,0.19643
2023-05-06 20:00:00,0.0,0.0,0.0,6.90935,13.73679,11.847000000000001,56.992149999999995,88.10225,167.328,277.326,390.63300000000004,397.523,460.7975,501.948,641.3995,931.8085,979.8054999999999,1033.7945,901.4585,1119.98,1591.105,2498.7250000000004,3647.685,4331.67,4142.11,3255.7650000000003,1964.8600000000001,1339.4650000000001,1131.905,1105.5,1126.495,1126.8400000000001,968.749,765.9075,605.0535,462.275,397.34299999999996,323.053,259.0795,203.962,136.799,68.48795000000001,47.20425,29.6233,14.89275,4.584265,8.50225,5.028734999999999,2.43167,1.10838,0.034705,0.090255
2023-05-06 21:00:00,0.0,0.0,0.0,0.0,0.0,0.0,54.5833,87.73915,170.3485,294.64549999999997,499.87,545.4445000000001,692.2735,834.875,1099.37,1415.8,1460.9699999999998,1489.75,1479.025,1410.12,1457.6149999999998,2008.355,3164.51,4373.71,4582.465,3783.295,2418.775,1530.755,1351.145,1313.135,1266.21,1154.775,961.8245,782.2629999999999,612.072,468.656,370.64099999999996,315.6775,247.8345,192.59699999999998,145.539,106.907,60.14335,35.47225,20.84695,4.83054,2.687195,1.9601799999999998,0.21556999999999998,0.495895,0.08142,0.5264
2023-05-06 22:00:00,0.0,0.0,0.0,10.28085,20.390549999999998,8.92316,17.194415,23.72175,49.596500000000006,60.6151,127.7201,358.2765,628.558,763.6675,1027.83,1169.5,1862.145,2235.505,2051.505,1948.62,1891.955,2038.32,2608.825,3437.615,4039.4700000000003,3995.05,3002.855,1967.47,1399.96,1082.9850000000001,932.012,892.3050000000001,844.68,748.94,610.4415,489.0395,386.3375,340.1305,279.5875,215.03699999999998,159.976,105.46000000000001,74.43860000000001,37.754149999999996,17.833399999999997,11.09815,3.9427649999999996,3.09677,1.75238,0.96656,0.71272,0.15899000000000002
2023-05-06 23:00:00,0.0,0.0,0.0,0.0,0.0,0.0,8.2533,0.435395,17.92035,61.2968,149.755,186.7345,236.466,542.1215,751.2864999999999,912.874,1192.895,1384.9050000000002,1366.605,1495.0349999999999,1660.94,1742.75,2031.83,2338.9700000000003,2393.085,2183.54,1815.355,1257.62,817.63,614.4445000000001,521.5495000000001,538.2355,559.7349999999999,552.114,490.243,424.34799999999996,366.7965,324.03999999999996,278.5025,221.3875,163.0495,93.78784999999999,59.1032,30.026899999999998,13.2319,7.445785000000001,3.217195,3.980345,1.904995,0.64066,0.05196,0.180265
2023-05-07 00:00:00,0.0,0.0,0.0,0.0,0.0,0.0,0.0,0.0,0.0,19.8851,43.585499999999996,72.85910000000001,130.272,214.613,429.677,749.826,827.2235000000001,942.606,1137.22,1200.1,1249.615,1490.115,1798.53,2067.5299999999997,2160.375,2059.505,1848.4650000000001,1281.525,928.0005,699.922,611.8154999999999,640.979,656.7695,623.947,544.9965,457.674,350.83849999999995,354.2495,297.2655,238.2415,164.5925,92.1061,65.32675,33.25465,11.018405,6.3215,2.1177,3.704435,3.115315,0.8910849999999999,0.7523850000000001,0.74324
2023-05-07 01:00:00,0.0,0.0,0.0,0.0,0.0,0.0,12.798,1.293835,22.81955,12.75995,42.1763,68.6873,124.48949999999999,314.30150000000003,567.7864999999999,786.028,801.652,767.2950000000001,657.0385,795.1965,1032.065,1410.755,1691.695,1945.795,2067.29,2028.995,1827.085,1434.515,1049.68,814.5785000000001,716.2805000000001,667.6485,675.4984999999999,655.5060000000001,585.1089999999999,479.574,399.738,341.09749999999997,305.95000000000005,234.3635,146.248,103.39009999999999,49.2996,25.2519,14.50505,11.656130000000001,3.754005,2.629645,1.63588,1.080755,1.18272,0.9935350000000001
2023-05-07 02:00:00,0.0,0.0,0.0,0.0,0.0,0.0,0.0,1.98469,48.754,71.57065,64.28535,169.6755,271.63,353.77750000000003,522.588,711.5844999999999,689.9945,657.5405000000001,616.052,671.2315,828.1065,1138.97,1453.17,1721.7849999999999,1946.63,2054.165,2001.105,1583.455,1178.88,845.175,633.9895,583.8240000000001,573.3605,535.387,490.9475,432.747,370.89599999999996,351.6245,302.03049999999996,238.5935,160.606,119.8125,56.11265,24.4587,13.72155,6.43239,4.789325,1.789235,1.362275,1.678575,1.4783300000000001,1.2691350000000001
2023-05-07 03:00:00,0.0,0.0,0.0,0.0,0.0,0.0,7.0244,19.494185,19.2795,41.6815,87.6147,223.8965,328.548,422.6185,638.424,822.6845000000001,792.6575,786.2795,696.9845,727.297,810.9715,997.3245,1347.105,1623.635,1908.225,2069.705,2042.18,1702.4450000000002,1316.37,938.9235,678.597,583.434,532.3205,501.1815,455.3645,395.805,353.001,328.935,293.5475,229.356,160.853,99.00444999999999,59.551649999999995,32.26735,17.1077,4.40291,2.68734,3.3867450000000003,2.426165,1.995365,0.861195,0.08385000000000001
2023-05-07 04:00:00,0.0,0.0,0.0,0.0,0.0,0.0,0.0,0.0,0.0,43.208,86.12715,191.50900000000001,373.8595,618.648,804.625,893.748,1015.8890000000001,1112.9,1059.025,1013.3109999999999,1050.545,1173.79,1375.46,1742.275,2064.24,2281.08,2364.855,2192.3900000000003,1731.1,1277.38,911.4770000000001,655.8209999999999,606.1105,548.5215000000001,470.056,394.29449999999997,317.74699999999996,316.95500000000004,294.4235,246.8785,180.9845,109.95400000000001,57.164249999999996,33.79005,20.1133,10.693755,1.81195,0.71101,0.939805,0.66796,0.00351,0.02034
2023-05-07 05:00:00,0.0,0.0,0.0,0.0,0.0,0.0,0.0,0.442175,10.86205,42.9294,84.89235,191.466,307.5215,435.471,604.7135000000001,805.7495,1060.245,1182.03,1149.24,1104.615,1094.7,1275.23,1512.9250000000002,1752.46,2088.74,2384.735,2539.855,2358.41,1882.02,1362.22,948.227,689.123,573.968,485.6415,439.4175,392.567,335.0935,327.71900000000005,288.9975,243.61450000000002,186.51049999999998,103.7515,69.4597,35.18385,10.76045,7.54868,3.6172050000000002,1.5159150000000001,0.229735,0.44396,0.028425,0.00302
2023-05-07 06:00:00,0.0,0.0,0.0,0.0,4.239185,7.0813,16.9894,30.530605,48.158100000000005,57.6778,84.98679999999999,230.64,308.7885,365.89099999999996,537.8430000000001,831.8085,978.8164999999999,1100.3600000000001,1066.2150000000001,1119.0749999999998,1122.3049999999998,1167.28,1433.715,1727.845,2004.08,2271.15,2334.535,2316.645,1860.575,1385.035,973.6865,666.5619999999999,556.3865000000001,493.6755,444.279,400.002,360.304,349.3185,320.786,255.45999999999998,182.106,115.6355,63.48835,36.41905,16.81355,10.050695000000001,3.399705,0.894345,0.154,0.055709999999999996,0.09745000000000001,0.07856
2023-05-07 07:00:00,0.0,0.0,0.0,0.0,0.0,0.0,0.0,0.0,0.0,8.833115,29.1967,38.517250000000004,56.4671,106.28649999999999,201.2795,349.073,598.499,806.3834999999999,852.797,758.174,867.1735,1027.74,1182.27,1294.75,1233.63,1079.2600000000002,1007.2460000000001,933.1225000000001,697.4265,577.2125,558.308,586.6034999999999,599.6065,554.2015,501.9615,447.7955,359.817,324.6655,276.769,231.6575,177.649,91.63515,60.9906,28.56205,15.0113,12.3726,3.096695,3.716995,1.634385,0.03414,0.015775,0.001725
2023-05-07 08:00:00,0.0,11.6261,14.8878,0.0,0.0,0.0,0.0,1.024365,25.16355,33.069900000000004,4.933465,23.8812,33.32495,121.0095,211.5935,275.584,415.06600000000003,543.8365,722.8199999999999,845.4000000000001,946.324,984.694,1113.405,1179.05,1148.505,1075.2145,984.653,846.5785000000001,716.181,598.387,524.25,539.4965,568.3320000000001,522.6700000000001,484.1445,432.2635,394.375,334.207,276.105,215.1615,153.76100000000002,101.13489999999999,51.329499999999996,27.3305,15.10255,3.57675,0.6300199999999999,2.38275,1.14948,0.1824,0.0,0.0
2023-05-07 09:00:00,47.2102,126.1015,167.972,122.89,0.0,0.0,0.0,0.0,0.0,9.245465,30.5597,59.8253,105.5581,252.715,368.3125,592.0930000000001,674.9114999999999,807.2470000000001,885.3735,1028.8674999999998,1190.6550000000002,1210.505,1303.045,1354.595,1339.43,1309.525,1290.44,1114.51,897.275,679.69,548.185,448.38149999999996,467.295,439.50750000000005,430.35249999999996,417.9975,377.5295,346.20849999999996,288.3555,223.7155,149.3785,91.06225,55.840900000000005,27.1107,14.326,3.424535,3.811235,1.0074400000000001,1.2980200000000002,0.76118,0.01555,0.083665
2023-05-07 10:00:00,271.0085,501.61199999999997,277.425,726.577,965.48,539.496,411.5855,369.205,369.55100000000004,242.03615000000002,165.19835,108.88945000000001,105.372,160.6155,252.21,465.59349999999995,731.616,980.7819999999999,1175.505,1382.095,1524.4050000000002,1531.4650000000001,1614.9250000000002,1770.96,2131.435,2263.575,2143.335,1749.12,1283.88,863.189,636.148,529.179,520.576,468.95500000000004,414.134,358.454,364.025,333.88649999999996,294.6,232.74450000000002,161.3315,88.8528,42.64685,20.30275,8.959495,6.954615,5.49998,4.00038,4.08366,4.03995,3.02862,9.55537
2023-05-07 11:00:00,61.2842,531.0655,743.1395,1114.13,1415.185,1678.74,2065.89,2531.35,2581.2799999999997,2477.025,2282.6949999999997,1541.605,724.319,268.5735,261.852,358.2675,601.5985000000001,823.179,1098.495,1372.135,1559.9850000000001,1756.1399999999999,1925.92,2115.5,2470.5950000000003,2741.1800000000003,2637.395,2043.555,1495.75,1038.115,723.895,591.0965,533.9965,492.2765,436.654,382.497,358.368,308.10249999999996,292.192,231.5545,146.9365,100.5781,54.013400000000004,25.23935,9.81269,3.5680199999999997,3.44168,3.12493,1.86392,2.33013,3.177745,2.127
2023-05-07 12:00:00,159.8171,179.01,123.30869999999999,280.044,406.392,429.771,619.881,998.8575,993.041,1189.105,1184.2399999999998,886.2,531.4795,309.475,228.236,260.9605,419.807,679.2265,1132.684,1813.63,2491.295,2609.7,2638.3900000000003,2556.175,2462.9750000000004,2472.355,2700.52,2806.62,2549.59,1996.6,1393.8600000000001,941.134,740.15,667.0425,601.673,506.3525,398.07349999999997,377.79,321.959,260.12300000000005,185.013,114.0515,68.25055,35.51805,15.8372,7.77252,0.220885,0.102725,0.17719000000000001,0.68782,1.525385,2.268285
2023-05-07 13:00:00,-8.3575,57.390299999999996,80.45625,99.11175,87.489,172.578,321.94,502.57899999999995,404.4015,386.855,413.57349999999997,469.952,406.597,276.586,195.4325,171.6275,351.582,617.7774999999999,881.277,1553.755,2246.0299999999997,2678.855,2793.255,2507.0550000000003,2312.6549999999997,2133.9300000000003,2367.035,2694.25,2726.875,2353.9750000000004,1742.025,1104.54,798.8164999999999,686.2555,590.9085,504.65250000000003,427.3065,377.7505,337.137,278.14149999999995,192.7455,104.4025,68.65215,35.33755,13.32685,4.145894999999999,2.05329,0.83201,1.05983,0.198825,0.008295,0.048125
2023-05-07 14:00:00,0.0,8.6176,12.97105,54.7376,85.139,153.156,196.055,259.959,244.827,343.663,397.1735,375.68899999999996,315.089,274.0745,241.603,260.34299999999996,564.8605,860.307,880.7085,1404.1750000000002,2089.875,2751.125,2927.195,2522.3149999999996,2128.905,1965.795,2130.7799999999997,2441.5950000000003,2686.05,2517.05,2007.01,1328.05,966.4635000000001,777.9925000000001,688.4005,622.4110000000001,472.977,376.61850000000004,333.49199999999996,260.407,190.99400000000003,126.543,60.669349999999994,32.73335,15.466849999999999,7.971665,1.410015,0.972715,0.02735,0.015035,0.012995,0.022425
2023-05-07 15:00:00,0.0,10.01725,12.6314,26.9784,29.198520000000002,25.923700000000004,78.94685,57.249300000000005,85.97975,130.31400000000002,224.8555,300.025,344.8135,313.558,453.85699999999997,433.6335,609.712,830.903,1043.67,1510.845,2022.6,2380.29,2686.62,2661.41,2357.88,2049.82,2017.315,2502.16,2966.95,3030.875,2597.6800000000003,1817.24,1117.76,859.037,710.3755000000001,601.452,502.4175,422.08050000000003,366.847,283.85850000000005,193.8425,124.36099999999999,69.82065,29.97805,13.25045,7.117005000000001,0.39743,0.38289500000000004,0.06193,0.067545,0.111475,0.03912
2023-05-07 16:00:00,-10.46275,36.44005,55.28875,31.2652,12.230619999999998,25.248250000000002,51.34655,91.3808,110.7946,230.05700000000002,380.0405,536.2375,681.937,833.3935,1072.2350000000001,1287.305,2062.545,2252.7,1765.48,1574.13,1743.15,2184.0600000000004,2815.3500000000004,3011.75,2723.0150000000003,2262.25,2088.6800000000003,2405.075,2764.9049999999997,2701.085,2280.315,1636.855,1052.895,799.554,674.0640000000001,554.8285000000001,459.35450000000003,405.508,341.489,287.2655,207.82299999999998,114.0775,67.5084,30.488400000000002,13.1728,6.762315,1.661435,0.37283,0.036485,0.31675,0.80521,0.941025
2023-05-07 17:00:00,0.0,0.0,0.0,16.4991,34.217200000000005,57.0222,68.91749999999999,81.68535,193.5405,277.0955,543.218,833.296,1150.2649999999999,1653.395,1881.7,2302.88,2809.705,2858.9750000000004,2192.9300000000003,1710.6399999999999,1577.275,1809.77,2482.6099999999997,2774.575,2798.675,2482.4,2186.5,2302.8900000000003,2548.7799999999997,2466.455,2056.505,1532.545,1041.1399999999999,837.211,668.12,536.7935,428.7305,386.955,324.57899999999995,255.09949999999998,184.56400000000002,119.037,60.66745,30.4129,11.79815,5.044995,3.1727749999999997,4.062595,2.3441150000000004,1.382355,0.29171499999999995,0.06946
2023-05-07 18:00:00,0.0,0.0,0.0,0.0,11.81336,24.6098,60.014799999999994,110.2875,140.89350000000002,439.77049999999997,878.341,1304.2150000000001,1526.385,1303.155,1263.38,1450.745,1638.6999999999998,1616.7800000000002,1279.95,1384.24,1654.82,2026.945,2533.66,3042.9849999999997,3039.4049999999997,2807.85,2484.925,2546.8450000000003,2534.76,2330.01,1885.645,1317.92,905.889,751.034,653.886,553.027,414.61,376.996,337.1725,276.7335,200.96550000000002,109.2475,54.4794,27.2804,14.360800000000001,7.50788,3.4629,1.931225,1.6228099999999999,0.784985,0.225255,0.029670000000000002
2023-05-07 19:00:00,0.0,0.0,0.0,21.4488,36.18625,40.8154,92.662,131.502,195.66649999999998,354.446,718.5895,873.7015,986.152,951.6645000000001,1012.692,1145.145,1173.875,1114.995,1072.6689999999999,1163.81,1479.3049999999998,1882.33,2409.045,2693.375,2752.63,2550.955,2327.88,2379.87,2355.355,2091.575,1665.9850000000001,1232.995,940.7735,764.6255,659.9665,553.086,444.289,398.663,349.56449999999995,279.37350000000004,194.3995,117.81450000000001,68.11965000000001,34.31535,16.542450000000002,7.9336,1.56525,1.01829,0.59092,0.346375,1.171555,0.12251999999999999
2023-05-07 20:00:00,0.0,0.0,0.0,0.0,18.59315,33.587,67.46975,86.4727,192.29000000000002,237.1655,201.3705,176.332,151.9955,148.72899999999998,191.07,261.71299999999997,300.5195,285.21,421.40200000000004,850.827,1402.52,1849.22,2193.365,2473.505,2507.6000000000004,2424.065,2379.27,2344.01,2329.5550000000003,2092.04,1679.9499999999998,1191.115,960.8164999999999,829.9775,713.434,603.6095,479.706,405.03650000000005,352.55150000000003,265.539,162.99099999999999,108.993,61.67059999999999,28.24285,13.1846,5.8596900000000005,2.049325,4.503064999999999,2.10765,0.6192599999999999,1.034475,0.156385
2023-05-07 21:00:00,0.0,0.0,0.0,0.0,11.666599999999999,41.34395,22.91345,2.5571200000000003,24.5484,65.49605,161.7145,151.987,135.516,159.5215,176.1725,158.7985,200.24450000000002,291.41949999999997,459.30600000000004,725.0815,1090.6554999999998,1528.0349999999999,2022.22,2336.8,2580.0649999999996,2581.915,2523.255,2444.005,2416.9049999999997,2175.4700000000003,1698.395,1265.315,933.9090000000001,798.333,676.486,554.2155,446.446,392.7385,340.9405,266.97400000000005,187.086,107.3045,69.0231,36.97285,19.424950000000003,11.277225,3.1311,2.534865,1.9031799999999999,1.47654,1.37127,0.20705
2023-05-07 22:00:00,0.0,0.0,0.0,0.0,4.079945,19.7965,36.05065,26.423734999999997,108.35865000000001,93.4829,102.5331,98.5591,120.80799999999999,232.4135,249.789,279.252,213.42399999999998,244.44549999999998,380.425,520.5129999999999,836.9585,1368.505,1827.2649999999999,2200.035,2477.9700000000003,2550.48,2523.475,2437.25,2419.4,2132.0950000000003,1660.165,1127.87,911.8395,739.8905,633.9780000000001,523.899,398.1575,385.627,325.744,265.51599999999996,200.551,114.0085,55.147999999999996,32.9132,15.6756,6.305155,4.504885,1.148085,0.032765,0.20944000000000002,0.016325,0.015625
2023-05-07 23:00:00,0.0,0.0,0.0,0.0,0.0,0.0,0.0,0.59925,14.7206,30.682899999999997,21.69943,89.75495,179.9135,268.196,391.796,491.688,395.902,361.675,417.06899999999996,532.8365,824.8095000000001,1198.025,1551.155,1987.53,2381.2749999999996,2532.92,2626.645,2522.42,2306.995,1964.315,1569.135,1047.585,818.8805,686.307,599.0015,535.9995,434.9475,412.2405,349.8055,282.288,196.785,121.581,65.82130000000001,33.5232,14.4906,2.445735,1.592395,2.1724550000000002,2.02211,1.616585,0.778645,0.056125
2023-05-08 00:00:00,0.0,0.0,0.0,15.24155,34.0139,41.017849999999996,41.1553,0.70566,10.8074,12.60163,27.848,113.233,213.7455,380.30550000000005,546.781,624.9415,611.5835,530.37,428.69,474.2365,623.0615,867.9025,1281.1599999999999,1699.5700000000002,2015.4299999999998,2298.9049999999997,2465.455,2356.455,2044.7,1727.955,1367.54,998.434,787.2185,678.3820000000001,605.7180000000001,538.1525,456.71849999999995,412.6495,348.562,269.197,194.1175,99.90010000000001,63.5361,31.570700000000002,13.15025,7.662364999999999,3.5367550000000003,2.5707750000000003,0.0,0.00274,0.20344500000000001,0.02782
2023-05-08 01:00:00,0.0,0.0,0.0,0.0,0.0,0.0,0.0,0.0,0.0,3.733615,12.22885,71.96045000000001,147.79250000000002,271.79499999999996,320.02,379.051,628.136,669.347,539.4065,507.208,611.3085,802.9835,1205.9250000000002,1531.9,1898.315,2160.215,2392.58,2303.2700000000004,2080.615,1749.9499999999998,1363.56,1052.33,813.5,685.3125,612.511,557.821,463.2475,401.6795,353.4575,276.627,193.65300000000002,123.81649999999999,61.7825,30.9441,17.833550000000002,4.05051,2.85663,0.798215,1.60476,1.060335,0.00152,0.008115
2023-05-08 02:00:00,0.0,0.0,0.0,16.1711,30.12851,27.18655,15.48855,0.478005,10.5152,23.263015000000003,37.845600000000005,52.293549999999996,90.43039999999999,218.9265,332.64,493.103,690.6695,831.5685,857.0840000000001,821.7004999999999,857.8435,841.9045,1082.645,1414.5549999999998,1744.16,2039.67,2294.1499999999996,2312.145,2063.1099999999997,1755.85,1385.72,1057.685,821.6614999999999,728.7625,661.9095,586.102,498.0505,431.164,365.41650000000004,291.3075,202.02550000000002,131.2605,71.7745,35.23225,19.344299999999997,6.317755,0.02854,0.55172,0.020139999999999998,0.065455,0.288175,0.362545
2023-05-08 03:00:00,0.0,0.0,0.0,64.6517,106.554,56.083850000000005,31.388150000000003,0.0,0.0,9.080845,29.7429,23.9864,20.39265,63.18485,164.89350000000002,235.4005,573.127,813.75,1015.0699999999999,1127.285,1230.625,1286.795,1397.1599999999999,1603.2350000000001,1878.8249999999998,2126.38,2375.83,2383.525,2204.265,1881.88,1495.48,1157.055,904.546,803.4005,714.534,643.2315000000001,527.798,452.028,387.1415,307.1585,225.838,149.5875,71.6726,41.2969,21.6255,4.45214,1.1512499999999999,3.58124,2.82129,1.03213,1.1604999999999999,0.031164999999999998
2023-05-08 04:00:00,0.0,0.0,0.0,0.0,0.0,0.0,0.0,0.0,0.0,4.33816,1.794915,38.3814,72.9253,86.77135000000001,207.4515,324.77250000000004,529.7905000000001,676.1969999999999,778.524,1040.6750000000002,1258.97,1490.725,1584.635,1700.6599999999999,1939.475,2221.08,2349.875,2388.07,2146.7250000000004,1811.2150000000001,1458.635,1144.395,985.9345,870.125,810.7735,709.079,570.0,484.341,410.998,324.3035,221.4155,129.9865,81.7055,47.0476,21.83665,10.7717,0.40295000000000003,1.962715,1.017105,0.05404,0.18314999999999998,0.03393
2023-05-08 05:00:00,0.0,0.0,0.0,12.29535,36.372544999999995,54.2187,62.473749999999995,18.241215,41.8253,60.122249999999994,105.8798,144.492,198.135,283.33299999999997,398.7335,468.32,568.3,671.8435,678.9765,877.4465,1057.6480000000001,1258.5,1418.395,1655.975,1944.4850000000001,2237.455,2418.5249999999996,2418.19,2092.74,1738.6399999999999,1412.7199999999998,1139.615,1013.2065,951.3995,863.1379999999999,773.738,619.864,473.0295,400.327,320.51149999999996,232.2175,140.6155,79.0915,43.89785,20.000500000000002,4.89494,0.80321,0.272605,1.6492499999999999,1.606225,0.163705,0.039564999999999996
2023-05-08 06:00:00,0.0,0.0,0.0,55.931,97.70545,83.4454,126.82705000000001,205.63400000000001,168.76850000000002,170.4165,236.52749999999997,238.276,269.079,300.894,340.1965,457.5885,578.4915,640.8515,688.1705,837.6195,1041.25,1239.995,1420.35,1676.38,1896.095,2148.2749999999996,2250.37,2166.31,1732.505,1455.065,1230.275,1023.017,980.8715,854.9555,780.039,734.9975,570.438,493.284,385.9775,290.08299999999997,199.46300000000002,101.82249999999999,64.8158,28.1443,13.051649999999999,10.2677,4.58689,1.10501,2.819975,2.01609,0.18557,0.9899450000000001
2023-05-08 07:00:00,103.663,79.287,14.2726,0.0,7.405085,32.3449,39.064550000000004,31.389029999999998,42.1105,110.03855,211.821,209.367,167.5585,280.3565,339.807,440.653,553.266,663.1815,787.8634999999999,1073.48,1364.6999999999998,1640.035,1895.79,2047.8200000000002,2212.85,2284.8900000000003,2131.7799999999997,2053.12,1687.8899999999999,1333.455,1057.3249999999998,918.4895,772.2985,778.2025,738.944,660.4355,534.6435,442.7655,376.127,295.5435,198.296,113.7775,68.5524,35.932,19.72715,10.007705,1.560935,2.653465,2.4735050000000003,1.344745,0.5740500000000001,0.06697
2023-05-08 08:00:00,0.0,0.0,0.0,0.0,14.172335,17.34475,41.903650000000006,73.94535,121.7634,194.5085,285.86350000000004,327.6095,405.6935,472.4535,551.7674999999999,639.5319999999999,826.4915,907.0445,860.2660000000001,1016.6700000000001,1256.5349999999999,1455.3,1851.855,2237.4700000000003,2524.455,2681.2,2702.0299999999997,2561.3900000000003,2083.23,1621.355,1273.635,1051.195,882.5225,814.418,768.307,670.4984999999999,571.056,469.576,394.2175,303.64549999999997,208.89350000000002,124.392,82.4119,34.95445,12.211649999999999,8.67027,2.922415,3.9166800000000004,2.853895,0.44948,0.74317,1.1755550000000001
2023-05-08 09:00:00,-7.4047,6.97905,21.3628,44.0732,75.1123,96.8861,100.88645,93.4153,214.7835,306.45550000000003,347.29200000000003,448.85,515.7305,709.4125,756.2915,712.5155,910.3420000000001,1127.055,1225.705,1327.57,1530.905,1769.01,1927.8400000000001,2237.955,2529.36,2797.6899999999996,2933.605,2860.7,2468.915,1996.295,1545.255,1153.895,1006.365,897.3275,823.7529999999999,723.5125,591.452,460.35699999999997,401.7,303.82500000000005,218.334,128.203,67.42405,38.45725,25.04,9.619655000000002,3.872665,4.75151,2.47329,0.707715,0.69807,0.03041
2023-05-08 10:00:00,459.6135,464.2685,388.1205,449.4225,510.92150000000004,547.0495,492.20450000000005,386.90999999999997,376.3225,407.7785,476.06600000000003,676.543,884.7725,988.95,951.601,1147.74,1299.38,1551.645,1768.565,1891.525,2049.25,2197.7799999999997,2109.065,2153.35,2273.425,2555.005,2796.73,2934.7650000000003,2783.795,2380.84,1852.24,1407.005,1036.6950000000002,879.787,816.6279999999999,722.236,602.0875000000001,504.9825,388.057,295.2155,221.89249999999998,118.367,64.94405,31.981050000000003,14.65585,9.843630000000001,3.54008,3.418655,4.51402,2.1125599999999998,1.092225,0.7146
2023-05-08 11:00:00,1272.7600000000002,2899.42,4695.805,6520.52,7729.205,7692.42,7448.665,7409.26,6259.655,5262.73,4635.22,3996.7300000000005,3433.4649999999997,3065.385,2946.91,2985.635,2933.3199999999997,2958.775,3115.475,3512.92,3674.0950000000003,3367.53,2912.305,2552.875,2390.09,2477.94,2691.65,2865.8500000000004,2838.67,2572.48,2124.455,1542.43,1137.9499999999998,931.9515,846.8,768.6295,645.9975,524.423,410.1365,309.36249999999995,206.5805,118.842,58.87255,24.863999999999997,7.836615,6.48642,8.913450000000001,13.2015,17.856099999999998,21.16955,17.0729,16.724449999999997
2023-05-08 12:00:00,861.9605,1808.815,2760.6400000000003,3728.355,4095.66,4959.395,5414.915,6199.76,7503.945,7739.465,7848.495,6982.2,6067.595,5121.8150000000005,4356.014999999999,3743.005,3359.71,3070.44,2652.6549999999997,2688.385,2835.005,3130.6000000000004,3235.54,2915.79,2761.2200000000003,2848.635,2933.8450000000003,3003.6000000000004,3012.7,2816.085,2447.17,1857.8,1249.05,1004.6695,865.6935000000001,765.0825,650.628,526.602,433.2825,316.567,198.7715,126.918,63.77525,30.6125,11.72165,5.9865200000000005,1.1347999999999998,1.7276,8.499279999999999,9.349689999999999,10.86575,12.1432
2023-05-08 13:00:00,483.90549999999996,510.28099999999995,453.611,871.7280000000001,1403.8899999999999,2150.3999999999996,2589.73,3142.045,3654.155,4202.155,4663.975,4324.42,3753.995,2729.7349999999997,1972.5349999999999,1324.5945000000002,1253.615,1155.815,1017.1015,1223.845,1597.42,2015.9499999999998,2548.67,2724.915,2755.5150000000003,2833.4449999999997,3012.52,3113.66,3116.56,2997.96,2634.54,2045.63,1424.63,1053.44,907.996,785.1175000000001,607.323,500.4715,412.76750000000004,315.515,217.20850000000002,118.43299999999999,63.10525,30.20525,13.4391,5.662635,2.25787,2.4224699999999997,2.2211600000000002,1.9756399999999998,4.805425,3.740525
2023-05-08 14:00:00,320.7105,241.91750000000002,87.6303,325.61199999999997,601.81,825.4870000000001,1157.1599999999999,1349.1799999999998,2044.58,2415.745,2608.2799999999997,3483.185,3990.43,3856.9449999999997,3285.975,3165.7400000000002,2021.3799999999999,1227.7275,946.4224999999999,810.5409999999999,1046.18,1471.81,2045.645,2501.7,2704.5299999999997,2832.0699999999997,3007.62,3200.3199999999997,3314.8500000000004,3184.4,2886.51,2315.0699999999997,1495.87,1119.745,935.6555000000001,834.6975,702.958,538.8585,425.376,324.02549999999997,219.124,126.3685,72.28960000000001,35.17274999999999,13.4834,2.259945,3.501785,1.719895,0.97621,0.41046499999999997,1.16005,1.330325
2023-05-08 15:00:00,184.2057,174.6475,130.9733,113.40859999999999,124.54249999999999,197.002,412.6195,692.576,847.213,1099.5345,1794.9099999999999,2197.515,2777.115,4038.88,4302.585,3928.69,2673.0699999999997,1671.55,1079.7225,820.2595,962.421,1340.455,1885.245,2388.005,2619.055,2800.38,3030.0950000000003,3091.045,3169.3950000000004,3146.66,2806.7250000000004,2286.495,1520.69,1146.43,936.2725,790.9480000000001,663.935,509.771,416.873,312.22900000000004,218.87650000000002,123.273,64.2886,32.9917,15.9851,3.53172,4.2623750000000005,4.098905,3.635205,0.9267799999999999,0.832985,0.9747600000000001
2023-05-08 16:00:00,304.302,161.281,56.69545,88.62880000000001,135.93599999999998,232.40999999999997,288.8485,277.7355,208.4985,293.82000000000005,437.13,616.6804999999999,770.809,809.023,1059.42,1325.5349999999999,1546.595,1654.79,1613.585,1479.02,1280.5349999999999,1152.28,1370.9250000000002,1779.0349999999999,2152.55,2545.4449999999997,2988.7799999999997,3099.495,3076.81,3031.91,2801.205,2389.3500000000004,1677.0149999999999,1194.865,926.9895,792.519,679.4185,507.8195,410.88,302.3105,216.2175,129.60250000000002,80.1117,38.426050000000004,17.939049999999998,7.8789549999999995,7.007535000000001,2.38183,1.5728499999999999,1.7949799999999998,0.79806,0.02347
2023-05-08 17:00:00,0.0,0.0,0.0,75.50645,121.20495,74.4735,119.69049999999999,176.4985,324.18,442.8115,657.297,729.672,987.9335,1495.8600000000001,2060.465,2755.325,3005.7,2917.79,2376.59,1649.42,1006.675,685.6355,907.733,1296.435,1864.845,2384.855,2877.98,3146.0249999999996,3189.255,3086.165,2906.335,2433.165,1673.81,1248.2849999999999,979.7235000000001,804.272,665.043,539.2935,421.734,326.2065,226.4155,115.2925,75.49785,33.449349999999995,12.824200000000001,10.5678,1.544065,2.723095,2.3223399999999996,0.00446,0.242225,1.2614949999999998
2023-05-08 18:00:00,0.0,0.0,0.0,23.4559,25.12425,68.2017,112.2775,109.3445,187.7065,398.758,725.04,902.034,1247.645,2052.045,3057.33,4045.54,4225.295,3688.1850000000004,2378.525,1396.135,802.0930000000001,675.3035,802.2860000000001,1214.0549999999998,1694.6950000000002,2271.255,2841.355,3206.31,3169.265,3089.415,2925.3500000000004,2532.165,1824.045,1241.46,950.5155,819.2059999999999,695.3685,544.6365000000001,421.93600000000004,322.40700000000004,240.13049999999998,128.3835,68.55255,34.43415,16.6508,7.442385,7.738035,3.26368,1.173035,0.0038799999999999998,0.004265,0.00013000000000000002
2023-05-08 19:00:00,0.0,0.0,0.0,20.73505,54.010349999999995,100.66725,89.8488,55.4893,112.9225,147.617,131.71949999999998,379.2135,591.5735,846.938,1025.955,1075.15,1125.04,1022.57,943.3050000000001,915.8900000000001,949.3525,1061.88,1077.67,1186.22,1486.4,1999.55,2831.9300000000003,3564.95,3609.4,3400.495,3059.9049999999997,2763.65,1957.53,1393.08,1019.32,809.9845,698.78,552.05,451.5775,343.70349999999996,234.0915,150.394,73.4593,34.543099999999995,15.1405,7.8715,3.6053499999999996,1.100425,0.70484,1.75304,1.8539150000000002,1.33912
2023-05-08 20:00:00,-18.03095,16.9944,52.02,88.77385000000001,55.92805,46.904050000000005,53.7608,57.9119,116.50845,126.62445,117.8952,225.8075,319.4685,527.314,574.7384999999999,619.227,565.634,500.149,408.8995,389.9105,351.9205,435.754,566.443,796.5284999999999,1313.285,2104.24,2948.685,3295.5699999999997,3149.0950000000003,3013.545,2809.0550000000003,2426.085,1697.5900000000001,1230.5900000000001,932.9955,817.5165,707.546,557.6020000000001,455.057,347.494,228.0775,132.288,69.30959999999999,36.3121,21.082900000000002,4.49581,1.761635,1.61471,0.003235,0.77183,1.88364,1.00413
2023-05-08 21:00:00,0.0,0.0,0.0,22.07515,12.50405,9.5208,21.31495,53.0529,59.3123,97.83745,117.84434999999999,151.1585,183.4875,160.858,198.055,247.60750000000002,208.123,187.043,173.21550000000002,211.167,279.23850000000004,381.033,508.5775,735.9495,1271.37,1994.135,2786.115,3103.435,3014.285,2925.1949999999997,2670.7,2285.0,1662.795,1203.99,950.6845000000001,827.0305,710.4865,580.0815,456.9415,341.5615,223.4115,138.801,81.68960000000001,40.081649999999996,18.618699999999997,10.858934999999999,7.850175,1.724275,0.10075,0.56253,0.250965,0.026055
2023-05-08 22:00:00,0.0,0.0,0.0,34.9613,64.46665,60.0215,47.06895,40.145115000000004,33.72215,40.07145,87.43629999999999,95.5064,96.8288,107.946,150.0205,163.929,280.4815,313.423,235.451,267.097,385.2205,502.34749999999997,659.917,820.4505,1221.4299999999998,1806.47,2478.57,2718.6099999999997,2762.4449999999997,2711.9700000000003,2548.145,2163.51,1538.72,1119.0700000000002,899.7375,799.4525,691.8705,576.4884999999999,455.60749999999996,325.51599999999996,219.156,120.38900000000001,75.74005,34.796350000000004,14.292950000000001,9.202350000000001,4.26137,1.05465,0.558575,0.347315,0.66049,0.017740000000000002
2023-05-08 23:00:00,0.0,48.5567,81.83670000000001,169.4728,221.332,140.265,67.66275,47.465,148.0965,243.489,235.3285,224.16899999999998,264.1005,293.52250000000004,254.957,245.32399999999998,336.76300000000003,333.1845,298.4075,308.87199999999996,435.24,599.327,733.451,926.7075,1197.69,1668.185,2337.23,2726.7,2739.825,2740.415,2596.635,2260.385,1570.75,1165.645,968.5855,866.3925,742.933,587.561,471.16949999999997,349.2265,237.4595,138.2065,68.05905,30.114449999999998,17.75895,8.365955,2.9615799999999997,5.4672350000000005,3.48446,1.6400100000000002,2.060735,0.05534
2023-05-09 00:00:00,0.0,32.86235,17.82695,29.583,5.2059,26.0914,47.33565,2.69822,79.22875,108.9202,155.07,263.647,387.113,560.869,614.809,638.6914999999999,668.6125,647.9549999999999,649.914,597.3275,640.998,890.085,943.7270000000001,1248.02,1544.955,1874.87,2285.105,2597.105,2582.0699999999997,2524.0299999999997,2389.415,2004.9450000000002,1621.85,1340.5,1133.785,980.0645,805.6434999999999,621.5975000000001,491.567,369.1085,255.0855,160.44549999999998,78.7517,47.15415,26.424999999999997,11.09295,1.597795,5.51473,3.910885,2.257275,2.370625,1.69901
2023-05-09 01:00:00,0.0,0.0,0.0,0.0,24.20715,79.50694999999999,43.04825,57.48755,84.7458,118.5005,113.8366,178.00400000000002,271.089,425.9325,484.5135,419.3115,615.706,679.08,721.0725,752.2785,815.488,916.7805000000001,1074.905,1337.6799999999998,1724.62,2080.8500000000004,2302.035,2471.325,2475.825,2354.475,2095.705,1734.5700000000002,1432.17,1210.755,1097.9450000000002,967.514,768.979,601.261,476.0,370.409,241.25150000000002,161.6105,89.54015,45.62115,21.45765,5.58595,8.737445000000001,3.697805,3.3750799999999996,2.294855,1.64072,2.0679600000000002
2023-05-09 02:00:00,0.0,18.3774,9.25625,0.0,9.898785,49.61195,57.98755,60.6145,99.4613,130.279,188.872,255.99599999999998,299.5695,285.6265,342.557,500.4035,640.6365000000001,668.5765,603.4490000000001,603.0115000000001,631.3924999999999,836.307,1006.427,1209.5,1527.405,1893.915,2322.565,2569.2250000000004,2649.21,2592.9750000000004,2241.395,1815.905,1500.4,1262.33,1115.62,967.995,788.2270000000001,612.254,470.28999999999996,357.3265,262.209,144.523,83.17054999999999,41.35095,21.20055,12.80255,7.4442450000000004,4.93715,4.6381499999999996,4.65368,0.859935,0.9178999999999999
2023-05-09 03:00:00,0.0,0.0,0.0,0.0,0.0,0.0,11.865,2.13148,61.1173,115.986,190.8,152.2925,240.7595,313.0685,424.9015,482.8105,572.938,615.718,569.892,602.9615,656.4975,751.2985,847.3455,1157.9,1497.7150000000001,1848.875,2239.2200000000003,2622.09,2733.9049999999997,2625.88,2422.45,1994.6,1584.4,1329.4650000000001,1150.615,1029.12,826.4665,622.6885,494.895,368.76800000000003,254.5775,159.1495,101.173,49.2108,20.7362,12.9724,1.722455,4.73748,3.97973,2.38028,1.76506,0.290555
2023-05-09 04:00:00,0.0,0.0,0.0,0.0,0.0,0.0,25.1969,62.7778,51.69115,48.3707,92.97945000000001,166.01749999999998,238.001,294.57050000000004,380.19100000000003,516.434,561.8154999999999,618.038,669.4000000000001,650.6005,711.808,813.998,930.2819999999999,1190.74,1510.66,1878.355,2249.73,2594.965,2720.33,2603.855,2325.495,1957.915,1522.46,1260.385,1067.8600000000001,937.874,822.1855,633.996,507.1195,382.362,251.59550000000002,156.92000000000002,89.5001,43.8782,20.008249999999997,16.485500000000002,8.311195,4.062805,2.47758,1.62273,0.9956100000000001,2.4013400000000003
2023-05-09 05:00:00,0.0,17.9245,8.9245,21.59755,24.80565,66.4503,90.4607,147.7245,131.185,151.1755,210.551,286.84,387.27049999999997,314.84950000000003,335.47,496.856,589.101,552.4645,490.277,512.317,644.8420000000001,745.3285,887.0705,1206.0349999999999,1523.45,1897.2,2298.51,2462.505,2444.16,2329.66,2059.335,1680.28,1410.755,1218.9899999999998,1066.9850000000001,947.0709999999999,823.636,625.8679999999999,472.3185,344.0855,248.05700000000002,163.8705,81.41159999999999,44.57875,24.5302,13.06005,7.016635,3.86118,3.2375249999999998,2.174665,1.66818,3.754375
2023-05-09 06:00:00,-17.32325,33.29005,104.9298,108.13210000000001,180.812,203.90699999999998,221.8315,117.643,190.2035,197.04950000000002,243.98649999999998,284.105,324.0325,393.0365,465.633,583.6855,540.3885,513.2785,517.63,551.5219999999999,633.0895,811.5084999999999,1002.5509999999999,1296.23,1635.37,1933.6950000000002,2123.9049999999997,2204.2650000000003,2103.2799999999997,1937.885,1683.2649999999999,1407.815,1278.295,1162.9099999999999,1072.495,948.4655,762.383,609.788,469.303,349.779,242.0775,143.22,76.97,42.9126,22.9717,9.90674,4.87164,4.294385,5.213595,4.21523,1.24402,1.96982
2023-05-09 07:00:00,-17.70695,33.3277,105.04855,80.5003,95.2064,157.747,200.569,209.84,255.879,278.931,382.76,429.0685,500.80649999999997,658.7245,701.703,729.2805000000001,668.668,668.4090000000001,719.8834999999999,690.4085,686.537,817.986,973.93,1263.7600000000002,1574.375,1861.185,2036.1299999999999,2093.3199999999997,1988.23,1777.9299999999998,1511.78,1277.8600000000001,1173.295,1074.96,1012.545,900.2705000000001,755.289,586.0435,447.41200000000003,325.052,214.4305,145.167,78.69855,43.328199999999995,24.313200000000002,9.18768,7.014475,5.583735000000001,4.473235,2.0914099999999998,2.4641650000000004,3.029995
2023-05-09 08:00:00,121.684,162.34750000000003,165.042,127.4092,133.3195,321.8375,527.581,695.4745,501.632,578.326,729.0825,710.075,753.125,779.9975,830.1665,785.821,912.8895,845.7465,729.1405,842.1075000000001,884.528,857.2635,949.7090000000001,1141.365,1421.475,1740.355,2024.665,2014.5,1922.845,1754.265,1546.5949999999998,1276.1149999999998,1209.575,1110.73,1015.1500000000001,907.2535,734.637,553.1800000000001,434.953,329.0345,231.345,144.86450000000002,75.14355,38.363550000000004,19.7651,10.27025,7.064145,4.362175,2.990335,2.96584,1.48387,1.835935
2023-05-09 09:00:00,282.45215,244.5385,170.07100000000003,255.1015,274.3555,502.7145,606.937,512.863,751.3615,890.1485,1003.6195,982.1610000000001,993.659,1150.73,1115.925,1029.466,1023.8385000000001,976.524,879.1890000000001,884.086,914.333,1058.8600000000001,1079.815,1197.04,1404.6,1648.53,1842.605,2010.58,1922.74,1855.9,1686.365,1397.62,1259.56,1181.62,1100.62,960.799,775.53,616.225,458.9805,339.47950000000003,236.9705,127.8775,69.50434999999999,39.8784,22.51085,13.33495,6.756105,7.891195000000001,4.17359,3.160485,3.69457,6.46084
2023-05-09 10:00:00,340.89750000000004,391.0095,221.75150000000002,230.238,253.743,231.77249999999998,278.93899999999996,329.097,597.1030000000001,824.403,1082.77,1096.99,1087.97,1128.55,1145.71,1191.45,1103.4099999999999,998.9390000000001,974.9715,926.7375,915.2215,956.689,1035.925,1132.93,1278.87,1466.275,1749.25,1983.6550000000002,2080.93,2021.78,1816.935,1619.0149999999999,1427.6100000000001,1320.955,1205.825,1062.78,904.736,677.8050000000001,494.618,363.007,249.546,154.0005,78.2932,42.61835,25.19195,12.27275,4.038075,6.995239999999999,6.318245,4.55729,4.449949999999999,2.691
2023-05-09 11:00:00,1422.96,1306.275,1353.315,2160.91,3022.79,3596.355,3191.63,2514.295,2159.73,1994.9900000000002,2074.7,1938.19,1658.2350000000001,1478.435,1322.87,1198.395,1099.295,1045.09,1139.275,1109.42,1118.635,1149.525,1090.23,1118.625,1210.49,1414.275,1757.585,2099.425,2389.46,2474.995,2367.995,2130.9750000000004,1942.99,1755.06,1578.81,1445.3899999999999,1141.5749999999998,916.6714999999999,653.329,443.313,299.269,172.4995,89.30799999999999,49.03489999999999,21.579700000000003,6.676055,10.2994,12.42025,9.145520000000001,11.842649999999999,11.62395,11.383700000000001
2023-05-09 12:00:00,1307.353,2485.585,4508.16,6866.844999999999,8663.61,8602.945,7863.71,6733.96,5266.015,3903.395,2683.485,2053.1949999999997,1638.71,1540.8899999999999,1547.335,1623.685,1239.455,1034.962,1130.01,1209.105,1255.375,1335.275,1296.33,1170.395,1195.31,1355.275,1678.78,2110.6000000000004,2446.96,2565.215,2486.1549999999997,2308.615,1977.7649999999999,1776.255,1670.62,1510.2649999999999,1268.99,940.1700000000001,672.328,471.004,323.7555,178.4615,99.96795,57.67245,30.819699999999997,11.077495,8.732975,14.4603,11.943639999999998,14.3518,15.32175,10.028044999999999
2023-05-09 13:00:00,-196.4515,504.936,1224.4765,1225.5,1268.73,1371.556,1538.275,1720.83,1329.56,1009.9689999999999,787.4965,812.789,803.8755,468.13800000000003,396.946,543.38,416.03700000000003,499.73350000000005,532.182,673.9025,815.1075000000001,861.3130000000001,1036.185,1111.4050000000002,1222.58,1478.055,1752.095,2134.505,2452.73,2591.1800000000003,2499.5299999999997,2279.295,2043.055,1822.365,1664.28,1526.65,1365.1950000000002,976.7565,703.6505,484.4565,316.3295,203.31400000000002,117.374,56.78705,23.972700000000003,13.555399999999999,3.6870049999999996,7.40352,5.264295,3.458305,6.1885449999999995,4.864465
2023-05-09 14:00:00,551.038,384.4565,246.712,401.024,427.3225,580.9465,665.752,823.173,634.367,510.8035,539.369,483.30500000000006,470.352,354.371,247.05849999999998,334.4915,356.3485,360.851,337.89599999999996,460.1875,649.052,861.8054999999999,948.366,928.058,1125.02,1435.7199999999998,1794.285,2095.375,2393.455,2557.7,2538.59,2354.0,2053.37,1862.32,1719.0900000000001,1563.185,1302.225,991.3820000000001,741.191,510.87300000000005,344.32349999999997,209.215,104.97865,60.21105,32.19865,9.59769,8.027149999999999,6.1983,4.67139,2.9793849999999997,2.99555,3.821065
2023-05-09 15:00:00,56.896,104.0077,99.30935,113.77020000000002,132.6352,196.416,279.14300000000003,337.3805,469.96500000000003,549.9295,624.197,543.9185,453.293,460.59450000000004,429.3865,358.91700000000003,334.6515,341.522,352.4695,415.3565,541.625,742.2764999999999,830.184,858.329,996.2535,1260.45,1549.1799999999998,1913.255,2237.0,2445.3,2452.61,2270.315,2080.4750000000004,1832.915,1690.495,1598.8600000000001,1311.96,1057.38,748.9735000000001,523.03,350.628,186.06349999999998,116.0535,62.7118,29.67305,14.87265,7.16563,6.52846,3.35534,1.858495,1.62704,0.144955
2023-05-09 16:00:00,44.72555,37.29175,19.59297,166.18055,170.45225,229.04149999999998,229.7405,198.439,298.158,372.6645,336.1015,528.534,665.78,398.7625,325.8455,376.5435,345.2885,356.5555,321.54449999999997,430.4525,491.67,558.2249999999999,628.8205,732.0405000000001,939.106,1194.495,1505.7199999999998,1766.565,2099.7749999999996,2299.0649999999996,2334.825,2224.55,1961.5749999999998,1786.76,1616.77,1469.79,1313.6399999999999,1007.4314999999999,714.1524999999999,482.23,315.2115,203.69400000000002,110.479,56.753299999999996,32.3091,16.57895,6.111095000000001,2.34726,0.03135,0.398165,1.6959849999999999,3.076495
2023-05-09 17:00:00,-79.61285000000001,71.22409999999999,217.8315,151.018,125.11075,155.0565,246.2285,299.68550000000005,343.603,457.34000000000003,504.49,624.696,675.4715,835.8910000000001,758.3955,587.6435,543.296,497.48199999999997,404.8725,423.243,541.6655000000001,623.0715,746.7065,792.327,933.1885,1126.955,1448.885,1689.555,2032.05,2234.34,2300.33,2204.865,1986.83,1787.62,1631.1,1511.5300000000002,1267.6599999999999,1004.8344999999999,737.858,509.83500000000004,305.2685,185.446,98.40655,54.4456,30.019849999999998,20.3689,10.918,5.757185,2.951415,1.6121050000000001,1.40319,0.12501500000000002
2023-05-09 18:00:00,-44.6132,38.72725,122.06800000000001,65.39095,100.13390000000001,305.023,358.717,317.47950000000003,322.4135,334.9475,485.01550000000003,556.182,586.937,563.724,541.9095,521.033,465.23249999999996,414.846,426.6915,483.66700000000003,556.8489999999999,579.808,672.677,750.442,814.3135,966.6980000000001,1165.04,1535.9650000000001,1867.355,2105.2250000000004,2135.0,2067.635,1868.955,1727.545,1616.18,1512.635,1360.25,1036.504,722.8409999999999,495.79499999999996,331.772,198.40449999999998,117.08600000000001,62.0039,32.462900000000005,12.321200000000001,8.620375,8.079995,4.765535,0.48533000000000004,0.04633,0.036379999999999996
2023-05-09 19:00:00,0.0,0.0,0.0,38.7846,91.59285,182.5955,168.3855,173.44650000000001,297.4335,569.6405,948.067,1509.455,1932.0,2188.225,2262.18,2164.41,1606.8649999999998,1073.845,673.682,497.9395,557.232,606.636,668.8054999999999,719.838,851.9305,1054.785,1266.99,1610.165,2019.565,2350.895,2479.19,2355.0,2236.87,1976.88,1809.63,1722.545,1514.755,1158.7350000000001,826.7175,570.4815,365.7075,220.598,123.1525,65.68039999999999,33.87765,11.29015,8.425519999999999,5.9117049999999995,3.5526099999999996,2.799515,2.39598,0.38439999999999996
2023-05-09 20:00:00,-15.556000000000001,13.95205,42.5633,22.45935,34.13783,171.0959,216.42,205.274,237.0845,385.413,670.9255,1108.655,1418.5900000000001,1599.76,1678.925,1492.17,1017.4725,669.3135,571.815,494.634,533.2860000000001,600.5540000000001,662.6055,832.928,986.06,1167.1599999999999,1400.21,1707.7,2073.1850000000004,2385.0550000000003,2585.25,2506.4300000000003,2267.3100000000004,2104.835,1982.595,1831.745,1632.595,1291.525,930.835,643.51,390.818,231.96,117.0615,66.43844999999999,42.79195,18.8285,5.4630399999999995,7.82194,3.772645,1.4372800000000001,2.1915649999999998,1.2744149999999999
2023-05-09 21:00:00,0.0,0.0,0.0,16.79325,26.5777,33.79052,70.92105000000001,89.57554999999999,153.421,224.2815,340.686,381.4125,421.5645,488.7315,533.8375,473.4785,415.5905,396.5005,407.53499999999997,442.7065,520.925,619.123,692.3015,867.809,1032.835,1229.0749999999998,1515.005,1842.74,2135.855,2395.96,2485.65,2453.37,2141.8900000000003,1952.19,1838.605,1737.885,1529.72,1234.625,867.4275,578.736,340.4185,205.625,111.214,62.943149999999996,37.15105,16.9343,7.486075,6.7844750000000005,3.4293,2.5809949999999997,1.57369,1.89905
2023-05-09 22:00:00,0.0,0.0,0.0,26.7698,56.6339,128.338,124.2735,90.67605,199.6855,219.2215,250.013,363.91949999999997,497.828,533.3865000000001,513.5065,503.18600000000004,497.159,476.78499999999997,455.9485,503.41,567.725,648.987,767.9075,855.2635,1020.8,1199.205,1420.54,1778.6799999999998,2068.065,2333.17,2414.925,2177.8599999999997,2015.365,1842.16,1767.0,1727.325,1478.1950000000002,1173.32,805.579,535.4929999999999,375.793,177.204,132.3135,72.27395,26.96275,11.70515,4.57106,2.02529,0.029695,0.52849,0.22993,0.7474400000000001
2023-05-09 23:00:00,-7.8003,20.1774,24.257765,32.4805,10.77425,2.841855,47.4005,55.709450000000004,114.7385,137.56,160.9875,220.156,317.3755,413.49,388.962,359.1725,403.2405,423.919,373.77750000000003,373.09000000000003,410.3645,548.3005,772.336,924.494,1078.875,1256.62,1453.665,1694.05,1876.8200000000002,1974.22,1979.2350000000001,1825.09,1630.645,1567.325,1545.38,1506.905,1358.215,1041.04,750.0485,523.9265,326.354,193.01100000000002,112.1925,60.3865,33.495549999999994,18.41035,10.5872,6.892810000000001,4.406135,2.670295,1.54007,0.16028
2023-05-10 00:00:00,244.8995,154.493,15.8812,0.0,0.0,0.0,23.807650000000002,58.31865,55.85915,96.1246,183.1005,336.1345,457.64599999999996,524.76,552.607,581.2945,581.5225,625.836,555.692,508.656,498.4665,567.015,729.3505,907.394,1120.7849999999999,1339.825,1589.755,1833.7849999999999,2017.18,2124.285,2080.415,1904.53,1749.24,1697.2150000000001,1619.025,1558.83,1389.135,1116.985,813.719,531.723,332.315,216.112,123.15,63.7386,26.4178,15.15245,11.69955,6.968725,5.46804,3.45139,3.763015,1.1549200000000002
2023-05-10 01:00:00,0.0,0.0,0.0,0.0,4.717645,21.8325,50.2804,48.5256,144.94355000000002,195.65050000000002,201.40300000000002,230.809,294.447,260.895,330.93399999999997,413.3905,494.637,493.14750000000004,422.547,378.4535,414.90700000000004,477.6435,629.0925,823.5139999999999,1052.5300000000002,1345.785,1699.45,2013.3450000000003,2270.09,2384.155,2371.8500000000004,2254.415,1928.025,1781.3,1708.605,1685.04,1460.025,1151.945,819.3545,555.7915,345.523,228.8505,116.32400000000001,62.059250000000006,30.3116,15.972999999999999,9.485945,9.83671,5.451065,3.8952600000000004,0.8901600000000001,0.507685
2023-05-10 02:00:00,-14.4843,14.0239,42.5321,40.0064,46.5112,16.778100000000002,18.7494,23.246325,23.856099999999998,36.85665,96.97874999999999,110.89269999999999,154.776,142.3955,202.8225,299.616,263.75,260.046,223.3615,280.96299999999997,319.13149999999996,386.661,540.7265,724.5905,952.2825,1236.01,1547.5300000000002,1935.625,2225.02,2380.16,2376.795,2214.755,1943.5549999999998,1771.725,1697.0700000000002,1633.665,1435.065,1158.96,810.4885,536.7215,328.5365,203.1265,128.74599999999998,66.4401,30.48145,18.36765,6.839695,8.30414,6.223365,3.91254,2.86867,0.48793
2023-05-10 03:00:00,0.0,0.0,0.0,0.0,5.7914,7.10125,8.94055,3.77103,49.28685,80.13645,75.55330000000001,99.88465,136.9763,79.42585,115.9925,149.0125,179.00099999999998,177.374,215.823,280.366,352.00800000000004,407.5285,505.2405,710.6305,890.9345,1076.35,1374.55,1818.04,2099.6800000000003,2265.065,2319.44,2183.98,1983.04,1811.375,1735.36,1710.2350000000001,1560.3400000000001,1197.905,859.404,570.953,359.447,226.0345,123.628,67.35365,40.665099999999995,14.17725,13.6229,8.272445000000001,4.403074999999999,1.173435,1.175185,0.29239
2023-05-10 04:00:00,-12.73345,12.3287,37.39085,37.549049999999994,5.153,9.6075,8.90555,1.42936,25.6217,41.78915,48.1503,59.777699999999996,76.23564999999999,131.345,151.23450000000003,226.91,182.8065,196.643,199.921,221.55700000000002,283.176,390.4445,453.62,686.874,855.406,1059.5900000000001,1368.915,1663.46,1952.6750000000002,2124.83,2201.485,2136.94,1934.3249999999998,1845.3,1798.64,1741.58,1595.6350000000002,1273.565,913.057,625.8595,403.8835,240.80200000000002,145.8825,72.92099999999999,31.8106,20.718049999999998,9.88199,8.575615,4.597825,2.74675,0.9640000000000001,0.25710500000000003
2023-05-10 05:00:00,-26.7949,34.81335,105.58314999999999,117.9727,83.4685,131.85500000000002,148.46699999999998,181.7495,189.35899999999998,214.40550000000002,206.22,205.4065,206.4305,208.332,223.039,227.124,253.032,265.1515,288.743,328.84450000000004,407.205,568.6714999999999,749.3164999999999,896.892,1066.06,1337.495,1597.85,1770.995,1911.18,2040.565,2080.825,2003.48,1895.97,1836.06,1817.0,1775.345,1566.2150000000001,1331.42,982.8335,643.7845,428.77250000000004,251.7355,140.80599999999998,75.35405,43.5573,29.24185,14.18195,9.439935,6.2240400000000005,3.35964,3.26493,2.30493
2023-05-10 06:00:00,0.0,0.0,0.0,0.0,25.534999999999997,87.13765000000001,74.419,62.40347,91.59270000000001,148.24349999999998,84.34635,161.3485,136.9645,113.125,163.9435,243.0815,233.776,210.536,229.4415,316.49850000000004,497.502,603.6715,810.8765000000001,1020.1415000000001,1184.76,1397.96,1683.685,1807.225,1916.725,1930.78,1926.665,1986.555,1862.9499999999998,1860.1,1826.875,1752.4850000000001,1753.87,1355.08,1021.98,700.9549999999999,422.27,273.265,142.73149999999998,75.05815,51.39765,30.98925,19.835900000000002,12.56555,6.1978,1.560445,2.23234,0.379935
2023-05-10 07:00:00,0.0,0.0,0.0,22.0561,66.25975,75.06335,61.0106,71.6142,119.95949999999999,167.9415,242.0675,250.50400000000002,270.6855,278.08,277.101,281.813,261.78,244.53,332.7645,430.95550000000003,609.668,796.5595000000001,912.1525,1150.26,1394.53,1655.81,1904.52,1919.6750000000002,1988.0149999999999,1975.02,1853.72,1848.1100000000001,1831.97,1892.795,1918.845,1912.43,1762.52,1471.62,1108.805,748.418,443.6735,291.3235,181.7385,110.7355,60.86155,25.68035,23.280099999999997,20.107599999999998,11.375250000000001,2.851035,6.38353,2.0049200000000003
2023-05-10 08:00:00,0.0,22.0214,66.7873,165.679,46.5166,146.405,219.043,236.198,233.087,385.218,524.901,427.067,347.1,340.096,364.588,408.764,388.673,382.13,353.668,466.158,588.472,836.816,1088.66,1386.09,1516.72,1742.27,2042.2,2151.65,2066.29,1961.96,1915.05,1930.76,1853.91,1903.84,1928.31,1987.65,1886.36,1488.08,1146.74,793.625,479.67,289.435,181.562,113.084,69.499,43.3947,15.2211,16.0993,9.77506,2.65429,3.01196,1.58475
2023-05-10 09:00:00,320.3025,257.66,302.7765,375.046,512.7935,529.4615,637.724,957.077,993.7325000000001,1029.6309999999999,1015.627,1151.2649999999999,1256.315,1155.245,1105.67,830.198,721.3835,610.6345,636.3235,718.942,814.255,931.2505,1156.17,1329.9450000000002,1581.6950000000002,1849.855,2050.125,2172.4700000000003,2207.7349999999997,2164.565,2061.515,2053.345,1964.895,1976.715,2031.7849999999999,1995.6999999999998,1861.67,1573.6,1165.105,807.7435,486.2985,286.3375,187.559,99.5029,55.2312,32.49535,15.278300000000002,12.339020000000001,8.527455,7.25959,5.43202,7.58324
2023-05-10 10:00:00,1594.19,1590.675,1977.205,2797.55,3551.36,4712.905000000001,5109.605,5197.6,4421.83,4020.7200000000003,4010.925,4185.865,3672.4300000000003,2547.215,1877.635,1481.435,1054.6599999999999,733.6575,548.577,673.5905,916.13,970.488,1310.05,1674.355,1852.6,1944.2,2112.495,2302.2200000000003,2308.46,2286.045,2253.8100000000004,2135.4700000000003,2189.045,2258.97,2297.66,2282.965,2115.265,1829.6,1375.505,926.9845,565.056,287.1755,197.202,97.96975,40.88535,26.761850000000003,7.164775,20.6948,16.40765,10.10931,6.6065249999999995,9.944704999999999
2023-05-10 11:00:00,1223.702,1206.6100000000001,1303.6950000000002,2503.81,3221.8,3703.48,3895.6949999999997,4340.405000000001,3970.4700000000003,3758.1,3665.105,4097.56,4321.58,3450.115,2572.255,1691.0,1110.165,776.1565,657.4095,773.7429999999999,881.7574999999999,1090.04,1475.0,1757.255,2012.4099999999999,2203.835,2420.49,2447.755,2477.95,2437.0,2338.6,2208.57,2307.8,2371.19,2465.33,2508.04,2361.91,1970.55,1450.51,930.8765000000001,564.1705,329.157,203.20600000000002,111.0375,51.61225,25.37605,9.33991,10.089145,9.008475,10.971250000000001,7.99892,5.984035
2023-05-10 12:00:00,1285.185,1551.505,2026.1,2974.0,3995.79,4611.799999999999,6423.08,7559.375,7582.62,7449.129999999999,6609.3150000000005,6192.345,5947.905000000001,4700.35,3250.12,2020.915,1360.01,842.357,692.808,748.623,1040.5549999999998,1367.395,1776.395,2095.4849999999997,2625.09,3153.345,3473.87,3171.05,2828.66,2557.14,2347.93,2139.795,2105.6800000000003,2214.02,2300.645,2352.865,2222.885,1913.2,1408.745,936.7660000000001,564.7909999999999,304.8865,161.78199999999998,86.34915000000001,43.4466,23.3848,12.711504999999999,13.1607,11.498,9.204215,9.69259,13.591650000000001
2023-05-10 13:00:00,739.3605,865.511,918.203,1043.1985,1280.287,1917.945,2526.82,3171.2699999999995,4611.58,4873.77,3696.315,2987.565,2334.565,1575.559,1167.4945,968.9725,683.764,490.3405,430.40999999999997,486.29949999999997,750.395,1270.88,1806.9850000000001,2519.89,3120.3450000000003,3702.35,4340.035,3957.2749999999996,3284.705,2734.16,2346.935,2073.8,1928.165,1960.025,2050.79,2110.4449999999997,2057.83,1707.26,1288.6750000000002,859.365,494.30899999999997,286.62,162.9835,85.09725,35.93685,22.7581,9.81804,10.523265,8.68431,5.239015,2.21404,5.828615
2023-05-10 14:00:00,-20.617150000000002,53.85915,67.41495,139.426,205.44600000000003,253.2785,417.85,518.067,719.128,841.5845,831.4325,849.586,789.3865,607.8125,468.4305,431.89,419.71799999999996,381.79449999999997,362.48900000000003,390.2265,550.7405,843.627,1366.0549999999998,2101.445,2807.035,3541.09,4225.125,4169.895,3597.3050000000003,2955.915,2446.935,2112.3500000000004,1935.77,1885.2649999999999,1948.54,2061.9049999999997,2076.225,1778.365,1305.4650000000001,862.9490000000001,509.27500000000003,280.383,153.413,76.48345,39.49735,19.9923,7.083589999999999,7.64002,5.983475,1.261805,0.479135,2.1040400000000004
2023-05-10 15:00:00,62.554,158.95850000000002,123.8788,171.4935,162.31099999999998,155.56,256.7605,405.7625,433.9595,556.784,826.0105000000001,889.863,865.3240000000001,860.5545,738.9324999999999,699.3875,542.4014999999999,486.41700000000003,439.45550000000003,484.7465,652.778,899.0515,1296.62,1882.03,2503.515,3026.74,3657.315,3692.45,3378.665,2895.445,2423.6800000000003,2006.3249999999998,1889.2649999999999,1872.69,1914.545,1990.335,1972.2849999999999,1678.325,1252.84,815.6935,463.43600000000004,269.7085,145.9475,74.1518,36.3228,19.9251,13.2574,6.38713,4.365025,2.640615,2.606105,1.979775
2023-05-10 16:00:00,-38.1418,36.92945,112.00065,76.58234999999999,98.98915,221.5885,273.464,262.2785,507.68600000000004,679.8855,731.914,978.1745000000001,1148.1950000000002,1118.118,1001.2159999999999,836.1565,579.417,437.43399999999997,409.2975,404.902,543.0295,841.9085,1179.3899999999999,1677.68,2112.875,2539.46,2866.5249999999996,2835.595,2650.165,2536.27,2369.41,1984.03,1840.54,1861.9099999999999,1962.83,2048.82,2107.33,1720.17,1270.9650000000001,824.2335,466.591,259.8705,158.53300000000002,82.84975,41.323949999999996,19.189300000000003,9.641105,5.81279,2.4043650000000003,1.6530749999999999,0.829275,0.13318
2023-05-10 17:00:00,-17.1735,97.6071,110.1575,62.39045,72.8351,122.1,200.0635,236.3525,327.38,357.957,420.438,520.9325,594.73,557.8565,492.9615,435.762,320.019,254.9515,267.557,314.374,436.986,750.4465,1134.01,1492.53,1602.2,1662.1399999999999,1834.225,1949.84,2173.6099999999997,2297.91,2271.685,1842.005,1860.96,1947.5,1995.5900000000001,1996.7350000000001,1978.2649999999999,1669.925,1289.525,890.242,510.4915,299.88300000000004,169.238,83.48435,38.50685,22.9009,13.502115,8.311225,5.1904900000000005,2.559915,0.690575,0.630045
2023-05-10 18:00:00,0.0,0.0,0.0,16.64715,15.2395,7.981,93.92925,237.305,384.2305,542.4680000000001,693.641,661.6265,610.875,587.3675000000001,481.3845,338.728,323.751,293.205,285.414,314.10699999999997,462.50350000000003,767.851,1195.115,1502.26,1642.915,1725.54,1879.915,1984.13,2165.3100000000004,2240.0249999999996,2135.3999999999996,1795.65,1835.1399999999999,1822.355,1856.915,1826.98,1693.24,1451.9650000000001,1092.76,730.5305,440.8835,265.94,156.666,79.03755000000001,47.25865,26.349800000000002,13.36725,6.367365,2.00234,2.270665,2.83499,3.69428
2023-05-10 19:00:00,0.0,0.0,0.0,17.3561,51.4041,123.414,97.0592,132.807,245.921,338.519,487.185,390.705,453.9895,526.731,502.25800000000004,449.029,479.613,516.469,557.0355,605.934,745.0295,971.9245,1264.045,1548.8000000000002,1748.17,1880.92,2104.75,2084.2,2253.58,2309.3050000000003,2144.8599999999997,1953.1,1902.6,1869.45,1892.835,1831.42,1684.775,1407.1950000000002,1080.915,755.719,452.841,305.54100000000005,157.48950000000002,85.56784999999999,51.46705,19.63775,13.4215,8.006905,2.021345,1.48603,0.6310549999999999,0.337335
2023-05-10 20:00:00,0.0,13.33965,8.0546,24.32545,32.585750000000004,101.81675,119.2105,183.637,205.01399999999998,284.4165,415.708,378.11400000000003,299.462,394.29150000000004,442.863,428.552,447.2205,496.678,556.7475,625.0025,742.5115000000001,920.239,1174.23,1606.495,1886.405,2079.3450000000003,2152.295,2194.51,2311.075,2366.65,2342.5699999999997,2002.4,1846.5749999999998,1889.3899999999999,1912.525,1872.98,1755.56,1395.425,1091.98,771.1235,463.7685,286.0235,159.725,85.1727,44.3334,18.0198,8.074200000000001,5.65645,4.147635,3.0717100000000004,1.8388900000000001,0.938655
2023-05-10 21:00:00,0.0,0.0,0.0,0.0,0.0,0.0,28.8083,74.0043,102.72825,148.253,308.2785,328.267,367.09349999999995,567.8995,569.906,530.354,559.226,521.242,439.352,513.6595,680.5875000000001,788.1904999999999,1023.8805,1425.6399999999999,1773.3049999999998,2000.51,2164.805,2227.665,2311.875,2391.215,2364.83,2009.3400000000001,1908.1,1914.155,1928.2649999999999,1864.115,1729.92,1443.325,1101.3,751.1015,449.276,281.751,145.736,87.763,50.20845,16.4294,17.45505,6.557874999999999,1.39443,0.780095,1.2089599999999998,0.21807
2023-05-10 22:00:00,164.6315,101.2003,17.9837,0.0,17.377299999999998,18.08315,37.85565,26.647475,32.503,98.82509999999999,167.2355,222.38600000000002,299.235,248.5685,294.329,379.53,344.36699999999996,379.8345,403.5285,406.20349999999996,459.735,553.307,836.193,1302.99,1735.4050000000002,1959.4850000000001,2177.585,2204.2650000000003,2257.045,2323.79,2301.425,2098.63,1964.6,1929.1999999999998,1896.1750000000002,1848.5900000000001,1669.005,1420.23,1091.355,759.646,504.8695,292.378,180.038,96.51865000000001,46.98245,20.76955,14.499649999999999,8.462465,4.713165,3.7229099999999997,1.213145,0.38462999999999997
2023-05-10 23:00:00,0.0,65.2959,18.12725,19.77495,11.80765,54.6438,40.34695,5.885515,69.1968,111.675,123.103,91.47194999999999,118.0975,171.197,161.69,167.46699999999998,154.24,178.007,208.10750000000002,292.8175,404.379,580.644,911.6215,1222.67,1459.285,1686.745,1858.495,1955.175,2062.535,2211.7650000000003,2256.455,2069.45,2076.3,2050.55,2000.3049999999998,1817.245,1646.24,1376.31,1057.705,728.7705,475.6815,333.23900000000003,183.183,95.1828,55.8941,28.505200000000002,17.5762,11.9225,5.376329999999999,0.098335,0.093915,0.06579499999999999
2023-05-11 00:00:00,0.0,0.0,0.0,51.1034,48.0032,30.234099999999998,13.18785,3.680335,43.4402,59.961600000000004,86.81405000000001,158.638,167.0815,177.6025,185.6445,239.6515,216.7355,213.363,254.017,309.39750000000004,419.869,630.5825,831.2945,1031.745,1277.1100000000001,1566.13,1781.595,1854.76,1918.1750000000002,2148.795,2296.26,2162.16,2205.42,2151.545,2062.32,1930.79,1591.975,1392.27,1055.6750000000002,747.126,538.0065,311.062,185.986,103.16075000000001,51.96495,16.08975,11.83905,6.201385,4.29794,3.605835,1.735245,1.6962
2023-05-11 01:00:00,0.0,0.0,0.0,0.0,0.0,0.0,12.57075,32.064655,29.2203,46.4572,71.1416,134.8345,138.285,153.9275,205.99900000000002,282.0295,240.29149999999998,217.144,269.7265,300.515,414.842,597.0945,769.861,931.647,1151.57,1450.3049999999998,1656.45,1779.47,1857.125,2024.525,2190.6499999999996,2139.3450000000003,2220.975,2223.4750000000004,2165.74,1969.3400000000001,1704.9650000000001,1418.72,1105.195,783.2194999999999,512.597,317.5875,183.7305,98.6183,51.14465,23.79685,11.5397,9.86866,5.65325,4.67597,4.21821,1.9730750000000001
2023-05-11 02:00:00,0.0,0.0,0.0,0.0,0.0,0.0,0.0,2.54327,45.969049999999996,79.0244,51.6534,46.04925,99.7966,274.437,332.199,315.08500000000004,444.8355,504.46500000000003,396.12,396.2325,409.892,505.2995,700.6835,1001.581,1170.315,1303.88,1473.105,1710.595,1839.4450000000002,1990.895,2192.4049999999997,2226.4700000000003,2208.245,2224.3050000000003,2180.585,1979.29,1762.51,1463.435,1140.035,810.7565,542.1265000000001,356.128,198.11,94.73085,48.507850000000005,23.3234,15.501249999999999,10.9144,7.54327,2.1976050000000003,1.4282400000000002,2.887735
2023-05-11 03:00:00,0.0,0.0,0.0,0.0,0.0,0.0,0.0,0.0,0.0,13.5922,43.75765,45.22625,58.34495,165.54399999999998,201.92849999999999,218.52700000000002,430.019,526.5205,428.5375,358.89250000000004,348.0075,442.5875,637.1395,833.8530000000001,1080.63,1308.83,1484.54,1756.885,1886.645,2024.595,2162.415,2191.275,2229.3100000000004,2278.9049999999997,2235.1800000000003,2070.955,1764.02,1417.245,1102.05,810.913,538.6405,365.54499999999996,212.02100000000002,107.26750000000001,49.620149999999995,27.4604,11.839649999999999,7.64678,6.505965,4.964005,1.957065,1.21449
2023-05-11 04:00:00,0.0,0.0,0.0,0.0,0.0,0.0,0.0,2.040795,21.781399999999998,27.746000000000002,43.8003,73.76820000000001,144.328,194.27949999999998,240.039,242.9355,265.493,293.7365,312.0565,337.4365,383.525,465.5665,661.7295,930.748,1168.635,1322.81,1457.32,1746.6399999999999,1876.35,1969.2849999999999,2115.38,2243.4300000000003,2222.6549999999997,2293.8450000000003,2257.8199999999997,2096.8,1811.35,1488.12,1175.185,848.1469999999999,561.531,357.5725,210.2395,113.11099999999999,46.38855,17.70375,11.399650000000001,8.279795,4.48401,3.4071049999999996,1.839095,1.170835
2023-05-11 05:00:00,0.0,0.0,0.0,0.0,0.0,0.0,0.0,1.9521000000000002,35.28375,51.790850000000006,36.492000000000004,72.2761,124.4165,204.195,236.268,265.2345,311.94,300.9865,322.8685,375.4435,403.1005,445.89700000000005,607.1565,884.1225,1148.97,1346.4850000000001,1457.09,1692.5149999999999,1778.62,1953.895,2053.5299999999997,2210.3500000000004,2217.04,2246.315,2273.225,2178.635,1819.22,1487.64,1128.46,799.5055,553.8735,345.496,193.456,105.57,56.00085,26.692,13.8375,6.15085,4.11043,4.144165,1.05291,0.305095
2023-05-11 06:00:00,104.7195,91.01610000000001,15.30915,0.0,21.40765,71.11304999999999,70.91405,57.965050000000005,90.99565000000001,129.7735,254.5485,245.156,224.248,210.3935,253.878,205.45350000000002,279.0415,360.05600000000004,338.9365,357.6605,395.0565,433.9945,618.8534999999999,903.387,1178.8449999999998,1424.5,1516.26,1674.0349999999999,1741.5900000000001,1855.445,1943.69,2007.8200000000002,2118.58,2178.6499999999996,2200.15,2098.55,1764.005,1383.9650000000001,1059.49,767.848,487.95000000000005,307.7625,186.7885,102.65960000000001,50.5756,20.02785,9.63808,9.1455,5.625109999999999,2.570385,2.34124,2.01351
2023-05-11 07:00:00,0.0,0.0,0.0,48.55035,86.896,103.27955,82.3512,57.07715,101.4709,122.77,101.08295000000001,142.99699999999999,137.64,126.88184999999999,142.9616,148.2775,250.63049999999998,297.741,254.709,274.9995,332.456,408.2215,547.206,811.0215000000001,1164.35,1430.85,1546.26,1603.645,1683.38,1786.81,1922.8400000000001,2030.8049999999998,2063.475,2131.085,2158.495,2045.3600000000001,1694.3600000000001,1293.005,975.503,702.6585,434.35699999999997,300.5095,168.937,86.3511,39.414249999999996,17.12225,16.740299999999998,7.556875,5.386195,4.13575,2.481695,3.80455
2023-05-11 08:00:00,0.0,0.0,0.0,73.1585,106.71424999999999,49.7155,99.767,152.989,269.577,260.93,265.0485,236.59449999999998,270.78,386.3705,428.37350000000004,429.27099999999996,494.212,597.6785,710.261,728.8415,733.009,723.243,761.299,897.0385,1108.4850000000001,1356.0149999999999,1530.7,1614.055,1729.185,1813.9299999999998,1897.98,2044.495,2146.785,2185.4049999999997,2137.7650000000003,1984.01,1628.17,1279.94,948.9765,648.04,426.76,277.94100000000003,161.69,86.64689999999999,41.16225,15.978150000000001,17.5845,9.787605,4.191965,3.96242,4.123755,2.3601650000000003
2023-05-11 09:00:00,327.394,229.3705,97.56985,136.5125,177.31,183.715,176.43,170.744,300.6345,370.2655,366.4225,486.381,542.068,548.1785,516.0995,556.7265,710.418,761.7055,703.0285,666.4615,622.002,538.421,608.925,755.973,1001.5219999999999,1288.6100000000001,1475.44,1546.28,1682.8200000000002,1843.87,1960.685,2087.83,2112.5299999999997,2150.83,2140.3900000000003,1978.6,1651.49,1255.975,941.271,679.7725,433.91,284.497,162.8765,93.24404999999999,41.4159,17.099700000000002,12.14285,5.965505,5.523714999999999,6.512605000000001,1.5531899999999998,2.074275
2023-05-11 10:00:00,200.33675000000002,297.3185,379.8495,339.03499999999997,359.322,553.9525,532.3585,407.14,454.15149999999994,528.93,621.0105,643.2570000000001,576.185,369.019,333.5155,324.9955,285.98249999999996,288.9415,266.459,348.8165,493.0285,567.8489999999999,705.9945,919.1575,1058.8,1220.125,1394.52,1445.97,1689.22,1949.7150000000001,2187.74,2298.15,2333.795,2310.8450000000003,2235.3500000000004,2012.7,1664.23,1272.4450000000002,934.077,660.2055,429.6305,284.3725,157.9515,75.6395,41.138099999999994,25.172600000000003,16.24735,10.76875,5.585345,3.851215,2.17967,2.9950799999999997
2023-05-11 11:00:00,204.19549999999998,147.6355,115.982,77.94155,49.1593,68.73875,55.898700000000005,59.3066,78.26465,86.07714999999999,85.91565,87.56385,109.288,163.619,173.498,188.3755,192.6205,198.53050000000002,279.18449999999996,360.11199999999997,513.6385,703.7494999999999,881.9295,1102.04,1234.9850000000001,1342.38,1469.4850000000001,1554.975,1682.5700000000002,1898.995,2180.19,2321.825,2362.73,2350.1899999999996,2228.14,1983.7600000000002,1675.57,1281.155,944.625,672.1635,469.6575,287.26300000000003,179.3,91.9482,37.7521,26.929650000000002,9.566265,7.422815,6.799625000000001,4.921435000000001,0.436465,0.373225
2023-05-11 12:00:00,219.73770000000002,420.547,715.356,569.1615,374.9185,360.94500000000005,331.9575,268.484,329.534,314.692,326.08,266.822,222.42700000000002,259.7875,237.75900000000001,223.8435,205.23,219.3015,294.9815,361.85699999999997,485.56600000000003,659.2,907.3055,1118.83,1250.685,1344.775,1424.955,1509.37,1659.1,1850.885,2069.36,2252.7200000000003,2263.755,2243.305,2162.575,1960.1,1700.835,1294.7199999999998,959.1714999999999,687.845,453.82349999999997,276.67449999999997,164.6465,87.80539999999999,38.35465,18.5063,8.41677,10.115245,8.230825,3.1690050000000003,2.68863,5.48227
2023-05-11 13:00:00,371.091,596.594,690.479,702.1075000000001,641.769,621.983,594.5145,659.3915,457.7335,401.6485,483.358,392.5375,342.0675,363.03150000000005,295.0565,161.716,189.915,222.552,249.08100000000002,329.863,502.2785,630.146,803.553,1059.885,1273.7350000000001,1439.255,1450.795,1475.105,1643.21,1875.7649999999999,2101.575,2284.045,2296.17,2216.115,2106.13,1955.79,1640.835,1258.51,914.706,643.767,406.373,292.54999999999995,157.593,78.4591,33.582499999999996,15.438200000000002,4.173445,7.399554999999999,9.045105,5.2860000000000005,5.67073,4.422215
2023-05-11 14:00:00,-13.73895,214.462,463.91049999999996,447.5785,444.24850000000004,527.8965,592.1495,730.2225,703.5805,820.424,559.9175,463.44,435.494,458.2685,413.901,362.4135,326.081,293.5685,231.2925,337.0675,496.1205,573.896,814.8175,1079.705,1290.94,1419.085,1454.225,1571.3,1641.3649999999998,1813.955,2070.425,2294.025,2318.685,2273.1899999999996,2160.4449999999997,1954.22,1678.5349999999999,1291.49,941.227,648.972,418.661,244.5235,152.257,88.32505,42.36645,22.0327,10.408525000000001,6.925025,7.23329,6.0225349999999995,2.9827950000000003,3.85898
2023-05-11 15:00:00,219.65800000000002,163.89,108.1221,161.697,280.2305,470.522,543.8315,625.3330000000001,621.9739999999999,613.7470000000001,535.0445,648.3445,724.6385,565.14,478.7095,456.105,347.1385,340.278,376.7635,368.3935,414.9855,593.924,722.527,916.511,1091.565,1269.73,1458.3600000000001,1558.6750000000002,1657.565,1852.455,2077.1,2330.49,2368.2749999999996,2347.605,2216.54,1973.1149999999998,1774.6,1372.55,1018.7850000000001,718.1875,456.63,269.2615,164.894,83.85685000000001,33.3038,23.42575,6.7867750000000004,5.84157,6.950915,4.62437,1.992275,2.39756
2023-05-11 16:00:00,239.3485,147.459,25.23105,171.3902,127.27905,181.93099999999998,305.03700000000003,586.1565,762.4794999999999,895.6735000000001,1124.7125,1600.8049999999998,1673.505,1625.87,1393.315,1097.92,807.749,638.6385,506.91,357.5375,372.804,475.7445,598.9159999999999,788.7705000000001,1103.02,1395.84,1594.385,1709.385,1709.87,1782.37,1973.15,2251.21,2425.455,2417.575,2249.875,1995.495,1736.92,1367.135,1004.5475,677.9115,427.70050000000003,266.9185,163.3045,84.54635,36.865750000000006,27.7937,4.53731,7.20362,6.629165,4.3495550000000005,2.0745649999999998,1.611675
2023-05-11 17:00:00,-30.85335,30.23095,91.31530000000001,122.0383,128.17589999999998,85.4957,130.8515,172.50900000000001,387.96000000000004,500.37649999999996,531.979,704.5335,827.973,718.3299999999999,783.2785,946.1775,1148.545,1315.5149999999999,1284.575,1011.6735000000001,818.0715,761.223,832.2985,1015.155,1332.585,1785.8899999999999,2090.9049999999997,1990.275,1849.635,1857.8899999999999,1963.055,2273.96,2469.715,2470.0299999999997,2326.065,2071.675,1799.545,1380.44,993.2045,679.917,432.31899999999996,265.758,155.8285,83.9762,40.801500000000004,19.44615,8.86014,9.268745,4.775595,2.9338550000000003,2.9411750000000003,2.246415
2023-05-11 18:00:00,-19.10305,18.71765,56.5385,54.54025,85.4379,116.737,158.5265,229.325,316.0795,401.32550000000003,413.922,437.8555,478.16099999999994,634.9515,840.66,1137.04,1559.315,1760.79,1694.315,1479.6,1119.195,968.854,1006.1985,1290.27,1639.35,1964.8000000000002,2171.675,2072.615,1933.4299999999998,1868.545,1967.345,2325.64,2575.5550000000003,2484.53,2281.7250000000004,2086.8900000000003,1735.89,1391.3400000000001,969.2615000000001,645.106,428.371,255.32549999999998,155.614,77.80445,39.4874,25.0842,6.49488,8.78228,8.650895,5.552685,4.650285,2.9570800000000004
2023-05-11 19:00:00,0.0,0.0,0.0,0.0,23.97535,93.73065,148.029,245.873,159.6615,201.7445,177.0465,269.355,423.807,648.6795,931.533,1216.695,1495.145,1653.415,1520.5749999999998,1250.18,1035.835,779.1465000000001,932.6089999999999,1224.2,1502.9650000000001,1710.6950000000002,1900.775,1855.65,1749.625,1743.205,1926.9499999999998,2261.9350000000004,2366.33,2420.02,2309.3050000000003,2073.98,1777.005,1348.635,964.312,663.8525,428.93449999999996,259.2935,147.55,79.22964999999999,44.41685,20.8032,8.48087,8.846779999999999,5.777225,3.43487,2.120835,1.266975
2023-05-11 20:00:00,0.0,0.0,0.0,0.0,0.0,0.0,36.7863,60.55675,99.3643,126.43650000000001,160.7865,207.7235,267.6925,296.453,606.733,1026.4705,1268.45,1370.995,1334.51,1123.98,904.9739999999999,804.3065,875.9655,1022.6875,1289.875,1589.44,1852.945,1930.06,1834.655,1771.375,1878.35,2237.0150000000003,2416.1949999999997,2411.335,2280.8199999999997,2063.3,1809.33,1414.38,1018.185,666.0575,423.762,272.6425,154.9395,88.1762,40.706900000000005,16.93395,10.926549999999999,6.93749,6.847659999999999,4.623165,1.958235,3.821835
2023-05-11 21:00:00,0.0,14.8547,7.65455,54.7548,82.652,44.0399,47.4126,0.86939,15.71405,45.04945,67.6998,122.90395000000001,139.6585,242.93800000000002,400.42650000000003,599.7139999999999,767.869,900.718,960.646,974.526,914.238,785.5999999999999,853.597,1049.115,1300.21,1653.56,1992.645,2014.365,1934.185,1873.925,1958.875,2344.47,2472.71,2484.25,2370.96,2129.455,1845.92,1424.75,1004.0944999999999,692.966,468.3055,265.89599999999996,155.3585,87.04845,37.2307,25.7381,11.04191,7.1086100000000005,4.19217,1.212945,1.45189,1.35359
2023-05-11 22:00:00,-15.73955,35.21755,106.37764999999999,86.0115,14.0621,9.877,110.6182,121.0628,105.92670000000001,63.91175,74.21495,139.7265,194.65550000000002,193.79649999999998,284.249,444.8175,628.0989999999999,740.338,811.927,853.2705000000001,877.8495,857.9865,815.2435,984.738,1253.175,1568.1399999999999,1878.205,1933.87,1955.12,1865.48,1846.2350000000001,2217.29,2518.525,2553.38,2429.7349999999997,2163.5,1927.415,1468.245,1020.44,667.659,443.233,262.3225,148.92849999999999,76.58685,36.3287,19.02935,10.35896,8.58469,8.14198,4.769115,2.138605,1.6808100000000001
2023-05-11 23:00:00,-16.43505,63.573499999999996,83.69059999999999,180.3085,224.2255,292.165,181.00799999999998,56.7286,74.2801,124.65449999999998,221.732,406.8685,619.355,715.1875,849.564,777.465,664.768,505.9055,377.4815,369.18600000000004,429.46000000000004,420.2455,559.6275,675.001,806.572,982.0625,1182.825,1371.1599999999999,1502.9850000000001,1626.705,1753.52,2041.255,2261.8599999999997,2397.735,2345.9700000000003,2168.175,1996.21,1476.38,1062.05,716.393,453.0125,295.095,157.11,81.05295000000001,40.377250000000004,30.12,6.597145,6.787205,5.813945,3.3229949999999997,2.294275,2.073455
2023-05-12 00:00:00,-25.125,71.7711,73.3219,111.299,101.179,58.0213,23.2623,56.3735,34.9807,85.2563,47.3406,118.227,229.536,374.929,503.625,643.289,500.288,391.051,396.217,345.682,284.504,394.649,490.599,605.885,738.163,850.03,941.957,1208.68,1342.86,1491.92,1718.41,2006.73,2278.1,2395.17,2360.15,2298.31,1924.37,1524.25,1113.92,738.091,461.302,288.874,171.696,96.6236,38.3123,20.6559,13.8551,5.78897,6.6206,3.7871,1.24039,1.65958
2023-05-12 01:00:00,-31.1285,69.1649,90.8416,142.086,159.721,96.408,68.5379,57.9732,53.5443,86.1404,97.449,92.288,113.251,248.904,256.828,338.352,357.4,343.984,329.777,312.082,304.452,562.404,574.665,607.756,703.836,801.695,936.047,1162.58,1324.01,1484.82,1653.58,1950.1,2179.2,2307.86,2382.09,2322.63,2036.4,1643.75,1177.58,747.682,487.039,291.734,171.129,99.826,39.8321,13.7073,10.5761,7.15039,3.41459,3.1085,4.03292,1.61748
2023-05-12 02:00:00,41.85975,101.32115,118.387,56.181200000000004,11.9344,56.1434,70.0204,60.18966,73.49905,77.5492,73.46925,113.227,142.58275,137.1345,166.8925,205.8485,221.552,247.3915,265.6145,329.765,429.5625,580.954,637.4355,691.5845,746.4290000000001,831.1524999999999,928.221,1164.49,1338.025,1476.795,1628.72,1938.7649999999999,2219.835,2382.695,2415.125,2298.84,2024.18,1633.78,1184.93,762.1700000000001,481.552,263.6195,153.9995,83.6657,44.84654999999999,23.27225,9.01644,6.564385,8.890005,5.129865000000001,2.3497,2.2001049999999998
2023-05-12 03:00:00,0.0,0.0,0.0,38.0884,13.3122,38.6501,26.0745,3.45409,33.4257,62.0165,44.2008,99.0755,147.394,129.703,173.478,255.919,335.437,418.989,463.851,474.933,488.232,558.289,569.789,652.809,749.206,956.036,1088.06,1330.69,1415.16,1537.19,1681.03,1872.6,2198.51,2372.3,2457.29,2428.49,2028.55,1645.6,1216.1,817.51,501.788,304.887,162.524,83.4611,38.588,20.9667,16.658,9.6029,4.44197,0.7695,1.14547,1.68421
2023-05-12 04:00:00,0.0,0.0,0.0,47.3313,84.7724,78.0384,89.4671,3.4622,70.009,77.4492,42.7937,45.7558,48.4264,68.0225,186.667,217.506,394.046,493.941,479.28,528.912,577.289,495.12,591.734,727.093,814.065,932.476,1146.5,1297.31,1444.2,1499.88,1678.68,1959.65,2201.13,2344.42,2474.48,2390.54,2093.61,1685.01,1240.31,828.849,482.671,311.52,184.731,95.3912,42.3382,21.0178,12.8906,4.96864,1.4546,1.76706,2.66322,3.89213
2023-05-12 05:00:00,0.0,0.0,0.0,0.0,40.0191,127.641,90.7765,119.153,93.7856,82.0574,93.2623,119.34,143.899,193.243,267.991,409.939,352.963,378.421,525.769,553.733,539.497,594.867,666.611,730.062,808.945,918.498,1152.26,1248.98,1308.94,1396.12,1553.72,1811.3,2089.01,2322.97,2430.81,2375.49,2132.43,1660.64,1186.3,773.402,476.818,299.285,155.4,74.8064,51.1773,17.0485,9.86266,5.56931,0.00521,0.28338,0.00916,0.00062
2023-05-12 06:00:00,-19.4346,18.6405,56.7155,122.842,189.147,79.9,90.5965,116.806,43.2865,37.5936,21.5514,93.8303,175.601,155.197,201.159,288.924,268.357,391.04,541.695,654.896,667.666,671.042,718.273,821.574,881.331,967.935,1091.36,1156.34,1245.06,1332.46,1478.98,1683.73,2011.78,2258.63,2399.97,2381.47,2049.95,1658.81,1224.06,821.097,489.51,278.523,166.526,86.1783,38.457,15.8075,12.8686,8.24239,5.25423,0.8562,0.00708,1.8209
2023-05-12 07:00:00,0.0,24.32635,28.32025,17.24005,14.06665,6.6353,0.0,0.534135,10.8007,31.051785000000002,59.3557,57.914249999999996,86.31569999999999,130.31650000000002,187.2375,164.76999999999998,273.3045,322.68600000000004,433.399,585.0005,722.6034999999999,805.6105,789.6524999999999,794.312,865.5485,971.697,1073.635,1142.44,1238.22,1328.7150000000001,1442.3200000000002,1742.98,1914.3049999999998,2199.125,2369.48,2287.7749999999996,2005.835,1577.01,1123.835,723.377,422.946,268.044,150.84,76.72579999999999,41.10755,10.28782,10.907399999999999,7.2052950000000004,4.880685,2.37629,0.019334999999999998,0.00085
2023-05-12 08:00:00,0.0,11.89975,36.2063,17.7362,0.0,0.0,34.43,50.5989,35.0296,28.55765,37.70465,34.3166,32.515855,50.373749999999994,47.4218,69.47345,125.59639999999999,194.67200000000003,276.5,350.26300000000003,519.355,651.8005,724.9035,819.9390000000001,914.9984999999999,992.8985,1058.085,1083.075,1214.47,1339.99,1450.67,1612.695,1820.58,2072.165,2244.325,2188.74,1889.72,1463.5,1058.0,690.123,416.7015,238.255,138.1,70.98515,29.054,14.7164,11.650300000000001,8.98163,6.2412600000000005,3.1060800000000004,0.032945,0.000275
2023-05-12 09:00:00,0.0,0.0,0.0,0.0,0.0,0.0,17.4897,40.3118,94.0586,113.803,133.434,112.484,112.684,196.925,229.259,255.491,289.767,339.018,394.873,430.421,590.967,776.685,828.45,887.161,910.039,1063.64,1087.7,1070.44,1144.82,1195.77,1366.27,1577.31,1909.12,2053.52,2164.14,2175.81,1877.33,1479.38,1032.3,674.044,419.814,245.394,134.154,65.1139,30.3651,16.8695,10.2485,8.84574,5.29808,0.79088,0.84655,1.64213
2023-05-12 10:00:00,0.0,0.0,0.0,0.0,9.19569,43.2595,79.0093,114.087,152.377,174.814,141.858,161.369,165.188,232.025,226.141,177.741,229.786,287.267,332.566,405.761,447.857,414.149,499.825,611.042,714.43,791.244,938.667,1038.72,1095.01,1208.69,1373.91,1609.5,1763.2,2040.68,2167.16,2067.16,1842.09,1447.39,1033.79,661.771,397.652,257.711,144.245,73.7266,28.4231,5.61237,6.01527,5.45777,3.59413,0.86413,0.2483,3.88712
2023-05-12 11:00:00,0.0,89.7407,76.8745,150.5315,87.2869,122.8779,117.993,139.5925,157.322,195.3305,310.45050000000003,528.8910000000001,784.47,1086.5349999999999,1069.8315,889.625,716.38,558.6165,430.383,377.251,332.79449999999997,404.76800000000003,482.358,580.3050000000001,712.3905,838.896,1047.77,1189.33,1243.745,1337.37,1434.58,1534.965,1783.7649999999999,2001.155,2102.535,2116.39,1864.3649999999998,1461.21,1018.74,670.2764999999999,409.5165,233.06099999999998,137.9135,71.77199999999999,34.959599999999995,19.697850000000003,5.537295,3.0682650000000002,3.35444,0.510425,0.10521,1.00043
2023-05-12 12:00:00,8.93686,193.293,140.266,262.041,446.169,323.105,442.174,538.355,455.939,576.535,867.592,889.63,980.969,1489.22,1965.52,2234.81,2032.44,1962.56,1313.67,886.343,633.201,427.217,465.166,502.758,652.429,903.164,1212.51,1384.4,1438.87,1476.44,1524.25,1731.91,1878.47,2082.7,2221.28,2228.33,1949.16,1499.56,1061.18,683.462,415.155,257.915,125.618,64.0311,29.1444,3.92221,3.58149,5.44943,4.83492,2.72692,0.01767,0.04333
2023-05-12 13:00:00,127.18995,175.42849999999999,310.965,467.722,660.258,985.4195,1153.975,1124.2649999999999,1409.415,1867.225,2486.41,2752.225,3318.815,3490.955,3860.35,4326.175,5183.955,5626.195,5558.755,5522.49,5072.945,3649.6400000000003,1985.23,1068.045,825.385,930.2625,1354.22,1688.98,1819.125,1852.5949999999998,1910.705,1836.22,2008.44,2156.01,2289.55,2250.31,2002.965,1606.59,1136.9499999999998,711.4385,448.462,256.273,137.22899999999998,70.2387,37.22245,16.98585,10.838664999999999,8.32109,5.41249,1.592495,0.010605,81.36967999999999
2023-05-12 14:00:00,128.4185,165.9085,108.10249999999999,146.6405,190.5745,236.738,303.3265,516.976,512.6690000000001,663.871,856.3355,1497.528,1992.415,1687.25,2060.085,2849.565,3404.525,4050.62,4832.9349999999995,5181.795,4905.4400000000005,3962.4449999999997,2743.21,1832.56,1473.35,1666.615,2031.27,2404.125,2498.775,2489.715,2354.415,2268.6899999999996,2212.5299999999997,2306.415,2367.63,2335.83,2162.85,1659.555,1203.69,783.1514999999999,444.1105,292.3245,172.925,83.3177,37.96435,16.0322,11.40917,4.14255,0.17452,0.396285,1.5816949999999999,3.04826
2023-05-12 15:00:00,158.5695,102.2989,21.5178,23.29135,4.836185,22.75095,39.79805,23.15135,84.42455,128.023,171.6575,168.52949999999998,149.1085,250.8085,315.1815,340.60400000000004,292.765,348.267,561.245,722.7090000000001,896.098,1231.6934999999999,1485.475,1490.1,1457.895,1411.245,1928.3,2326.885,2516.335,2538.895,2505.505,2376.0150000000003,2344.75,2416.83,2514.84,2457.1049999999996,2096.825,1705.665,1219.02,787.1285,495.55449999999996,277.5725,162.73649999999998,79.2541,33.81325,14.378530000000001,9.067915,6.436154999999999,2.972915,1.1904,0.046195,0.006465
2023-05-12 16:00:00,0.0,0.0,0.0,21.52415,53.2163,75.20535000000001,103.17895,150.7725,184.4845,216.2535,239.358,255.67950000000002,228.25400000000002,268.83500000000004,266.6295,260.297,350.17999999999995,415.7075,409.0115,381.04049999999995,337.548,364.4545,428.62800000000004,499.7345,605.1020000000001,841.1525,1310.2350000000001,1931.6350000000002,2297.01,2496.465,2517.96,2498.7,2469.55,2481.67,2510.5600000000004,2449.2200000000003,2172.0249999999996,1732.98,1237.77,810.9984999999999,492.205,281.8465,155.8885,79.35480000000001,39.22995,11.89335,2.38203,0.0765,0.85604,1.7902250000000002,0.268075,1.276345
2023-05-12 17:00:00,0.0,0.0,0.0,31.7472,48.3313,60.9142,70.4999,58.7145,114.192,176.721,180.434,226.414,246.742,309.966,298.3,222.675,327.95,328.873,388.34,459.881,403.307,501.743,521.329,557.582,654.447,840.133,1370.76,1885.06,2276.47,2509.24,2547.49,2522.82,2363.39,2485.94,2561.15,2530.54,2274.52,1816.5,1309.81,849.216,513.876,318.302,160.57,71.6131,34.311,8.77712,9.15092,6.43631,3.34861,2.78424,0.54437,2.00571
2023-05-12 18:00:00,0.0,12.1372,4.656615,15.81415,4.58516,6.0865,27.643299999999996,33.225415,119.5975,114.39850000000001,126.1789,168.50549999999998,199.35199999999998,198.697,234.102,208.1345,250.09249999999997,267.51,283.40200000000004,361.225,420.423,425.534,486.0285,589.0450000000001,739.3074999999999,946.6745000000001,1467.245,2006.225,2384.2299999999996,2585.55,2651.635,2596.9449999999997,2516.835,2552.1000000000004,2586.925,2529.885,2231.37,1777.5149999999999,1309.1,855.2104999999999,521.293,330.23,188.5035,96.09185,37.820899999999995,12.123660000000001,10.749099999999999,5.56498,0.667565,0.16287000000000001,0.46376,4.138915
2023-05-12 19:00:00,0.0,0.0,0.0,0.0,0.0,0.0,11.64935,20.413179999999997,30.18755,32.39365,42.9709,119.243,170.6055,186.3085,180.3075,89.73920000000001,192.2905,253.926,217.31799999999998,228.817,321.60850000000005,522.325,612.2615000000001,789.0595000000001,969.6475,1241.605,1635.75,2204.995,2779.335,2985.265,2910.98,2797.05,2745.325,2730.01,2742.8199999999997,2594.625,2274.91,1824.69,1329.18,872.9735000000001,523.586,314.313,177.43,99.82545,48.863550000000004,22.8065,8.377615,3.64098,1.4531450000000001,0.69548,0.05839,1.847505
2023-05-12 20:00:00,0.0,0.0,0.0,0.0,0.0,0.0,0.0,1.09134,22.068,25.5939,30.1673,78.8415,148.43,97.7334,135.224,150.291,153.018,181.063,227.335,268.745,371.831,593.163,759.302,892.492,1128.23,1456.66,1814.42,2516.85,2871.13,3062.09,3217.64,3050.54,2906.7,2780.01,2679.04,2635.89,2363.02,1875.89,1361.96,889.167,514.635,306.758,175.983,88.691,36.4976,18.7801,12.4302,5.28617,0.10425,0.8359,0.10341,0.50498
2023-05-12 21:00:00,0.0,0.0,0.0,0.0,0.0,0.0,8.00165,19.6599,23.3856,41.888000000000005,58.4367,41.0313,31.4959,57.027100000000004,76.32735,105.16745,118.42830000000001,102.89699999999999,153.3135,229.696,286.61199999999997,431.13300000000004,517.607,645.9925000000001,727.349,893.5145,1260.96,1840.5349999999999,2374.4449999999997,2713.52,2940.825,3083.76,2980.255,2938.84,2883.825,2743.005,2395.5550000000003,1940.785,1414.725,903.1785,567.0074999999999,318.187,179.889,93.90545,37.632850000000005,25.55725,5.7242999999999995,1.603485,0.68621,0.020875,0.012334999999999999,0.00016999999999999999
2023-05-12 22:00:00,0.0,0.0,0.0,0.0,0.0,0.0,36.269549999999995,56.419799999999995,99.66215,108.05199999999999,100.0851,100.686,123.336,129.21450000000002,110.47999999999999,112.5965,152.457,158.229,184.6815,199.2305,225.6705,280.64099999999996,469.852,570.92,653.3264999999999,737.254,961.5475,1573.5,2108.99,2610.4350000000004,2954.6800000000003,3204.87,3065.5299999999997,2998.1,2916.4750000000004,2818.615,2564.0200000000004,2045.4,1508.105,985.928,548.3275,351.82050000000004,187.9185,89.11895000000001,38.3802,10.7828,2.60148,0.42018,0.308765,1.1277949999999999,2.04048,2.02663
2023-05-12 23:00:00,0.0,0.0,0.0,0.0,0.0,0.0,0.0,0.65618,13.26855,27.84765,44.886925,100.14305,86.74615,64.556,102.30510000000001,169.435,185.001,183.65449999999998,159.20499999999998,182.8435,212.014,270.7565,404.077,526.7545,645.174,772.924,988.6835000000001,1383.0549999999998,1997.775,2584.9700000000003,3094.98,3351.58,3273.855,3189.3050000000003,3099.7650000000003,2959.585,2670.56,2143.55,1588.5349999999999,1079.09,616.8945,364.12800000000004,202.5195,98.0021,44.2471,27.90305,16.5207,12.2453,7.890874999999999,3.939985,0.0354,0.00021
2023-05-13 00:00:00,0.0,0.0,0.0,0.0,0.0,0.0,0.0,0.0,0.0,0.0,0.0,34.13505,55.71485,98.76485,129.518,130.389,111.73750000000001,132.691,183.817,204.4405,219.9035,219.256,300.642,429.846,625.4970000000001,770.6800000000001,857.5640000000001,1269.42,1801.865,2362.7650000000003,2923.335,3397.595,3368.92,3236.35,3124.1099999999997,3020.615,2796.505,2229.785,1689.195,1154.28,641.7625,385.5455,214.80349999999999,109.208,47.08085,22.4396,14.207249999999998,9.049900000000001,5.396355,4.02225,2.8243850000000004,2.29344
2023-05-13 01:00:00,0.0,0.0,0.0,0.0,0.0,0.0,0.0,0.0,0.0,0.0,0.0,5.07215,14.1797,31.64258,44.462,49.748549999999994,69.0846,90.77755,147.4925,205.054,226.78449999999998,238.478,252.0235,354.12850000000003,549.346,760.789,878.8025,1137.5549999999998,1666.815,2276.45,2883.7700000000004,3230.185,3348.13,3210.76,3117.585,3045.65,2899.1,2323.7200000000003,1740.6100000000001,1169.06,679.136,409.37649999999996,225.44549999999998,116.72049999999999,55.5172,23.472949999999997,16.68195,8.63381,4.83725,2.543465,2.59503,0.69138
2023-05-13 02:00:00,0.0,0.0,0.0,0.0,0.0,0.0,0.0,0.0,0.0,0.0,0.0,0.0,5.366210000000001,30.83365,63.2483,92.6788,133.57,141.3895,149.1335,186.4955,219.493,236.64249999999998,280.3875,355.203,473.2505,677.799,921.733,1094.3400000000001,1558.6950000000002,2160.46,2720.48,3129.375,3254.125,3198.135,3120.855,3024.36,2798.5,2448.6400000000003,1795.34,1194.685,734.912,408.6255,224.2505,111.4405,52.12025,23.997149999999998,7.8536649999999995,7.05593,5.3608899999999995,4.026175,3.7095149999999997,1.709895
2023-05-13 03:00:00,0.0,0.0,0.0,0.0,0.0,0.0,0.0,0.0,0.0,0.0,0.0,0.0,1.195475,2.712975,13.938500000000001,37.099450000000004,92.83685,139.66750000000002,172.2415,215.2785,236.818,263.2115,351.3215,396.376,468.3225,589.3075,770.3275,1016.172,1430.83,1929.32,2403.555,2693.48,2844.3,2767.795,2744.9350000000004,2694.335,2584.815,2204.8450000000003,1703.1100000000001,1163.945,688.4860000000001,395.6125,204.7295,103.382,48.2132,18.39835,11.4109,6.61965,4.942825,3.22006,3.159525,0.90344
2023-05-13 04:00:00,0.0,0.0,0.0,0.0,0.0,0.0,0.0,0.0,0.0,0.0,0.0,0.0,0.0,0.0,14.7168,39.171049999999994,49.60125,94.76599999999999,182.0405,300.922,456.79650000000004,686.2605000000001,709.5915,753.53,835.9845,877.277,904.078,975.634,1207.625,1593.6,1975.2800000000002,2235.0150000000003,2359.96,2339.925,2280.71,2159.955,2016.7399999999998,1806.31,1382.595,962.433,614.7705,315.966,175.767,90.8703,37.69345,15.593250000000001,8.232455,5.190405,2.5724850000000004,1.344655,1.90202,0.282625
2023-05-13 05:00:00,0.0,0.0,0.0,0.0,0.0,0.0,0.0,0.0,0.0,0.0,0.0,0.0,0.0,0.0,9.72371,25.164450000000002,59.81125,114.604,213.904,336.6155,555.514,1073.405,1530.8049999999998,1901.005,2008.355,1939.68,1642.1950000000002,1445.8899999999999,1399.905,1458.4099999999999,1690.255,1839.97,1973.9450000000002,1970.7199999999998,1902.495,1866.48,1671.1350000000002,1454.4299999999998,1145.115,814.2515,524.379,285.68399999999997,138.4545,69.22505000000001,33.0394,12.32859,4.4129700000000005,4.08081,3.054435,1.417265,1.0884749999999999,0.27247
2023-05-13 06:00:00,0.0,0.0,0.0,0.0,0.0,0.0,0.0,0.0,0.0,0.0,0.0,0.0,4.651345,26.7261,80.824,110.8635,187.2165,275.48350000000005,369.2635,547.765,848.1595,1371.9450000000002,1831.1550000000002,2264.975,2622.585,2963.3,3030.135,2484.0249999999996,1860.045,1528.8600000000001,1482.955,1543.075,1550.74,1513.865,1412.6599999999999,1325.205,1255.7350000000001,1050.476,840.3335,598.9795,351.37649999999996,205.0655,102.7525,50.0373,24.83155,10.91161,3.129205,2.69808,2.4487750000000004,0.78523,0.12517,0.09119
2023-05-13 07:00:00,55.263,45.85615,7.306585,0.0,0.0,0.0,0.0,0.503575,5.13325,13.20235,44.0947,43.5593,54.9996,178.878,297.5715,427.4875,580.4345000000001,754.157,946.4105,1196.815,1503.835,1685.095,2118.065,2403.4049999999997,2591.24,2551.455,2473.91,2321.08,1948.425,1519.4850000000001,1199.355,1115.135,1077.675,950.2280000000001,838.0255,751.4945,660.6415,545.4594999999999,430.687,306.3905,185.7625,94.6075,50.79745,24.7934,13.077224999999999,3.18056,3.9555800000000003,1.98591,1.65378,1.09964,0.48972499999999997,0.117955
2023-05-13 08:00:00,0.0,0.0,0.0,0.0,0.0,0.0,0.0,0.52944,4.80118,16.538135,21.86425,46.45895,94.38085000000001,197.59949999999998,299.6205,402.8595,666.086,847.2355,1018.3515,1384.42,1768.525,2180.995,2591.52,2771.81,2756.435,2619.06,2352.3900000000003,2175.9,1946.875,1626.48,1286.65,1026.7649999999999,985.044,920.192,800.3195,683.4905,588.16,509.8925,385.03049999999996,256.671,148.63299999999998,72.4359,35.33625,17.09725,11.84065,4.59265,3.9743699999999995,1.41085,0.0,0.25945,0.852635,0.26527
2023-05-13 09:00:00,104.525,57.5505,7.06075,0.0,0.0,0.0,10.2623,1.434605,21.9697,16.5766,25.867060000000002,18.6076,21.589669999999998,101.57325,158.493,148.52,452.38700000000006,725.654,981.31,1419.99,2055.46,2839.67,3607.8549999999996,4059.0250000000005,4566.719999999999,4547.34,3850.515,2759.95,2101.075,1693.175,1471.03,1118.575,956.1745,821.6795,732.861,631.0035,496.416,421.871,320.1725,234.007,147.0615,83.49625,34.76845,18.689,7.24098,2.9637700000000002,1.119935,1.432505,0.610215,0.27819,0.002045,0.018305
2023-05-13 10:00:00,0.0,13.06775,6.5919,20.7248,16.37583,32.02975,94.3515,162.5155,72.22315,42.6586,80.69775,48.5955,45.01035,73.0859,85.93815000000001,108.36349999999999,174.86950000000002,260.967,380.427,614.8625,1035.9535,1674.355,2520.6099999999997,3501.455,4482.200000000001,5153.42,5339.205,4021.4300000000003,2713.545,1913.095,1571.1,1281.9850000000001,1027.025,836.6625,690.1505,574.3720000000001,450.85,369.90599999999995,304.068,208.5105,131.6875,70.9993,33.887,16.1125,7.719415,3.6074100000000002,1.2525,0.529495,0.06676,0.00313,0.002545,0.011394999999999999
2023-05-13 11:00:00,0.0,52.4076,52.4924,38.98015,36.3299,49.24425,37.86555,25.06337,31.38435,55.6165,67.13024999999999,74.277,50.567949999999996,100.6918,81.38204999999999,47.8891,200.6795,316.2585,313.721,593.7975,963.0219999999999,1308.76,1929.12,2691.68,3422.05,4183.905000000001,4812.105,3891.31,2474.62,1581.98,1194.375,1031.44,858.1975,726.9055000000001,605.3185000000001,498.0905,378.5585,302.375,228.7145,160.6565,90.52680000000001,48.0185,26.662,14.1404,4.027585,1.13637,0.116025,0.0,0.348025,0.000205,0.023289999999999998,0.15104
2023-05-13 12:00:00,69.8665,87.98514999999999,86.75465,40.23915,59.17995,136.523,150.2745,146.389,97.29055,43.91185,68.84005,76.40625,104.38579999999999,120.357,162.35000000000002,150.975,184.71,171.647,191.541,190.2845,290.0885,543.02,937.4984999999999,1525.29,2359.99,3428.005,4584.1,4664.885,3641.975,2348.66,1459.4450000000002,1050.0,838.1375,694.6575,570.2284999999999,461.4135,329.009,270.5905,187.1255,110.92750000000001,71.19205,37.4942,13.074670000000001,5.604645,4.17474,2.250325,0.27527,0.01006,0.024634999999999997,0.01941,0.037035,0.037755000000000004
2023-05-13 13:00:00,67.214,129.7605,151.7375,200.642,205.9725,191.12900000000002,223.6285,294.0315,266.40700000000004,265.636,185.162,185.6905,120.5776,171.19400000000002,203.32799999999997,186.681,227.99099999999999,220.2425,204.9945,215.163,241.341,282.433,382.5165,750.1315,1319.48,2051.3650000000002,3076.3999999999996,4052.83,3787.275,2717.45,1606.1799999999998,1124.53,884.6155,715.056,585.463,469.5935,349.39099999999996,265.3995,176.7835,123.75649999999999,65.2346,26.715,13.4104,7.05027,3.5945799999999997,1.70794,0.70875,0.158615,0.867955,0.7264,0.01,0.017390000000000003
2023-05-13 14:00:00,58.66045,162.9365,144.202,215.846,175.42700000000002,244.1815,233.38049999999998,328.695,396.2635,487.935,564.5935,585.575,623.7180000000001,668.935,649.9195,584.3589999999999,511.78599999999994,450.592,403.77049999999997,335.5935,254.947,283.2495,287.7125,388.001,586.3045,1088.96,2021.305,3404.33,4359.125,4199.485,2942.295,1634.925,1218.26,961.7735,744.636,577.991,436.67100000000005,339.5135,242.4665,160.154,104.7735,45.73935,25.5591,10.70387,3.0863750000000003,1.8707349999999998,0.23775,0.144285,1.29969,0.5808949999999999,0.0012850000000000001,0.011470000000000001
2023-05-13 15:00:00,96.4975,80.4827,47.771699999999996,44.58825,49.01065,49.23935,156.31799999999998,178.8705,193.26850000000002,186.3585,237.6285,313.5435,342.106,302.8015,304.99350000000004,317.21000000000004,316.831,316.582,286.004,239.82549999999998,238.92149999999998,274.7035,289.01,348.7495,491.8645,888.8499999999999,1608.71,2614.08,3237.05,3029.37,2238.4700000000003,1439.17,1128.375,968.6015,838.2145,707.1865,592.063,485.348,327.63149999999996,213.1015,148.43200000000002,69.9701,38.18365,19.79515,7.961069999999999,4.275195,2.360105,1.930955,0.24924,0.001045,0.07969,0.116815
2023-05-13 16:00:00,0.0,0.0,0.0,0.0,1.2031,5.95575,29.76005,41.40855,97.32300000000001,112.2676,177.767,265.3155,285.03499999999997,280.572,347.332,433.849,462.308,472.65600000000006,419.129,365.28549999999996,286.62850000000003,292.62350000000004,265.88300000000004,306.7575,482.0665,894.192,1734.385,2897.12,3772.46,3748.245,2871.785,1881.5749999999998,1473.12,1178.205,1005.193,912.9725,803.527,651.7284999999999,489.046,330.508,205.37099999999998,118.457,59.9593,31.506999999999998,18.95015,1.430625,2.7022399999999998,1.981195,1.265185,0.91654,1.682655,0.335415
2023-05-13 17:00:00,0.0,0.0,0.0,0.0,0.0,0.0,2.719695,8.479659999999999,86.009,100.46039999999999,94.54050000000001,213.23250000000002,298.216,247.0485,398.891,508.236,559.7204999999999,578.1855,582.1990000000001,534.5799999999999,480.756,383.923,307.72799999999995,295.5015,386.297,724.387,1454.795,2610.33,3850.2250000000004,4131.6849999999995,3343.3599999999997,2033.3650000000002,1565.155,1249.895,1073.6399999999999,966.3135,792.8820000000001,656.6904999999999,508.6445,350.5635,199.77749999999997,117.112,53.101749999999996,21.79695,12.698450000000001,6.630974999999999,0.84372,1.12995,2.194935,0.39693500000000004,0.00348,0.031115
2023-05-13 18:00:00,0.0,0.0,0.0,5.0561,1.204925,2.08745,2.704665,1.240515,2.3993,47.328450000000004,47.3598,82.62020000000001,158.451,300.2855,422.653,562.668,580.1935,628.5565,724.0855,664.8705,558.4245000000001,584.8125,481.54449999999997,410.90200000000004,438.18899999999996,680.043,1377.71,2515.54,3755.13,4103.65,3436.37,2136.4300000000003,1688.54,1377.52,1146.595,996.524,862.444,698.53,529.744,364.2635,223.5485,136.25,65.69825,29.624200000000002,10.85097,3.5877600000000003,3.24234,1.902855,1.31753,0.57203,0.0,0.0
2023-05-13 19:00:00,0.0,0.0,0.0,11.3665,0.0,0.0,0.0,0.0,0.0,14.6781,3.82885,66.6587,80.92914999999999,137.3105,186.27100000000002,330.4525,433.619,559.9285,759.251,828.6165000000001,883.013,849.3875,712.675,584.7325000000001,508.825,659.652,1181.335,2349.85,3687.59,4254.19,3880.2200000000003,2524.3999999999996,1844.06,1441.815,1204.475,1042.9250000000002,833.896,687.8720000000001,529.567,367.02049999999997,215.3365,139.096,68.53815,33.06525,17.5098,6.7094000000000005,2.508375,1.29676,0.837025,0.90567,0.048810000000000006,0.13502999999999998
2023-05-13 20:00:00,58.2285,31.01705,3.80541,55.38595,75.6975,44.766450000000006,58.161550000000005,89.0782,55.1901,38.73835,6.67539,18.2197,21.49205,24.61662,43.055499999999995,68.50405,160.474,281.343,433.246,574.3445,779.6865,1012.641,1054.3,970.1575,777.2245,645.617,706.816,1468.21,2886.91,4233.030000000001,4745.16,3611.975,2296.425,1637.48,1278.255,1048.8400000000001,888.2025000000001,703.6695,563.505,411.45349999999996,240.4265,116.921,65.23065,34.82595,15.11345,8.66756,2.58542,0.96657,2.079825,0.594745,0.034475,0.295915
2023-05-13 21:00:00,0.0,8.0013,3.858955,0.0,0.0,0.0,0.0,0.2631,5.2554,15.13965,23.908415,35.7364,50.6682,78.97025,77.1763,67.8393,232.4995,361.8075,444.091,611.631,844.4915000000001,883.2955,976.6605,924.7835,775.818,654.9735000000001,784.8505,1503.06,2903.69,4361.889999999999,4903.3150000000005,3769.185,2336.5249999999996,1682.3200000000002,1284.37,1034.66,811.52,673.1220000000001,502.83299999999997,348.3535,220.437,118.33000000000001,63.18705,29.28655,12.658999999999999,5.484285,1.4094950000000002,0.587825,0.7142850000000001,0.965775,0.06842,0.325015
2023-05-13 22:00:00,0.0,0.0,0.0,0.0,0.0,0.0,0.0,0.0,0.0,0.0,0.0,0.0,0.0,0.0,41.025349999999996,71.08595,151.77100000000002,249.7465,388.0565,613.8299999999999,813.4415,946.6275,985.4215,934.7185,786.3285000000001,661.2375,685.3975,1450.155,2837.24,4240.469999999999,4953.075,3654.4300000000003,2386.285,1677.27,1272.875,1031.4,859.1195,665.476,501.346,353.318,209.81900000000002,121.41499999999999,53.73155,27.84855,15.3284,3.738655,5.2093050000000005,3.11552,1.081415,0.1235,0.004195,0.037485
2023-05-13 23:00:00,168.515,93.8475,15.3099,11.9997,0.0,0.0,0.0,0.278625,5.1567,9.960895,2.6976050000000003,11.3315,12.104045,18.613129999999998,34.79125,54.420249999999996,105.33105,192.765,312.6075,460.36850000000004,616.293,833.395,1059.985,1119.895,1032.7495,868.8444999999999,867.9915,1377.1100000000001,2505.255,3784.3,4465.33,3638.46,2517.8999999999996,1776.44,1356.37,1092.0900000000001,921.8195,735.61,566.3315,416.06600000000003,246.89499999999998,140.7545,68.01515,29.755899999999997,13.17685,9.060855,1.037955,0.84616,1.319385,0.91564,0.077965,0.13575
2023-05-14 00:00:00,0.0,0.0,0.0,0.0,0.0,0.0,0.0,0.85896,10.9384,7.0102,22.81435,11.7711,0.0,0.0,6.2797,16.78676,25.306649999999998,120.04075,224.973,396.39700000000005,584.2165,773.4155000000001,1096.005,1468.4699999999998,1545.105,1481.875,1241.835,1410.005,2184.02,3348.645,4126.34,3909.74,2753.85,2072.335,1586.26,1240.725,991.212,794.242,590.7180000000001,409.797,265.621,141.1505,77.82130000000001,34.7743,18.363500000000002,12.0732,1.011235,1.9985150000000003,2.516725,2.15077,0.0,0.0
2023-05-14 01:00:00,0.0,19.3408,7.9443,0.0,0.0,0.0,0.0,0.0,0.0,0.0,0.0,0.0,5.642200000000001,30.5693,58.69355,90.43584999999999,151.577,206.36849999999998,291.579,481.1835,761.72,1101.775,1418.145,1683.81,1763.3049999999998,1679.015,1567.375,1797.8400000000001,2290.7,3022.2200000000003,3600.455,3669.175,2990.955,2272.565,1710.9850000000001,1337.98,1060.145,823.316,624.094,450.5425,301.37149999999997,136.0165,76.1772,36.4721,19.3096,9.10266,3.9999700000000002,3.23359,3.0494399999999997,1.556945,1.278085,0.16982
2023-05-14 02:00:00,0.0,0.0,0.0,0.0,0.0,0.0,0.0,0.0,0.0,0.0,0.0,0.0,0.0,0.0,6.49995,0.6573749999999999,46.652649999999994,85.59155,136.0235,309.5395,561.005,834.1025,1132.625,1462.255,1680.065,1817.455,1869.275,1988.225,2227.115,2630.5550000000003,3131.7799999999997,3509.315,3254.0,2632.715,2019.755,1588.315,1296.525,962.4839999999999,786.1585,565.4445000000001,355.205,192.274,98.1599,44.9929,18.832749999999997,13.095099999999999,3.5484299999999998,3.0621099999999997,3.1306399999999996,3.39819,1.14352,0.134255
2023-05-14 03:00:00,0.0,0.0,0.0,0.0,0.0,0.0,0.0,0.0,0.0,0.0,0.0,0.0,0.0,0.0,0.0,0.445695,42.584199999999996,59.6058,67.1005,151.85750000000002,324.47249999999997,477.9335,818.947,1192.2649999999999,1480.425,1687.21,1804.845,1828.665,2132.1850000000004,2596.17,3008.895,3312.7,3006.025,2523.0649999999996,2038.8899999999999,1636.325,1371.91,1105.3600000000001,859.572,602.7650000000001,359.086,225.86950000000002,110.501,55.606899999999996,27.239150000000002,7.179295,6.971945,2.911655,1.182915,1.175125,1.012765,0.24545
2023-05-14 04:00:00,0.0,0.0,0.0,0.0,0.0,0.0,0.0,0.0,0.0,0.0,0.0,0.0,0.0,0.0,13.47925,0.78899,35.9033,46.08075,81.65245,152.2065,251.4755,479.65999999999997,770.861,1065.415,1403.25,1679.05,1949.96,2093.48,2373.785,2730.3500000000004,3132.335,3322.8549999999996,3234.45,2866.29,2384.145,1927.715,1584.155,1309.0900000000001,1028.8665,735.0895,445.216,245.4665,127.646,58.230500000000006,26.61235,11.9733,7.24959,2.80928,0.831465,0.80056,0.146955,0.111105
2023-05-14 05:00:00,0.0,0.0,0.0,0.0,0.0,0.0,0.0,0.0,0.0,0.0,0.0,0.0,2.605085,14.11425,40.77175,37.35745,57.43005,68.02510000000001,90.24265,117.66399999999999,193.7985,321.38800000000003,531.4815,818.6285,1205.9250000000002,1583.7849999999999,2004.84,2393.8,2748.7,3151.185,3543.16,3905.005,4020.6099999999997,3718.3199999999997,3115.66,2451.1,1922.9250000000002,1512.83,1151.06,789.2415,508.584,278.327,138.115,63.225750000000005,32.53325,18.02645,3.304205,3.41711,3.451375,1.708275,0.202355,0.108125
2023-05-14 06:00:00,0.0,0.0,0.0,0.0,0.0,0.0,0.0,0.0,0.0,0.0,0.0,0.0,0.0,0.0,0.0,0.22593,24.550199999999997,41.845,64.3571,108.01650000000001,186.1095,297.163,517.36,788.711,1082.725,1389.42,1678.9699999999998,2077.715,2493.1400000000003,2907.395,3282.1800000000003,3587.17,3682.065,3362.5299999999997,2931.4449999999997,2301.375,1797.915,1455.02,1100.725,750.7225,482.20500000000004,269.3175,145.7235,65.321,30.66385,17.78265,3.91096,4.101095,2.523375,1.5759349999999999,0.56182,1.166655
2023-05-14 07:00:00,0.0,0.0,0.0,0.0,0.0,0.0,0.0,0.0,0.0,0.0,0.0,4.95165,2.586335,5.32715,11.3159,0.6036900000000001,65.59905,103.1788,193.7695,300.87350000000004,434.5345,551.583,684.1585,816.7675,955.2525,1121.245,1390.325,1882.31,2366.445,2775.395,2953.79,2788.005,2771.915,2575.72,2287.3599999999997,1932.335,1662.65,1270.525,960.6179999999999,687.5699999999999,439.1715,238.107,123.641,57.1992,24.3962,11.73435,4.323980000000001,4.044815,3.2077999999999998,3.01389,0.37367,2.19429
2023-05-14 08:00:00,340.4835,187.75799999999998,38.91305,0.0,0.0,0.0,0.0,0.0,0.0,0.0,0.0,0.0,0.0,0.0,5.87395,15.552395,32.83965,68.4157,140.921,260.1685,404.83450000000005,606.094,664.5074999999999,752.073,840.4865,969.047,1241.9250000000002,1736.495,2268.34,2784.995,3067.2250000000004,2920.68,2653.3900000000003,2450.17,2198.975,1864.955,1475.955,1153.29,883.3895,623.6295,383.83349999999996,227.281,119.781,51.6327,23.8245,17.025550000000003,6.97499,2.9824,1.6841,0.956725,0.00168,0.014905
2023-05-14 09:00:00,0.0,0.0,0.0,0.0,0.0,0.0,0.0,0.0,0.0,0.0,0.0,0.0,0.0,0.0,9.86879,12.511700000000001,24.90625,49.9684,92.6919,193.9515,342.5555,438.09400000000005,659.165,791.2635,810.94,870.294,1092.775,1578.19,2244.09,2915.465,3209.665,2931.0150000000003,2544.585,2190.1400000000003,1939.1599999999999,1679.2150000000001,1345.83,1089.81,857.704,610.2719999999999,397.255,205.3875,116.084,52.4457,17.98115,10.350100000000001,6.43158,2.13277,0.019905,0.022405,0.03163,0.003715
2023-05-14 10:00:00,0.0,0.0,0.0,0.0,0.0,0.0,0.0,0.0,0.0,0.0,0.0,6.6356,0.0,0.0,3.706815,0.6487,32.66285,58.3269,96.37835000000001,199.1225,272.807,313.1915,419.846,532.933,611.8265,739.949,916.7125,1327.295,1831.63,2265.5649999999996,2516.835,2608.025,2441.7650000000003,2198.375,1997.93,1848.795,1612.705,1374.245,1115.105,808.5615,473.0825,233.5265,126.2655,64.7541,27.1894,8.595335,4.691065,1.9755150000000001,0.008425,0.00643,1.000465,2.1360099999999997
2023-05-14 11:00:00,0.0,0.0,0.0,0.0,0.0,0.0,0.0,0.0,0.0,0.0,0.0,0.0,0.0,0.0,16.93215,33.60025,37.437,54.690799999999996,73.59215,127.5215,197.0765,281.0445,429.043,549.378,619.269,704.056,829.197,1129.7350000000001,1557.13,2109.365,2568.1,2675.25,2445.435,2202.9700000000003,2029.6399999999999,1828.625,1607.9450000000002,1407.67,1108.2849999999999,788.861,499.887,241.0845,144.3225,71.9035,28.2012,13.94765,10.693750000000001,3.532775,1.817275,2.098565,1.25354,0.14718
2023-05-14 12:00:00,0.0,0.0,0.0,0.0,0.0,0.0,0.0,0.0,0.0,5.0082,16.299,22.47915,32.467150000000004,10.03383,17.064,44.4431,60.63825,74.7812,87.64695,112.125,195.61200000000002,301.725,387.64599999999996,453.60850000000005,481.19,551.298,629.5765,899.7225000000001,1259.835,1705.4,2146.775,2436.15,2316.335,2124.245,1934.1950000000002,1771.575,1610.795,1385.4650000000001,1086.7849999999999,761.0355,502.5,260.896,139.598,68.57215,32.903400000000005,14.28745,5.191345,5.402955,2.8027800000000003,0.35755000000000003,0.43893,0.203765
2023-05-14 13:00:00,0.0,25.1873,22.5671,16.2475,0.0,0.0,30.503800000000002,55.214349999999996,35.55005,29.31605,39.9298,42.55175,44.52475,87.92575,77.1688,74.8951,75.58855,97.18385,140.1855,153.42000000000002,224.0245,386.89549999999997,419.4145,480.191,491.015,529.6714999999999,582.563,776.094,1104.1999999999998,1537.705,1921.69,2229.62,2079.045,2050.875,1973.3600000000001,1785.865,1642.365,1463.565,1164.35,854.316,567.641,283.121,161.4375,76.29305,30.07445,11.9682,6.362385,2.36309,1.69337,1.25806,0.435685,0.9158
2023-05-14 14:00:00,0.0,0.0,0.0,0.0,0.0,0.0,0.0,0.71683,14.46185,16.87061,9.12476,44.84485,74.1533,43.93185,64.07390000000001,56.486000000000004,66.1274,78.62885,82.96695,108.3,187.796,300.5505,415.9625,500.299,530.6985,523.578,545.4275,736.5225,969.1985,1328.355,1696.33,1906.15,1947.5149999999999,1841.73,1781.79,1737.62,1579.955,1389.4650000000001,1118.6950000000002,819.75,503.5355,290.985,148.3135,73.1757,37.85275,13.561499999999999,4.3305050000000005,2.59193,2.12879,2.363425,0.399125,0.057695
2023-05-14 15:00:00,0.0,0.0,0.0,18.9206,34.61195,16.9303,20.2199,3.327465,33.4134,32.51985,49.2938,55.792550000000006,52.40315,72.9279,94.1974,93.08105,93.5917,77.6759,89.73785000000001,118.22200000000001,163.375,228.495,292.33950000000004,362.59900000000005,411.544,445.5545,498.5565,621.388,792.033,1046.24,1328.85,1665.135,1757.8400000000001,1812.0549999999998,1776.92,1665.45,1505.375,1346.995,1099.755,815.733,546.4645,298.1445,154.9745,71.67785,25.37545,16.3927,1.8046799999999998,1.55629,1.227285,0.28361000000000003,0.00217,0.004399999999999999
2023-05-14 16:00:00,0.0,0.0,0.0,0.0,0.0,0.0,11.50945,1.359645,27.430500000000002,30.36875,21.11076,22.451050000000002,30.702350000000003,111.411,96.0141,91.15809999999999,140.0,169.73950000000002,165.47,194.027,247.144,302.095,373.315,394.99800000000005,411.1645,427.27200000000005,452.63300000000004,560.9185,700.6315,892.8755,1191.4050000000002,1575.49,1803.525,1838.755,1759.54,1635.855,1496.52,1337.125,1120.4650000000001,830.4075,525.318,301.1315,151.598,74.88775,34.491150000000005,5.296535,6.077405000000001,2.77839,1.75352,2.36144,0.648865,0.805145
2023-05-14 17:00:00,0.0,11.6899,11.752,17.4522,19.75085,39.3494,46.035849999999996,18.52861,49.60895,44.29885,71.94839999999999,71.29769999999999,50.58305,80.42394999999999,92.07624999999999,148.309,149.47050000000002,148.994,148.47750000000002,163.3785,183.2715,244.9035,294.7265,340.6185,369.028,404.334,398.33299999999997,439.8745,583.374,793.7845,1029.645,1364.145,1604.97,1718.9850000000001,1693.69,1529.1950000000002,1425.8000000000002,1287.52,1077.7649999999999,787.9680000000001,481.354,264.9325,143.53,65.3535,28.3854,15.871550000000001,6.62326,1.82702,0.70869,0.35984499999999997,0.15349,0.508445
2023-05-14 18:00:00,0.0,0.0,0.0,0.0,11.723775,23.86195,38.55345,30.976945,72.96585,105.90705,167.43105,142.76049999999998,149.6445,193.51549999999997,197.2985,149.6325,162.66649999999998,171.9475,164.8565,184.82,212.74349999999998,242.3345,299.914,352.53,447.3675,554.8375,561.8910000000001,600.217,774.043,1013.1524999999999,1319.21,1628.855,1897.335,1875.4,1803.87,1659.79,1496.815,1377.73,1089.35,789.1315,531.8985,280.4605,143.091,65.38555,29.4279,8.998135,4.66991,1.955195,1.5962900000000002,2.189915,1.95444,2.25099
2023-05-14 19:00:00,317.369,167.64600000000002,17.923299999999998,0.0,10.424975,48.796099999999996,90.2333,145.302,167.63299999999998,193.71550000000002,175.1855,162.04899999999998,161.13049999999998,152.7005,163.26549999999997,149.111,191.34199999999998,193.1275,198.29700000000003,190.782,220.03699999999998,262.37199999999996,306.4065,365.1675,446.683,526.833,576.4445000000001,586.476,651.264,821.119,1104.915,1449.815,1780.25,1871.2600000000002,1805.625,1672.605,1533.29,1406.82,1171.79,860.519,554.354,291.5915,165.5015,76.3017,38.019000000000005,17.24055,6.70193,3.02012,1.2840099999999999,1.588015,0.00012,0.001065
2023-05-14 20:00:00,0.0,0.0,0.0,0.0,4.362985,20.4218,38.4714,42.93085000000001,165.75815,322.7015,367.0485,414.62649999999996,390.2885,439.052,401.946,408.832,491.14099999999996,497.5825,356.856,348.5615,379.0325,373.98699999999997,382.026,433.8855,488.0565,570.653,656.5495,657.1790000000001,706.4545,830.8615,1097.305,1451.585,1797.04,1926.565,1913.54,1818.3000000000002,1713.5,1532.2150000000001,1255.67,926.5070000000001,581.1285,315.7435,176.06799999999998,82.0723,32.87545,20.2584,11.90435,7.33886,1.94439,1.432965,0.6322099999999999,0.46921999999999997
2023-05-14 21:00:00,0.0,0.0,0.0,0.0,0.0,0.0,9.25695,2.681415,39.7375,56.04935,62.015150000000006,149.9515,238.7375,259.046,274.047,298.27599999999995,297.063,308.2715,279.5045,305.717,320.51800000000003,344.354,387.672,406.501,458.3825,537.758,624.4645,652.4175,638.9915,750.729,944.755,1237.355,1657.5349999999999,1863.95,1844.675,1707.92,1600.0,1460.63,1217.365,904.841,581.5205,296.297,164.53,78.37889999999999,35.966750000000005,21.1152,7.52999,5.170325,3.11497,0.7923199999999999,0.35334,0.127475
2023-05-14 22:00:00,0.0,0.0,0.0,0.0,5.02055,7.1813,0.0,2.594235,52.337999999999994,73.30584999999999,55.03185,76.5036,125.0675,175.2285,254.7995,329.8755,441.26649999999995,505.994,453.7875,573.2505,626.432,751.867,840.395,877.212,943.7745,983.8035,917.55,830.2845,770.616,770.9425000000001,940.5045,1258.9,1638.1,1848.28,1859.115,1743.3899999999999,1646.54,1485.7399999999998,1267.7649999999999,946.4259999999999,591.7660000000001,308.78549999999996,170.1205,77.95805,29.43815,16.6625,6.339354999999999,3.8592450000000005,2.5393499999999998,1.9369100000000001,0.652465,0.076605
2023-05-14 23:00:00,0.0,0.0,0.0,0.0,0.0,0.0,0.0,1.27508,24.95375,41.081500000000005,44.66995,48.139700000000005,56.50945,126.52199999999999,150.4365,215.81900000000002,336.372,439.089,577.824,822.533,1020.0129999999999,1179.78,1238.7600000000002,1335.185,1405.585,1361.4650000000001,1272.4050000000002,1086.695,962.358,896.4545,968.246,1265.45,1733.6149999999998,1969.095,1938.5549999999998,1866.125,1716.6399999999999,1544.8,1327.605,1026.21,666.138,359.4645,184.6575,88.8587,37.325149999999994,14.106549999999999,7.170775,4.36365,3.77856,5.907575,0.47921,1.01482
2023-05-15 00:00:00,0.0,0.0,0.0,0.0,0.0,0.0,11.4121,1.2497150000000001,34.07995,48.534400000000005,39.40985,48.2775,49.72255,77.7149,123.01215,162.1835,263.6185,418.071,521.9455,811.466,1107.4299999999998,1367.3600000000001,1533.0700000000002,1795.445,1963.335,1925.9850000000001,1707.915,1384.385,1168.23,1062.935,1155.23,1411.085,1797.51,2062.9399999999996,2126.675,1963.065,1859.75,1642.5349999999999,1414.47,1093.95,702.9745,380.321,196.222,85.89515,38.2529,7.666375,4.16742,1.04668,1.19652,1.7219099999999998,0.65154,1.820335
2023-05-15 01:00:00,0.0,0.0,0.0,13.5374,0.0,0.0,0.0,0.29564,8.0621,15.495549999999998,2.7774099999999997,34.19525,48.7209,95.8269,132.2135,127.1415,190.80599999999998,254.861,348.7525,503.94899999999996,777.0305,1099.03,1443.395,1730.105,1974.43,2080.055,2013.085,1699.62,1452.635,1280.815,1214.87,1432.9650000000001,1776.605,2021.4099999999999,2109.325,2017.98,1908.295,1704.615,1502.53,1178.8600000000001,769.508,404.522,220.263,104.30099999999999,40.098349999999996,16.2577,7.94419,3.622985,2.2146999999999997,0.03529,2.15367,85.938215
2023-05-15 02:00:00,0.0,0.0,0.0,0.0,0.0,0.0,0.0,0.0,0.0,0.0,0.0,6.16165,11.129565,42.3733,68.05545000000001,107.82,195.803,270.4395,335.8875,482.2695,737.08,1025.2649999999999,1326.865,1591.82,1910.54,2169.5299999999997,2284.145,1874.79,1585.76,1394.87,1271.79,1374.595,1771.905,2023.97,2224.3149999999996,2190.91,2007.6,1825.8449999999998,1583.29,1242.87,816.912,436.836,223.64600000000002,105.542,43.888149999999996,11.50885,3.48108,0.0528,0.36755,0.021484999999999997,5.2695050000000005,251.168
2023-05-15 03:00:00,0.0,0.0,0.0,0.0,0.0,0.0,0.0,0.0,0.0,0.0,0.0,0.0,6.526574999999999,37.171800000000005,57.44245,88.4772,189.49650000000003,260.2835,266.28,386.132,580.8040000000001,691.8715,938.569,1257.705,1667.4,2038.18,2196.535,2087.25,1789.3850000000002,1500.29,1358.075,1383.0149999999999,1712.17,1974.995,2154.295,2240.255,1995.415,1897.8600000000001,1647.535,1306.83,881.4165,490.8225,245.5385,109.1235,38.87225,13.7888,9.08074,5.79679,2.4117800000000003,0.03678,0.012615000000000001,0.19962
2023-05-15 04:00:00,0.0,0.0,0.0,0.0,0.0,0.0,0.0,0.0,0.0,0.0,0.0,0.0,11.642589999999998,66.30975,87.2137,146.915,248.43349999999998,385.34749999999997,514.8495,642.842,771.1895,830.0135,905.1320000000001,1141.7849999999999,1377.8600000000001,1693.0149999999999,1888.615,1910.53,1782.395,1581.3600000000001,1418.295,1388.705,1550.6750000000002,1808.855,2076.115,2178.5,2200.73,2084.08,1827.595,1437.06,927.249,518.0485,251.821,117.155,47.638999999999996,20.44455,9.843715,7.463675,3.377335,0.8003899999999999,1.26526,3.40186
2023-05-15 05:00:00,0.0,0.0,0.0,0.0,0.0,0.0,0.0,0.0,0.0,0.0,0.0,11.3662,29.5158,63.624700000000004,117.75450000000001,216.1995,287.514,403.2585,501.597,557.2235000000001,665.8715,770.212,771.683,849.168,967.18,1123.0149999999999,1320.7800000000002,1473.685,1523.0549999999998,1493.1,1409.27,1434.55,1607.045,1760.705,1978.2350000000001,2243.09,2225.58,2100.915,1808.47,1366.205,848.9915,490.88599999999997,244.762,116.19999999999999,46.80395,17.5397,11.924900000000001,4.52579,0.423045,0.16491,2.1099300000000003,0.9839549999999999
2023-05-15 06:00:00,0.0,0.0,0.0,0.0,0.0,0.0,0.0,2.34051,63.82605,105.33500000000001,77.80275,92.8961,93.6012,125.0836,202.47949999999997,237.8495,338.29999999999995,377.113,397.175,426.42600000000004,487.224,473.83299999999997,519.5360000000001,564.6705,660.8845,813.4870000000001,1024.08,1258.895,1345.4,1370.815,1404.375,1387.38,1498.3600000000001,1662.885,1888.4,2099.76,2188.745,2098.325,1757.5900000000001,1318.87,822.659,446.6845,229.855,103.4015,40.3495,16.775845,10.210255,6.4439,1.89303,1.07305,2.255095,2.478185
2023-05-15 07:00:00,0.0,0.0,0.0,25.1218,6.09625,10.2334,23.2776,56.5009,20.5239,12.1618,40.4762,44.834,38.3269,10.8666,28.5444,75.7814,49.1372,35.5494,42.8188,106.52,174.331,264.193,243.944,259.839,359.724,547.344,768.262,908.136,934.298,1009.27,1077.68,1184.8,1310.72,1573.64,1849.01,2019.95,2062.76,1865.59,1538.22,1122.4,634.831,326.528,187.215,89.1204,40.4921,18.8327,8.2515,4.9561,3.39845,3.39503,4.7971,2.59319
2023-05-15 08:00:00,0.0,33.0336,3.897585,53.137,58.2695,15.1935,16.16055,14.609415,52.720349999999996,54.89935,109.297,73.9195,55.8574,117.232,121.60300000000001,111.30284999999999,132.9537,116.18325,108.3195,114.9628,147.86950000000002,203.9155,268.8415,286.723,385.241,543.091,735.5174999999999,904.7270000000001,974.201,1009.01,1086.505,1179.29,1400.925,1672.635,1904.165,2063.95,2041.565,1871.52,1546.845,1109.465,678.909,350.767,177.018,80.93515,33.39645,9.87793,5.695535,2.415635,0.20673,0.00464,0.7334350000000001,4.26773
2023-05-15 09:00:00,0.0,0.0,0.0,0.0,0.0,0.0,21.4543,55.860749999999996,129.60129999999998,140.1295,209.49599999999998,276.342,358.99699999999996,360.52200000000005,615.0554999999999,879.7139999999999,1171.775,1281.395,1077.4305,890.262,767.5495,760.922,708.2885,678.1455000000001,685.1045,746.9155000000001,863.6895,974.8530000000001,1137.9250000000002,1188.955,1249.8200000000002,1360.435,1529.5549999999998,1757.565,1997.875,2176.96,2197.91,2065.3599999999997,1736.58,1253.975,770.0865,403.7625,205.9035,94.72604999999999,41.2248,21.7942,6.54651,3.406905,2.90979,0.138195,0.5377000000000001,1.495355
2023-05-15 10:00:00,65.1135,51.4523,36.12125,27.08555,31.999399999999998,48.66025,22.195700000000002,1.614215,44.0199,116.95150000000001,203.3545,266.937,360.162,528.3835,709.5445,903.0830000000001,1310.495,1643.37,1994.375,2046.4850000000001,1498.1950000000002,1145.17,966.7145,881.0355,797.825,726.881,769.998,985.8810000000001,1129.085,1242.1799999999998,1313.795,1372.06,1490.4650000000001,1734.45,1960.065,2200.7700000000004,2332.16,2147.425,1810.865,1348.745,856.1995,429.2695,212.9615,97.43185,40.0747,15.97055,7.74236,5.737360000000001,5.165095,3.76023,1.7598449999999999,0.87442
2023-05-15 11:00:00,0.0,0.0,0.0,24.22495,37.845600000000005,9.86804,49.5364,122.462,103.9985,118.3945,173.681,285.523,460.0925,812.0305000000001,1072.37,1202.2849999999999,1202.09,1150.285,960.4185,829.0525,778.3985,820.7325000000001,748.957,732.0930000000001,696.095,667.624,670.188,849.0375,1006.693,1119.685,1197.54,1339.045,1434.1,1683.5149999999999,1965.19,2128.55,2262.585,2124.965,1805.79,1344.31,796.9775,408.29,220.82999999999998,101.844,45.718149999999994,13.59836,5.319295,2.9126700000000003,1.16371,2.24082,2.955115,2.037655
2023-05-15 12:00:00,64.948,111.59195,70.6356,145.1025,233.15200000000002,463.45349999999996,631.7280000000001,788.2465,1279.79,1904.875,2692.1,3262.7,3672.17,3579.1499999999996,3325.145,2911.54,2180.9849999999997,1553.2,1118.24,816.5229999999999,662.2125000000001,510.10900000000004,481.39250000000004,495.9265,539.384,573.2465,658.5325,713.688,903.854,1034.305,1115.43,1268.525,1412.465,1665.35,1916.0349999999999,2135.355,2244.96,2101.59,1746.33,1263.175,764.2195,403.33349999999996,208.7995,96.91454999999999,43.5257,10.725335000000001,5.068720000000001,4.82254,5.1018349999999995,3.64555,0.02701,0.005235
2023-05-15 13:00:00,101.254,53.8011,6.34791,80.5954,93.1283,230.403,331.811,452.639,479.722,806.303,1637.59,1635.41,1629.17,2275.85,2212.24,1923.23,1522.01,1144.01,829.194,639.292,557.327,445.165,419.376,431.129,415.261,500.523,560.444,673.803,817.225,955.263,1066.95,1240.35,1433.15,1696.87,1901.86,2034.19,2235.51,2087.75,1752.2,1265.11,767.042,410.086,209.219,96.3263,49.9161,10.4976,15.2314,10.5809,5.66647,5.97601,2.88402,1.29684
2023-05-15 14:00:00,0.0,0.0,0.0,12.435,17.173,30.081165000000002,141.01549999999997,204.4305,225.0775,257.919,280.89799999999997,306.152,275.42949999999996,348.03549999999996,562.033,934.385,1025.102,996.2635,760.7525,603.8955000000001,471.966,402.78,351.0355,338.0475,385.5375,458.553,559.0355,666.009,760.169,898.3340000000001,1047.37,1226.525,1480.77,1717.315,1942.85,2079.985,2233.4300000000003,2061.37,1754.855,1343.125,811.2125,427.7575,203.2235,94.91364999999999,44.649249999999995,12.9429,8.35231,3.861835,2.3599550000000002,2.268745,0.08897,0.01724
2023-05-15 15:00:00,0.0,8.45835,3.196965,24.913249999999998,37.45355,68.39855,67.15825000000001,57.19545,126.91300000000001,170.4615,108.7145,119.038,178.0315,310.182,410.757,519.5395,539.87,521.0419999999999,476.1415,437.4625,397.33349999999996,377.861,358.113,349.4315,362.802,425.90549999999996,526.5435,653.072,757.2950000000001,883.38,1041.45,1256.76,1489.99,1731.835,1921.895,2083.235,2255.235,2115.8500000000004,1809.72,1358.115,841.769,444.286,208.9685,89.25055,37.7522,6.23357,2.50574,3.091335,4.22626,1.299725,1.45852,4.78498
2023-05-15 16:00:00,0.0,0.0,0.0,13.0302,18.942500000000003,55.24765,62.192899999999995,39.1964,51.50025,68.05789999999999,104.09015,129.668,155.3,192.596,205.7755,255.551,281.794,295.025,301.8065,296.304,288.9895,278.4565,281.697,324.437,350.15999999999997,387.679,462.77,616.501,723.3389999999999,847.461,999.109,1235.54,1524.905,1713.6599999999999,1880.1599999999999,2030.575,2133.52,2078.02,1787.23,1328.5900000000001,865.2875,429.5695,207.81900000000002,92.99175,40.075900000000004,16.42955,3.318385,0.718145,1.261555,0.06876,0.073295,0.0142
2023-05-15 17:00:00,-9.34215,8.3763,26.0947,13.14805,5.513795,18.104535,23.43645,41.5356,32.41655,39.0155,68.5307,139.4535,149.2375,79.8887,109.773,92.54499999999999,169.99450000000002,215.54,174.51850000000002,172.6445,206.6665,160.24349999999998,203.466,253.85399999999998,307.32349999999997,383.706,463.3505,551.8075,630.767,737.7715000000001,881.8755,1056.875,1332.65,1513.66,1614.225,1654.8899999999999,1646.135,1648.49,1440.77,1050.5265,681.9304999999999,343.834,170.5985,77.14665,29.70495,8.697225,7.03143,2.5540450000000003,0.06623,0.02431,1.4886300000000001,51.272045000000006
2023-05-15 18:00:00,0.0,0.0,0.0,0.0,2.63395,12.9057,21.91555,42.7384,38.63375,48.0916,47.6302,57.869749999999996,76.6714,112.9685,152.36849999999998,201.154,180.752,180.74349999999998,180.4795,191.08100000000002,192.2735,225.5,260.80899999999997,313.861,362.7595,402.30449999999996,458.922,533.6685,611.308,716.1075000000001,872.297,1037.115,1192.1100000000001,1384.275,1524.75,1605.22,1657.245,1578.15,1370.9850000000001,1020.94,650.9884999999999,320.5145,164.221,77.0763,28.203450000000004,15.816099999999999,6.3566400000000005,3.67903,3.125865,0.05339,0.08735,0.01693
2023-05-15 19:00:00,0.0,0.0,0.0,11.34895,20.366975,17.543795,21.9932,29.451325,57.457899999999995,81.60675,79.27225,107.2005,102.6115,155.0005,177.3255,205.3465,232.91649999999998,277.923,217.024,213.4765,247.78750000000002,246.9235,263.5665,278.2095,361.058,429.8055,431.932,489.7325,605.8845,731.5875,898.52,984.744,1212.145,1362.635,1508.745,1654.685,1667.345,1612.6,1395.5549999999998,1046.12,668.477,349.9375,179.0025,83.2224,30.51285,9.45332,3.9782349999999997,1.27969,0.044844999999999996,0.014685,0.090625,0.861785
2023-05-15 20:00:00,0.0,0.0,0.0,0.0,0.0,0.0,0.0,0.0,0.0,47.5517,42.4395,159.504,218.575,165.315,298.472,449.305,457.677,471.716,415.151,441.043,413.774,470.017,412.461,362.477,409.182,554.659,534.221,575.454,621.599,697.803,840.495,995.932,1209.69,1327.86,1510.9,1602.55,1786.51,1683.21,1519.11,1186.0,677.376,391.663,205.324,81.4623,35.2468,20.985,9.00338,4.0279,3.35966,4.79592,1.10591,2.01461
2023-05-15 21:00:00,0.0,8.44535,3.173945,0.0,8.658075,21.948500000000003,60.289699999999996,58.863150000000005,83.79915,78.00715,126.7235,204.572,238.6005,248.5535,353.44050000000004,472.85400000000004,682.656,830.2115,907.9495,1117.68,1463.145,1852.865,2347.955,2739.875,2983.955,3486.84,3617.5299999999997,3524.42,3458.385,3747.19,4180.985,3869.34,3612.725,3158.8999999999996,2821.5150000000003,2713.25,2501.2200000000003,2324.4049999999997,2041.78,1653.3000000000002,1113.3885,605.8385,293.8745,130.1585,58.383449999999996,8.48194,5.774064999999999,4.331035,2.7462150000000003,0.22943,0.029675,0.00575
2023-05-15 22:00:00,0.0,8.44535,3.24716,0.0,0.0,0.0,0.0,3.8497500000000002,37.44218,61.95385,61.603049999999996,85.41640000000001,113.55799999999999,226.5215,270.05,325.952,554.2895,745.85,952.0105,1178.8899999999999,1500.245,1945.48,2315.3999999999996,2714.9300000000003,3076.07,3334.34,3357.94,3293.04,3324.215,3536.385,3950.225,4504.76,4617.365,4054.125,3341.9049999999997,2829.145,2490.225,2219.565,1902.225,1522.845,1039.77,586.752,310.828,153.61700000000002,67.41205,23.36995,11.312535,6.18937,3.958635,3.8327799999999996,1.1421899999999998,1.792865
2023-05-15 23:00:00,0.0,0.0,0.0,11.3042,0.0,0.0,0.0,0.0,0.0,32.97095,109.73255,119.608,129.308,112.821,224.7825,313.806,380.3435,499.75149999999996,682.443,1065.505,1460.44,1873.665,2301.1899999999996,2610.685,2749.0550000000003,2728.4750000000004,2608.175,2542.595,2496.7799999999997,2555.77,2699.12,2862.925,3146.14,3059.6949999999997,2872.5299999999997,2553.745,2284.635,2123.455,1849.5349999999999,1446.21,949.828,529.8095000000001,285.9525,140.581,51.781549999999996,22.45305,6.39937,2.0338950000000002,0.32813,1.07308,2.5971200000000003,0.77565
2023-05-16 00:00:00,0.0,0.0,0.0,0.0,0.0,0.0,0.0,0.0,0.0,11.3166,26.2344,26.012500000000003,48.6399,89.6084,124.965,163.892,260.299,369.66999999999996,493.7575,853.8545,1210.335,1553.42,2117.2,2580.075,2789.33,2829.8050000000003,3014.71,3627.155,4763.255,5807.615,6591.81,7152.115,7359.66,7294.75,6420.96,5419.355,4360.655,3600.1400000000003,2881.795,2194.9449999999997,1469.23,865.0550000000001,458.225,219.285,107.24549999999999,28.5597,15.3289,7.48065,5.241095,4.923955,4.28606,1.3833950000000002
2023-05-16 01:00:00,-20.95905,56.0668,67.218,29.55725,0.0,0.0,0.0,0.0,0.0,0.0,0.0,0.0,5.02614,28.74845,70.37899999999999,125.49799999999999,208.0145,254.738,284.846,427.01750000000004,708.6465000000001,1028.815,1316.5300000000002,1611.9850000000001,1787.625,1822.6,1860.52,2189.745,2459.505,2694.495,3051.3,3342.84,3703.86,3866.2799999999997,3633.505,3273.9,2809.7,2407.95,2019.92,1580.62,1089.835,608.78,327.36199999999997,149.345,63.952749999999995,27.52285,11.14895,5.957784999999999,3.5001949999999997,2.34818,3.9521699999999997,0.57519
2023-05-16 02:00:00,0.0,0.0,0.0,0.0,0.0,0.0,11.91565,0.0,0.0,0.0,0.0,12.3218,32.28445,80.6686,88.8474,126.6635,164.5365,218.34199999999998,278.4575,400.82550000000003,574.049,788.2875,1074.54,1421.9650000000001,1605.74,1763.26,1836.0949999999998,2071.09,2334.125,2573.965,2811.0299999999997,2995.865,3099.2200000000003,3132.8,3037.84,2711.45,2386.665,1963.97,1620.63,1272.59,874.865,469.4825,255.206,123.3305,48.193349999999995,18.19115,12.127794999999999,10.18547,5.708385,1.4137050000000002,2.807135,1.316325
2023-05-16 03:00:00,0.0,55.748,8.88525,54.2928,31.17805,31.7915,37.357749999999996,59.200450000000004,44.886700000000005,43.98025,92.43535,60.045500000000004,48.92415,102.4161,107.7053,110.102,131.401,190.582,267.66999999999996,388.624,534.3505,669.9169999999999,909.5365,1183.7199999999998,1429.9050000000002,1738.275,2159.6899999999996,2493.825,2966.12,3421.955,3852.67,4351.195,4354.625,4191.32,3821.67,3296.12,2772.305,2193.06,1796.915,1367.335,921.6685,578.004,280.861,124.607,50.1368,25.284399999999998,10.094285,6.961225,4.0461,2.60393,0.129435,1.5472700000000001
2023-05-16 04:00:00,0.0,0.0,0.0,0.0,0.0,0.0,0.0,0.563575,11.7655,19.8725,66.1165,71.42320000000001,93.645,108.53979999999999,132.894,182.714,234.5945,280.757,317.807,440.7655,577.0165,685.2860000000001,860.193,1051.6385,1183.5349999999999,1318.5,1514.395,1841.24,2217.1,2714.575,3330.7799999999997,3967.435,3927.95,3708.9350000000004,3349.5550000000003,2857.1099999999997,2355.265,1810.15,1413.95,1102.48,724.068,416.2715,225.6705,110.462,45.37365,16.6672,5.91445,6.680104999999999,4.722535000000001,1.8677000000000001,2.5854999999999997,1.3247
2023-05-16 05:00:00,0.0,0.0,0.0,0.0,0.0,0.0,12.69915,30.84995,11.20365,0.0,0.0,24.86345,44.130700000000004,61.767250000000004,85.68625,142.21,256.491,330.7895,381.9735,465.99850000000004,616.9385,839.0070000000001,962.242,1119.715,1304.87,1482.5700000000002,1657.5349999999999,1788.96,2167.8500000000004,2824.105,3667.9449999999997,4417.865,4490.11,4064.395,3459.365,2930.8500000000004,2326.685,1791.0500000000002,1382.8200000000002,1015.5450000000001,664.4935,390.0335,194.603,94.6293,44.20145,15.635000000000002,16.292949999999998,10.761635,4.3661449999999995,1.68151,0.288935,1.762115
2023-05-16 06:00:00,0.0,34.9779,63.1811,67.96405,82.18029999999999,65.84649999999999,131.543,204.5645,210.775,191.855,223.40224999999998,198.827,178.8395,269.0105,358.5155,507.075,664.4815,811.2460000000001,1007.5935,1156.0639999999999,1249.27,1336.8899999999999,1487.035,1689.95,1692.6,1711.6999999999998,1912.395,2137.76,2364.325,2997.05,3928.645,4920.745,5319.605,4694.88,3932.04,3224.505,2562.2,1869.33,1362.79,963.2705,611.329,334.61850000000004,171.9145,83.9168,35.769499999999994,19.9725,12.62765,6.48039,2.930765,2.340015,1.28674,1.6112250000000001
2023-05-16 07:00:00,0.0,0.0,0.0,0.0,6.2356,30.77315,59.9794,111.03200000000001,119.5823,135.2928,104.31625,87.007,115.081,140.2235,164.67000000000002,232.8535,396.1795,529.9285,774.1355,1054.565,1411.025,1471.25,1615.745,1740.4,1722.665,1668.065,1696.0300000000002,1810.535,2248.63,2952.575,4068.13,5329.33,5418.66,4691.275,3791.39,3024.025,2334.95,1663.075,1191.0700000000002,820.995,558.5695000000001,319.93899999999996,161.7255,76.27275,28.60835,21.7809,7.382345,4.188025,4.17451,3.21744,1.407855,2.0040500000000003
2023-05-16 08:00:00,-20.95905,18.68665,58.3325,29.5572,0.0,0.0,22.31005,25.519724999999998,74.39355,99.40605,142.613,141.10500000000002,152.1935,113.078,137.0965,195.906,299.036,449.87199999999996,647.5754999999999,967.767,1272.65,1367.055,1475.24,1588.875,1581.3449999999998,1564.725,1542.115,1812.95,2238.2299999999996,2987.995,4014.705,5047.8,5228.48,4504.264999999999,3585.59,2808.9,2153.3599999999997,1552.205,1093.56,760.393,500.772,252.34699999999998,153.6755,78.21385000000001,29.8544,14.699349999999999,12.437850000000001,4.05789,3.06408,4.88779,2.852475,1.34433
2023-05-16 09:00:00,0.0,18.6866,8.75795,48.62625,46.2522,41.81535,69.31864999999999,113.291,174.7765,174.755,172.624,183.442,182.881,141.8865,159.397,177.235,257.0105,328.962,434.169,611.763,773.9780000000001,868.4875,982.2764999999999,1062.6725,1026.0675,988.7985,1240.1100000000001,1768.135,2406.205,3126.755,3940.76,4774.295,4675.45,4019.975,3230.5,2461.855,1893.045,1409.2150000000001,1044.15,732.4575,440.858,239.3465,142.3625,73.56864999999999,33.543099999999995,15.57825,11.43095,9.917805,6.232695,2.22268,1.06574,0.958525
2023-05-16 10:00:00,136.9375,89.81655,17.65805,0.0,36.616,92.4062,108.9055,84.13515,127.09755000000001,129.4441,207.257,184.8225,153.72050000000002,114.03540000000001,116.68350000000001,178.249,284.4995,323.4675,414.17449999999997,450.888,531.2529999999999,602.435,621.402,702.1215,822.1545,1004.1410000000001,1384.725,2045.42,2564.0550000000003,3249.675,4005.52,4594.88,4665.625,4051.3149999999996,3271.385,2561.3450000000003,1921.15,1419.885,1032.565,697.827,441.65049999999997,246.66,148.04399999999998,68.285,34.834649999999996,17.14835,16.8356,5.201205,3.01174,3.90336,1.394505,0.28582
2023-05-16 11:00:00,62.1175,70.2985,8.46495,25.39055,44.383,37.46555,49.44095,90.06450000000001,56.84505,50.8881,63.8584,139.36599999999999,169.4305,235.166,262.9425,323.2445,531.872,638.802,649.261,655.711,729.125,832.283,899.7805000000001,1068.5405,1186.9050000000002,1265.455,1416.165,1714.325,2264.32,3001.81,3875.0299999999997,4909.035,5007.415,4321.924999999999,3465.6899999999996,2664.84,2055.8599999999997,1480.98,1058.225,748.1044999999999,470.18550000000005,256.281,159.9735,78.9416,42.0316,16.9262,7.971295,4.206295,3.7471300000000003,3.1015800000000002,1.433155,1.492965
2023-05-16 12:00:00,0.0,0.0,0.0,23.86155,12.12885,10.8592,61.86765,142.587,90.3243,78.68325,115.12355,95.49325,107.52145,336.72,467.55449999999996,553.375,746.8975,861.6814999999999,786.2075,734.7705,830.363,1110.305,1249.9650000000001,1315.34,1334.705,1355.3899999999999,1339.85,1390.895,1554.4,2108.51,3034.93,4084.9449999999997,4536.795,4049.405,3362.24,2679.15,2127.79,1619.88,1226.605,869.8385000000001,579.4245,327.45849999999996,186.062,91.85395,46.9525,22.666150000000002,8.126515,7.60224,5.237045,2.054475,1.8972799999999999,1.3571
2023-05-16 13:00:00,0.0,0.0,0.0,46.8832,6.2951,31.06675,57.78945,84.97879999999999,117.24549999999999,112.5455,98.93275,124.48735,149.571,184.41199999999998,186.546,214.6425,364.421,498.92,519.7245,565.7729999999999,718.6569999999999,1028.419,1188.465,1323.2150000000001,1322.755,1320.595,1405.8600000000001,1393.675,1615.24,1985.46,2569.505,3475.01,3794.0,3592.035,3134.1549999999997,2627.98,2142.435,1680.665,1289.25,940.2204999999999,620.539,405.2245,215.02499999999998,105.879,44.1458,27.5441,13.69335,6.393535,4.3719149999999996,3.55983,1.37117,0.222025
2023-05-16 14:00:00,0.0,0.0,0.0,25.20215,0.556965,2.748655,44.53295,115.52635,200.89499999999998,242.51,284.983,346.322,366.0635,470.0215,399.13149999999996,239.34199999999998,271.4845,311.097,360.98749999999995,414.73249999999996,571.511,875.8215,1064.615,1115.0100000000002,1152.385,1178.295,1232.145,1416.0749999999998,1590.3400000000001,1918.6399999999999,2393.045,2894.675,3240.33,3267.2,3010.0299999999997,2531.41,2025.92,1710.27,1344.885,991.037,673.5445,367.2795,225.94650000000001,121.35,53.265550000000005,18.22575,5.826969999999999,7.854995000000001,6.303255,3.0932500000000003,2.076645,0.666935
2023-05-16 15:00:00,0.0,18.5402,8.8855,0.0,0.0,0.0,49.050200000000004,63.255265,111.5705,96.0609,106.7026,167.4515,214.0625,170.2205,161.068,182.344,243.02999999999997,251.93849999999998,248.704,349.688,560.213,817.9455,972.96,966.746,983.0074999999999,1039.9,1224.73,1524.875,1776.865,2088.925,2443.435,2854.38,3005.29,2996.9700000000003,2794.01,2370.235,1955.56,1586.1599999999999,1248.8400000000001,933.379,635.577,350.76149999999996,201.196,101.1165,46.5181,29.110300000000002,11.38675,6.8671050000000005,4.928485,2.41405,2.94019,0.425775
2023-05-16 16:00:00,0.0,0.0,0.0,0.0,19.3648,59.74105,77.8772,55.65255,119.5765,181.1335,177.66000000000003,319.8675,438.024,346.8805,370.168,604.06,459.3035,364.236,343.678,433.9715,604.0055,806.127,1031.58,1229.755,1396.1100000000001,1342.9699999999998,1395.34,1543.175,1791.455,2093.735,2399.8199999999997,2680.3149999999996,2975.9750000000004,3102.8050000000003,2912.255,2552.24,2299.24,1761.125,1377.995,1014.93,635.0765,425.27250000000004,224.34699999999998,119.622,62.6982,27.86455,16.0084,8.03753,4.078885,1.52582,3.27461,0.514785
2023-05-16 17:00:00,0.0,0.0,0.0,0.0,0.0,0.0,47.2081,85.1849,103.6862,175.977,262.25199999999995,256.1775,254.833,307.805,314.49649999999997,307.3815,459.5445,544.9955,471.104,457.4995,501.03649999999993,611.733,840.822,1132.4450000000002,1367.1149999999998,1578.865,1632.865,1715.495,1809.1,1892.105,2022.345,2280.495,2534.755,2819.59,2919.4,2709.135,2319.27,1865.7800000000002,1428.6799999999998,1033.88,661.7785,414.448,221.255,102.6065,46.752300000000005,31.4024,12.681875,6.803575,5.18853,4.0834399999999995,1.80478,1.270095
2023-05-16 18:00:00,0.0,18.6866,58.3325,29.5572,0.0,0.0,21.9132,56.13955,82.8224,122.53215,151.58105,137.40105,159.05565,307.8125,455.96799999999996,446.595,412.96349999999995,467.034,660.827,653.9205,662.3825,745.914,791.3745,912.0005,1001.508,1135.3600000000001,1383.1950000000002,1696.1750000000002,1885.2,2002.315,2099.865,2207.375,2267.725,2430.3199999999997,2618.375,2609.395,2304.325,1819.045,1386.52,983.6005,642.706,377.8795,197.98399999999998,101.2662,43.2402,17.16575,11.84225,8.621195,4.22427,1.959345,4.57488,0.942375
2023-05-16 19:00:00,0.0,0.0,0.0,25.6027,0.0,0.0,0.0,0.0,0.0,12.7671,42.4765,59.7244,70.8002,62.991,71.20984999999999,116.039,164.0315,185.5235,219.1495,311.12,430.071,601.318,599.1085,695.7629999999999,766.5495,864.3105,1070.68,1415.575,1727.495,1957.465,2038.04,1923.15,1870.27,1989.065,2148.8050000000003,2226.495,1994.3899999999999,1546.5149999999999,1155.85,798.726,511.83449999999993,290.628,143.997,68.03095,35.52205,17.1497,10.761705,6.11958,3.168445,2.161725,1.34028,0.19408999999999998
2023-05-16 20:00:00,0.0,18.68665,58.3325,27.83845,0.0,0.0,0.0,1.257185,33.954,40.7303,44.96165,37.54215,30.157649999999997,51.435900000000004,47.2151,0.285475,39.9384,93.27,181.6695,285.326,374.4075,508.755,522.8865000000001,571.363,655.092,784.298,918.7775,1232.2150000000001,1672.525,2007.745,2209.3050000000003,2082.0699999999997,1898.5749999999998,1884.615,1958.9,2007.125,1919.71,1499.3049999999998,1085.475,736.6535,486.937,267.286,137.753,64.6987,25.7274,10.656535,3.71381,2.844005,4.823095,3.5472349999999997,0.12703,1.5185650000000002
2023-05-16 21:00:00,0.0,0.0,0.0,0.0,6.3705,31.4388,36.8163,0.0,0.0,0.0,0.0,0.0,2.721695,5.77485,27.70835,37.17254,48.1816,71.00375,127.04050000000001,222.95499999999998,373.6625,565.808,610.7055,632.4605,660.8415,679.75,892.9365,1123.795,1477.005,1926.745,2267.7799999999997,2303.77,2124.76,2067.21,2087.7,2125.7650000000003,2034.55,1690.1950000000002,1258.3049999999998,867.6295,550.1735,298.41200000000003,163.027,79.2055,29.29335,14.11615,4.033635,2.714835,2.87883,0.933345,0.026935,0.11612
2023-05-16 22:00:00,0.0,0.0,0.0,0.0,0.0,0.0,0.0,0.571425,11.2037,0.0,0.0,0.0,2.50148,14.30795,19.1919,0.207055,20.95805,50.140699999999995,62.4159,143.7575,295.0475,522.0865,642.1600000000001,643.5074999999999,670.077,698.5944999999999,833.23,1004.707,1371.675,1813.73,2221.0299999999997,2336.97,2202.125,2053.94,2022.385,2044.4850000000001,2133.925,1877.8649999999998,1549.255,1164.52,799.923,498.631,273.702,132.43,58.60345,31.04705,11.490915000000001,8.76869,6.09835,0.9016,1.01862,0.514105
2023-05-16 23:00:00,0.0,0.0,0.0,0.0,0.0,0.0,0.0,0.0,0.0,0.0,0.0,0.0,5.246475,27.1769,20.5665,36.286,29.159850000000002,41.211200000000005,83.3084,166.79399999999998,271.9285,461.93100000000004,618.082,701.3975,759.5550000000001,755.2239999999999,870.048,1091.755,1366.52,1778.72,2141.4449999999997,2464.285,2370.46,2191.455,2087.6850000000004,2146.755,2037.6100000000001,1956.605,1603.92,1191.08,832.8105,479.63300000000004,267.4915,137.061,66.35730000000001,32.1356,6.5893999999999995,6.40226,5.266825,2.39005,3.630715,0.954245
2023-05-17 00:00:00,0.0,0.0,0.0,0.0,0.0,0.0,0.0,0.0,0.0,0.0,0.0,12.98645,5.34614,21.4363,7.25935,19.2393,33.9791,23.78875,37.2361,68.20295,164.08499999999998,318.56,393.36850000000004,510.305,596.6865,640.7135000000001,670.1945000000001,903.7339999999999,1199.81,1566.645,1939.12,2173.45,2187.95,2102.025,2020.475,1976.81,2007.88,1914.6599999999999,1699.81,1411.095,1031.0,753.482,417.846,216.49099999999999,113.259,56.78095,33.716350000000006,14.0013,6.336565,2.644475,1.4279700000000002,2.3545350000000003
2023-05-17 01:00:00,0.0,0.0,0.0,0.0,0.0,0.0,0.0,0.0,0.0,0.0,0.0,0.0,0.0,0.0,7.03375,0.03392,31.3741,38.28915,36.918800000000005,58.850750000000005,133.6875,298.911,356.92949999999996,443.2105,533.781,626.3245,717.8785,898.4655,1118.69,1388.55,1668.505,1932.395,2037.3,2012.665,1943.56,1905.24,1871.06,1845.4050000000002,1721.045,1448.84,1183.5900000000001,809.582,506.2445,301.1865,159.9805,66.21119999999999,31.7269,20.2546,10.8045,2.91298,2.4704849999999996,1.369215
2023-05-17 02:00:00,0.0,0.0,0.0,0.0,0.0,0.0,0.0,0.0,0.0,0.0,0.0,11.61605,24.8461,22.5826,25.8077,16.390325,90.09215,136.802,163.3195,215.425,259.664,355.903,481.66999999999996,654.9794999999999,774.9795,872.434,971.702,1178.48,1424.9850000000001,1715.4450000000002,1993.395,2062.895,2149.025,2088.685,2000.525,1877.5549999999998,1840.975,1774.4050000000002,1660.88,1455.585,1166.685,805.359,576.068,348.3515,168.3645,86.03659999999999,43.701899999999995,24.44705,14.22175,5.889675,2.0397299999999996,2.82869
2023-05-17 03:00:00,0.0,0.0,0.0,25.8311,0.0,0.0,0.0,0.606905,15.61075,19.6735,2.9499,10.87875,25.050864999999998,36.6569,27.64205,18.602999999999998,48.62875,55.55085,40.59745,28.94495,57.1659,95.5743,133.6325,205.7255,287.18,384.1665,473.3415,619.0195,834.625,1069.995,1346.65,1591.22,1628.185,1618.72,1571.87,1542.455,1630.795,1568.6950000000002,1505.93,1392.815,1141.9,853.042,593.9314999999999,356.212,189.652,98.53585000000001,35.04715,18.8682,7.499055,3.1001250000000002,1.238045,1.495345
2023-05-17 04:00:00,0.0,0.0,0.0,0.0,0.0,0.0,0.0,0.67612,11.35135,6.5964,2.94678,11.62645,22.479039999999998,30.575400000000002,25.82725,18.319425,7.15345,3.6287399999999996,7.200514999999999,12.619050000000001,26.0139,56.247550000000004,105.2415,186.4195,232.52949999999998,301.577,400.617,570.3415,768.247,983.611,1206.065,1430.315,1432.44,1386.0349999999999,1372.02,1418.795,1371.275,1533.855,1485.56,1393.95,1273.4099999999999,963.626,689.04,428.6155,233.53300000000002,88.61765,46.16015,15.185400000000001,5.240345,3.48485,2.9497549999999997,0.58742
2023-05-17 05:00:00,0.0,0.0,0.0,0.0,0.0,0.0,21.91455,25.27305,21.61375,0.0,0.0,23.5745,45.772099999999995,44.50995,27.43145,0.06794,0.0,6.161015000000001,11.9054,32.0125,36.38005,26.882550000000002,92.4833,160.216,226.06400000000002,301.24350000000004,390.67,550.787,753.139,980.3175000000001,1180.79,1367.295,1440.63,1376.135,1330.975,1243.4450000000002,1285.885,1257.2649999999999,1249.635,1153.545,1014.53,768.484,513.693,311.99350000000004,158.8095,45.67645,33.0544,13.057749999999999,2.7901749999999996,1.0989,1.14097,1.0039099999999999
2023-05-17 06:00:00,0.0,18.30115,9.1064,24.99995,6.11405,10.09515,45.85875,58.090199999999996,73.48265,122.7365,180.67149999999998,289.9525,302.76,281.7715,219.1395,168.2425,179.5335,140.103,134.29749999999999,107.68305000000001,102.80845,133.9995,158.301,212.28,250.531,299.80899999999997,386.212,513.3095,689.9765,903.4635000000001,1081.6,1273.1100000000001,1264.24,1200.475,1167.4450000000002,1154.315,1196.3,1225.69,1260.27,1270.5349999999999,1172.6399999999999,999.5360000000001,660.418,375.9415,185.81099999999998,71.40735000000001,26.92175,13.29775,6.30675,2.561995,0.72312,1.8939650000000001
2023-05-17 07:00:00,-13.29195,39.96295,124.406,184.121,169.34314999999998,258.458,348.77250000000004,415.125,531.6825,557.7715000000001,360.076,411.7405,526.3589999999999,396.387,324.926,264.2615,275.90700000000004,229.38799999999998,128.4375,82.31245,75.76185000000001,97.18055000000001,83.6356,111.13149999999999,161.73899999999998,236.97500000000002,304.738,384.6375,541.3720000000001,739.97,926.1245,1023.605,1025.275,970.6345,859.0245,768.914,709.595,721.4555,688.5425,664.9555,587.6135,487.6385,326.9425,197.962,101.0021,37.947199999999995,14.51895,6.692394999999999,3.8462250000000004,1.506665,2.59417,1.31925
2023-05-17 08:00:00,0.0,18.18915,56.6235,51.7662,60.1956,136.1215,157.7745,176.077,160.1975,180.844,262.1835,311.849,344.169,427.4945,412.7405,396.0285,381.0865,301.007,311.47249999999997,252.26,161.2185,161.762,146.05349999999999,161.68650000000002,189.625,218.4965,266.9755,343.174,466.88300000000004,611.4114999999999,767.5495,891.773,1010.71,975.6189999999999,889.7055,767.0145,704.0740000000001,674.3465,649.4085,621.146,555.0925,439.8565,296.799,180.329,98.87045,39.6841,18.892699999999998,7.408745,4.978715,0.318435,0.07431499999999999,1.7555100000000001
2023-05-17 09:00:00,0.0,0.0,0.0,43.3491,58.8887,91.98015000000001,106.80515,118.43215000000001,136.8925,144.23000000000002,134.079,121.89525,138.00485,82.02784999999999,76.73825,110.98225,105.28955,110.7955,104.9837,78.42775,68.80969999999999,69.1587,83.045,102.7017,162.9445,226.6345,313.75350000000003,375.2655,425.028,435.6,446.047,438.398,478.90099999999995,629.7955,718.8945,785.0495000000001,798.0095,636.0,567.3225,501.66049999999996,417.5855,291.58450000000005,194.90550000000002,110.84299999999999,50.8015,24.91875,11.34815,4.523075,1.34711,0.517515,0.0,0.0
2023-05-17 10:00:00,0.0,10.733,33.4123,92.461,91.78635,102.46809999999999,84.69625,85.92060000000001,172.5725,195.39800000000002,174.958,137.585,99.32625,126.434,143.471,174.221,130.6545,60.760400000000004,84.8345,112.43,83.96135000000001,77.45215,94.2887,159.16449999999998,219.893,316.4815,473.3205,667.912,695.6990000000001,677.0999999999999,651.2864999999999,597.055,662.304,733.2205,846.9035,967.8275000000001,1053.32,995.631,963.8025,828.3975,619.4895,416.238,270.2835,146.6855,64.58045,48.1231,12.893650000000001,4.39611,6.407885,4.166525,0.029695,0.19095
2023-05-17 11:00:00,107.3079,95.87665000000001,119.6105,51.856750000000005,26.5411,129.465,171.668,179.1749,138.32865,153.6465,256.342,288.205,315.04999999999995,268.8995,284.918,341.3635,240.341,171.95,155.476,123.69800000000001,77.81685,66.1225,92.03184999999999,134.484,208.78050000000002,314.0485,455.39149999999995,598.8924999999999,696.9675,694.1645000000001,646.3025,611.9545,660.3140000000001,757.525,917.7015,1062.2150000000001,1242.46,1256.56,1178.355,1058.15,905.3655,566.388,375.76800000000003,220.7755,119.35249999999999,43.0838,34.2954,14.87105,7.283805,5.7942800000000005,3.22095,1.1504050000000001
2023-05-17 12:00:00,53.8465,45.7521,32.37726,59.5117,87.2647,94.2226,149.8495,182.72,167.71949999999998,167.0335,233.4615,208.694,147.6167,125.089,156.2185,112.18440000000001,124.4535,100.76859999999999,62.50675,61.34955,68.51925,87.12235000000001,130.722,159.9125,225.659,294.168,434.73350000000005,538.517,607.2,613.1614999999999,579.6814999999999,550.664,604.8435,657.482,805.1379999999999,994.188,1129.315,1179.1999999999998,1147.98,1023.5450000000001,830.156,568.1179999999999,390.165,226.6445,115.87950000000001,46.6103,20.6442,9.64291,4.936795,4.42005,3.9973799999999997,2.45213
2023-05-17 13:00:00,31.13695,176.8625,242.97250000000003,362.0535,479.83400000000006,473.677,548.0455,331.29,621.0035,757.4125,901.923,1256.2800000000002,1344.03,1298.21,975.2205,728.0195,740.7885,710.992,737.733,781.737,912.3565,1018.5575,963.488,970.406,974.426,925.2035,779.664,648.886,571.494,519.7529999999999,555.0854999999999,605.6400000000001,786.537,863.5074999999999,887.0545,933.6914999999999,1030.1845,910.4114999999999,649.0105,361.119,153.795,84.27199999999999,61.5138,39.6374,20.28755,18.07965,7.07426,11.8141,10.73095,7.60145,3.1432650000000004,1.439995
2023-05-17 14:00:00,181.702,162.393,154.086,389.915,332.929,296.873,435.719,524.702,588.374,651.98,722.133,876.814,1160.04,1502.61,1288.51,1096.39,844.188,663.64,550.588,554.103,552.629,635.508,654.036,723.701,710.097,696.408,628.001,517.725,448.585,450.196,505.414,635.477,719.89,688.695,640.478,670.247,852.678,714.214,464.02,244.961,124.802,61.3566,33.448,18.5875,14.4023,11.659,9.93636,7.07274,7.42968,8.52825,4.91852,4.30624
2023-05-17 15:00:00,0.0,0.0,0.0,54.5531,90.42920000000001,89.9322,171.18099999999998,261.8745,214.887,174.5635,160.01235,205.9615,254.529,176.8485,163.777,148.532,247.30399999999997,339.87149999999997,384.613,459.69500000000005,542.62,599.1115,726.7315,772.3575000000001,710.9545,590.6324999999999,547.117,503.6855,476.80899999999997,484.1095,500.124,507.791,523.0545,507.70300000000003,505.65599999999995,566.9314999999999,718.135,677.8715,501.83349999999996,310.679,187.743,97.77850000000001,52.0701,23.5574,11.794564999999999,6.964625,9.680195,6.5104299999999995,3.828815,2.124065,0.43643499999999996,1.654085
2023-05-17 16:00:00,-33.0329,32.772800000000004,92.38915,138.59,174.58749999999998,218.76850000000002,219.4855,200.913,217.9875,219.971,248.32150000000001,246.944,221.26799999999997,272.4675,301.7065,261.4705,215.688,212.3885,277.35699999999997,348.19100000000003,406.3375,548.3679999999999,685.958,836.4935,816.818,707.1195,632.5419999999999,554.6545000000001,557.651,568.7695,579.1345,565.4625000000001,496.8905,470.30449999999996,493.435,623.2470000000001,762.8325,742.453,564.875,350.367,199.45850000000002,103.76395,52.983850000000004,32.3808,18.79985,8.17584,3.638565,6.97804,7.12709,4.474295,2.530165,2.3038049999999997
2023-05-17 17:00:00,-48.8956,43.9299,136.755,68.7825,80.8495,67.7002,88.3465,181.493,144.88,144.688,188.329,124.618,88.8499,79.0448,94.8702,127.363,167.653,172.33,120.991,142.619,224.795,358.826,484.024,562.118,653.731,680.927,522.374,488.936,521.615,540.55,570.233,565.897,557.365,560.815,573.659,561.522,737.169,739.479,613.327,431.242,254.937,135.945,69.0653,32.8324,18.2652,8.60975,3.61285,4.85983,4.47619,4.71749,3.2938,1.81476
2023-05-17 18:00:00,54.3704,69.7208,83.9887,181.146,164.008,140.154,184.22,119.098,170.948,195.956,278.683,288.531,248.84,129.504,141.762,188.885,142.148,121.001,160.535,157.743,168.737,284.165,443.118,623.262,697.479,685.122,635.169,582.899,565.333,585.568,577.378,613.525,648.891,611.088,587.396,618.763,742.094,743.7,629.872,435.442,258.976,134.246,84.5418,37.3849,23.6402,18.5158,7.19292,2.84413,3.9441,5.87759,4.93424,4.81178
2023-05-17 19:00:00,0.0,33.99735,105.835,149.0085,172.2775,150.9389,148.292,202.5985,158.5405,135.2585,137.988,119.65355,154.6631,350.8195,404.35450000000003,479.47850000000005,607.592,723.346,882.567,888.425,774.477,652.322,637.5889999999999,911.262,1358.375,1689.085,1571.46,1109.0455,828.2194999999999,669.7594999999999,605.36,598.2055,576.5405000000001,540.9075,543.086,568.681,685.8685,687.682,636.9815,474.8665,267.084,163.877,86.4256,46.713899999999995,31.1601,14.35575,9.270335,7.987705,5.174495,5.30442,4.18567,5.159775
2023-05-17 20:00:00,0.0,0.0,0.0,20.8486,38.8798,31.46345,59.88975000000001,88.8197,88.9519,103.72200000000001,99.55305,138.4735,200.8465,230.7635,277.583,408.9665,829.623,1211.8400000000001,1777.66,2231.27,2444.455,2138.225,1597.365,1675.21,1992.4699999999998,2535.465,2786.5950000000003,2146.665,1509.8249999999998,1043.435,789.7625,678.2345,677.1065000000001,670.5065,637.3175,628.13,639.406,680.0225,622.2715000000001,480.01800000000003,294.48,172.39249999999998,88.42975,49.6986,24.553449999999998,8.377665,12.3935,9.843815,6.44695,3.3366299999999995,4.068315,3.79188
2023-05-17 21:00:00,0.0,0.0,0.0,10.0624,8.93647,18.01001,58.31635,88.68169999999999,117.75975,133.6846,218.1465,205.9125,266.793,279.28499999999997,295.3045,302.48699999999997,522.27,768.4005,1259.055,1994.87,2846.915,3369.885,3343.47,2993.1499999999996,2899.7,3257.75,3891.66,3527.0699999999997,2638.65,1762.885,1180.375,1044.66,963.277,849.2555,732.028,658.8535,670.021,628.2629999999999,540.076,408.7835,246.6945,138.3655,72.17095,40.9871,31.1132,10.7986,13.16405,9.57846,6.825855000000001,4.465045,4.5625350000000005,3.5621
2023-05-17 22:00:00,0.0,0.0,0.0,10.10635,15.75,4.081005,45.2903,62.7122,109.9825,113.12395000000001,103.07215,172.81,214.38299999999998,299.771,306.3665,275.0235,371.4135,477.78599999999994,641.115,1018.637,1765.205,2832.765,4248.49,4552.07,4410.59,3891.29,3457.61,3122.9049999999997,2509.525,1892.585,1470.5,1278.125,919.73,668.985,534.819,477.21500000000003,547.893,449.1435,360.3485,269.5395,165.275,99.61645,56.38235,32.407,21.9506,12.0517,6.78073,5.203475,2.8890849999999997,1.1895850000000001,3.0454,5.00656
2023-05-17 23:00:00,0.0,0.0,0.0,0.0,0.0,0.0,0.0,0.63622,4.63402,19.67465,44.1817,71.67465,67.7527,71.77515,91.2542,107.7758,131.7285,197.32,331.84349999999995,478.05449999999996,686.3290000000001,953.3715,1231.2600000000002,1300.375,1200.9499999999998,995.5325,684.8354999999999,395.979,248.41449999999998,186.69850000000002,179.562,212.30599999999998,167.733,163.1165,169.584,186.10500000000002,152.872,109.5085,79.34415,53.969049999999996,29.12115,21.80413,8.13655,2.640445,2.935215,1.3805999999999998,0.3924,0.795785,0.89069,0.21325,2.5e-05,5e-06
2023-05-18 00:00:00,0.0,0.0,0.0,0.0,0.0,0.0,0.0,0.0,0.0,6.8909,22.1165,50.27545,83.7375,138.2115,213.2715,269.709,499.81999999999994,721.126,931.3765,1518.63,2103.9399999999996,2486.6800000000003,2512.825,2278.915,1920.95,1418.2,833.592,337.117,215.2255,170.6635,161.1015,176.9405,187.661,201.6055,167.928,139.363,109.90549999999999,68.95645,45.71355,23.162399999999998,7.83412,3.6047200000000004,3.5917199999999996,1.4776600000000002,0.620065,0.34779,0.45285,0.29335,0.00038,0.0,0.0,0.0
2023-05-18 01:00:00,0.0,0.0,0.0,0.0,0.0,0.0,0.0,0.0,0.0,0.0,0.0,20.994100000000003,28.97225,56.9621,151.25150000000002,329.5955,439.0555,704.489,1043.02,1828.0,2601.9449999999997,2927.15,3055.35,2831.195,2351.625,1726.71,1022.694,433.0725,238.8605,161.39999999999998,163.187,177.42000000000002,188.46800000000002,223.9965,244.6905,257.98,232.93099999999998,156.163,96.38929999999999,49.400999999999996,17.940800000000003,12.5223,4.207865,4.744885,3.6291650000000004,0.19603500000000001,0.00353,0.09556500000000001,0.541945,0.010565,0.0,0.0
2023-05-18 02:00:00,0.0,0.0,0.0,0.0,0.0,0.0,0.0,0.70804,7.9169,13.46815,1.819915,49.3768,103.09790000000001,155.9725,226.3485,251.14800000000002,454.5525,784.2090000000001,1133.5900000000001,1942.4850000000001,2867.285,3658.1,4261.375,4154.395,3670.08,2946.5299999999997,2006.4850000000001,984.6155,450.7715,250.784,192.8425,192.45749999999998,208.09249999999997,283.9185,378.251,445.308,444.123,376.378,253.291,132.19,50.779,24.9093,15.9225,8.748275,5.420895,2.4588,0.009885,0.660465,0.01829,0.06825,0.28002499999999997,1.182145
2023-05-18 03:00:00,0.0,0.0,0.0,0.0,0.0,0.0,0.0,0.0,0.0,4.887385,15.68615,85.85735,178.7175,219.463,286.7975,382.304,645.1195,878.4575,1110.4450000000002,1562.6399999999999,2280.825,3028.865,3842.185,4303.195,4196.03,3515.665,2636.16,1423.17,660.3389999999999,309.52599999999995,234.715,217.2115,252.71699999999998,309.79200000000003,394.5825,487.178,539.337,484.4645,341.903,194.4335,89.69405,31.58535,14.6708,6.2788,4.22269,1.05649,0.35506,0.089445,1.13441,0.44576499999999997,0.3264,0.21902
2023-05-18 04:00:00,0.0,0.0,0.0,0.0,0.0,0.0,0.0,0.0,0.0,0.0,0.0,10.65685,29.59115,69.02385000000001,199.3395,309.624,464.892,684.5895,880.4649999999999,1285.625,1801.005,2431.04,3168.785,3583.41,3761.0950000000003,3564.55,2841.9350000000004,1509.71,698.087,298.85,176.648,174.122,225.40249999999997,308.507,436.211,534.8095000000001,576.626,480.82050000000004,299.74649999999997,136.7905,61.505,16.7372,11.803065,4.75903,0.7977449999999999,0.11851500000000001,0.359255,0.09131,0.00684,0.19008999999999998,1.133355,2.076765
2023-05-18 05:00:00,0.0,0.0,0.0,0.0,5.3271,24.4053,27.6683,3.38844,23.65325,39.290949999999995,115.54775000000001,193.4565,303.93399999999997,396.72,561.079,729.3475,1108.945,1404.855,1712.5,1884.395,2027.3899999999999,2207.91,2319.99,2368.93,2366.02,2135.91,1707.5,902.5575,406.0795,227.845,205.49349999999998,240.435,318.8515,391.8225,412.8115,354.693,245.21249999999998,155.54,83.6388,42.911150000000006,21.875500000000002,8.514865,1.747325,1.4194600000000002,1.65008,1.03338,0.00276,0.367345,0.45865500000000003,0.616635,1.288255,0.796395
2023-05-18 06:00:00,0.0,0.0,0.0,0.0,0.0,0.0,28.8309,70.2402,58.89855,63.64005,67.01515,152.20999999999998,289.3885,493.4975,858.781,1275.4299999999998,1624.795,1860.46,1975.8449999999998,2413.79,2620.16,2670.725,2638.565,2302.34,1901.2350000000001,1381.87,906.983,479.8075,296.0565,197.5315,192.80149999999998,218.2605,260.923,318.55899999999997,321.597,276.963,200.168,129.1565,72.6322,37.6815,20.175,4.692925,2.90857,2.709805,2.6045550000000004,0.41708500000000004,0.025945000000000003,0.40345,0.89334,0.069615,0.044405,0.001105
2023-05-18 07:00:00,0.0,13.7231,41.29985,65.08355,47.37061,37.4832,57.2239,32.18906,31.28055,39.72355,56.11015,142.6905,250.45999999999998,292.86699999999996,465.482,655.6835,1054.9215,1348.0285,1487.885,1576.9050000000002,1668.395,1745.0,1588.1599999999999,1315.4,917.2435,514.524,224.7595,115.86555000000001,101.96845,85.9211,83.58879999999999,91.49795,172.29149999999998,227.17149999999998,299.466,316.85699999999997,252.428,177.005,106.2795,50.93715,24.0473,20.16185,6.357235,5.48857,3.88309,0.88252,0.396675,0.18864999999999998,0.043335,0.218835,0.039185,0.00098
2023-05-18 08:00:00,0.0,0.0,0.0,20.3456,11.4341,15.1517,0.0,2.094105,36.55895,68.2432,91.52115,132.7535,235.904,396.424,415.674,387.2915,537.3365,654.1424999999999,716.562,947.832,1080.975,1057.5300000000002,875.7275,619.008,351.637,183.5425,67.0216,46.0379,31.71105,24.911949999999997,37.4195,48.43905,80.48215,129.16,177.2725,210.73000000000002,210.6715,160.131,98.35374999999999,47.077749999999995,19.9161,6.030094999999999,1.276295,0.092035,0.039474999999999996,0.31021,0.028739999999999998,0.13756,0.010325,0.009345,0.01941,0.000485
2023-05-18 09:00:00,55.0005,89.1945,24.4574,0.0,0.0,0.0,7.93325,2.22309,38.8108,45.63375,42.599149999999995,131.37,237.288,280.925,277.60900000000004,218.0235,345.4545,483.45950000000005,778.3125,1015.3695,1021.1949999999999,833.558,692.923,498.51149999999996,258.4885,75.92665,23.159750000000003,16.2486,32.03985,28.7133,25.0068,38.144800000000004,40.35015,66.7384,95.39375,134.543,179.2775,177.02100000000002,102.0535,49.28075,21.29975,7.49971,3.18392,1.425845,0.7928900000000001,0.0363,0.012305,0.0188,0.013235,0.00013,0.03911,0.20577
2023-05-18 10:00:00,0.0,13.61645,40.97885,45.2852,60.8819,19.03605,19.45945,47.860600000000005,57.82705,67.4904,48.60055,92.52260000000001,175.3535,195.2,341.079,464.8115,449.661,552.893,582.7735,791.259,995.2909999999999,895.816,690.8835,533.245,298.96000000000004,131.7935,43.195499999999996,38.047799999999995,26.58775,28.6861,30.33915,29.32825,52.39895,66.91395,102.66595000000001,171.0095,261.0195,205.8795,112.63550000000001,51.1625,24.9234,1.99595,1.882225,0.757865,0.043375,0.01443,0.0070799999999999995,0.19046999999999997,0.048095,0.036515,0.022600000000000002,0.000565
2023-05-18 11:00:00,60.8965,89.92,109.4975,70.686,54.679950000000005,116.76910000000001,152.29149999999998,68.13329999999999,118.14450000000001,212.08249999999998,289.259,278.747,325.549,637.5975,838.8720000000001,993.6065000000001,1004.049,969.296,869.2919999999999,717.028,661.9694999999999,749.5775,756.0885000000001,709.6949999999999,549.7,320.7585,148.4715,84.11975,62.668899999999994,57.0012,55.72245,60.16435,86.6577,77.9674,109.60565,196.6105,330.5155,318.078,171.5205,71.4453,30.9575,10.9409,5.801220000000001,2.82202,2.9137,3.65892,0.591825,0.827895,0.69143,0.025079999999999998,0.0,0.0
2023-05-18 12:00:00,172.84820000000002,170.991,317.608,275.821,157.39589999999998,133.464,239.50199999999998,326.888,227.87099999999998,222.49149999999997,237.176,338.6015,438.1485,625.41,853.3595,1008.426,1284.105,1613.93,1908.505,2371.79,2465.24,1814.555,1263.025,1131.19,969.1685,647.0775000000001,334.421,122.1925,57.32795,50.8019,69.92195000000001,63.085,107.9385,138.1685,213.18,306.34400000000005,403.373,269.2105,125.0665,48.334599999999995,25.9142,8.492415,6.61941,4.50845,2.116645,0.7174050000000001,1.099065,0.47295,0.39752000000000004,0.022515,0.01824,0.000455
2023-05-18 13:00:00,313.7985,382.694,442.63,406.457,385.852,464.6155,519.5425,557.672,541.003,551.3580000000001,556.9315,600.874,695.579,696.892,706.9169999999999,758.4065,912.0215000000001,963.6635,996.0509999999999,1350.835,1855.045,2263.3199999999997,2264.5550000000003,1580.005,1183.69,895.826,632.0995,246.852,111.70485,72.256,82.3939,106.28295,99.9119,137.9675,193.177,251.798,295.56550000000004,175.92950000000002,102.26,52.552099999999996,20.7723,12.80595,5.117735,1.862055,1.1635,1.92034,0.02632,1.98173,1.442975,1.00873,0.62184,0.015515
2023-05-18 14:00:00,467.59749999999997,480.906,431.02,366.344,502.40200000000004,655.232,771.854,818.663,846.363,1063.2740000000001,1416.1399999999999,1546.54,1810.8600000000001,2074.205,2462.21,2726.6949999999997,2775.195,2730.5200000000004,2551.3050000000003,2368.17,2015.94,1474.23,1086.045,785.725,701.0825,682.3734999999999,576.184,375.13,182.346,115.8565,116.5195,154.594,206.56799999999998,229.941,319.9235,394.5725,381.64099999999996,228.017,125.00649999999999,51.3298,27.04405,4.07249,2.92388,1.458275,0.53212,0.16687,0.8071349999999999,1.137425,1.74974,1.9617399999999998,2.98819,4.886635
2023-05-18 15:00:00,252.86284999999998,209.5895,148.15300000000002,174.762,250.41649999999998,192.2605,253.99,328.61749999999995,335.7395,473.175,697.6669999999999,977.0889999999999,1280.87,1651.975,2141.665,2668.69,3577.865,4177.81,4387.545,4453.75,4137.005,3324.63,2152.9849999999997,1360.4,828.5264999999999,675.279,775.2349999999999,539.483,265.98699999999997,160.2585,164.26100000000002,231.313,265.784,321.75,385.928,409.39250000000004,345.16549999999995,212.9345,115.47550000000001,52.74695,31.785800000000002,10.947164999999998,5.00772,1.379925,0.282095,0.9350700000000001,1.235535,0.41258,0.38733,0.549585,0.6121700000000001,0.638985
2023-05-18 16:00:00,-9.46675,19.94465,60.023700000000005,92.20325,144.541,99.20325,111.901,149.12800000000001,305.14,528.615,734.156,705.4325,688.289,992.5775000000001,1340.2150000000001,1795.355,2638.3,3412.915,3915.605,5069.18,6083.63,6262.865,4931.605,3284.61,1969.585,1101.925,892.734,765.5975000000001,463.749,261.64549999999997,209.47500000000002,227.0685,287.2505,362.7155,460.303,482.6465,377.78499999999997,210.90949999999998,103.16385,53.159850000000006,32.36755,9.707329999999999,8.367065,3.50134,1.91541,1.1838199999999999,1.058375,0.50146,0.354425,0.363775,0.42518,0.01061
2023-05-18 17:00:00,-7.13665,19.561149999999998,58.86945,47.49095,17.53266,80.3235,134.13400000000001,171.9725,196.46050000000002,294.0435,474.6875,468.5155,617.142,929.8975,1092.005,1330.1950000000002,1895.895,2538.42,3303.54,4684.405000000001,5947.96,6396.76,5778.955,4273.29,2910.3100000000004,1888.7350000000001,1248.19,968.2460000000001,569.9365,342.3215,272.07,341.939,404.89,518.457,577.6105,538.9705,367.97749999999996,185.45999999999998,103.697,57.95925,29.1018,25.5938,8.936125,4.364240000000001,3.5250850000000002,2.1683700000000004,1.555425,0.748815,1.10587,0.544115,0.0,0.0
2023-05-18 18:00:00,98.9605,80.7885,12.6966,17.61635,9.194690000000001,27.2186,49.3377,52.78735,80.9931,138.49775,234.3245,509.35249999999996,812.2339999999999,997.4755,1390.5749999999998,1918.335,2457.585,3081.3050000000003,3533.71,4274.844999999999,5134.355,5688.305,5978.424999999999,5359.41,3958.29,2478.72,1443.255,1064.55,665.712,393.5555,282.01800000000003,324.016,452.1755,509.0745,531.2415000000001,463.875,345.2285,173.8275,97.71199999999999,57.323049999999995,25.4973,16.2209,6.26648,3.06453,2.130805,1.406095,0.647375,0.45006999999999997,0.882895,1.03389,0.466125,0.013855
2023-05-18 19:00:00,0.0,0.0,0.0,20.8975,10.254010000000001,36.54795,52.61065000000001,52.90065,160.99,200.818,137.34449999999998,280.3835,439.6205,541.8340000000001,774.027,1135.9650000000001,1611.59,2152.86,2444.7799999999997,3446.025,4362.74,5350.76,6011.04,5820.125,4490.46,2829.295,1600.665,1247.7150000000001,772.553,451.045,321.2575,415.4175,507.73299999999995,582.4155000000001,557.033,479.472,344.37149999999997,175.4035,107.637,69.3469,38.6797,19.8649,10.271225000000001,4.64513,2.104045,0.54886,0.379815,0.47762499999999997,0.780985,0.7393149999999999,0.22151500000000002,0.372825
2023-05-18 20:00:00,0.0,0.0,0.0,0.0,0.0,0.0,30.214,58.3257,25.5276,41.6434,128.636,177.311,275.109,364.37,486.606,627.7465,890.8335,1194.355,1680.89,2496.905,3444.8599999999997,4624.24,5731.605,6391.525,5906.98,4397.625,2592.02,1692.4,1133.6799999999998,644.3689999999999,361.3415,371.77099999999996,526.4604999999999,605.576,615.2645,563.6275,437.953,217.732,128.228,77.726,44.8279,29.778950000000002,22.4048,13.3843,5.64512,2.59349,0.43707500000000005,0.10241499999999999,0.007485,0.22924,0.0,0.0
2023-05-18 21:00:00,0.0,10.59125,5.9059,0.0,24.875799999999998,113.96555,170.29899999999998,204.947,259.537,320.41049999999996,373.1615,450.039,538.36,736.9545,903.909,1088.745,1119.205,1190.5,1272.995,1614.33,2237.005,3289.5249999999996,4677.385,6180.385,7189.945,6854.610000000001,5160.16,2912.6499999999996,1863.075,1126.7350000000001,597.0225,398.415,488.914,603.9865,647.3475,594.498,478.02599999999995,250.85250000000002,140.99650000000003,88.17869999999999,63.16405,30.702949999999998,20.11965,9.390474999999999,5.707174999999999,2.484255,3.41649,3.31902,1.599755,0.58682,0.0,0.0
2023-05-18 22:00:00,0.0,0.0,0.0,20.9466,27.5897,59.823750000000004,67.6965,51.55945,187.639,174.0005,169.0205,185.904,196.16,416.88250000000005,650.3199999999999,959.4939999999999,967.1495,962.989,881.0084999999999,1290.4250000000002,1894.615,2848.12,3949.915,5090.084999999999,5956.6900000000005,6408.415,6267.91,4775.094999999999,3135.96,1948.82,1096.74,610.875,522.004,564.163,594.561,573.5975000000001,497.006,279.45500000000004,176.8895,104.71075,60.0566,29.5106,20.47405,12.764800000000001,9.15249,7.065015,0.06407,1.4722300000000001,1.2833450000000002,1.03305,0.64481,0.03765
2023-05-18 23:00:00,0.0,27.84095,44.13575,38.15965,38.412425,16.96115,10.8369,2.77733,24.061799999999998,30.20075,66.16305,172.211,279.0215,407.649,687.1255,1051.167,1041.7839999999999,1138.19,1148.62,1554.21,2528.15,3945.145,5780.57,6440.915,5703.395,4540.3150000000005,3724.085,2933.375,1983.59,1194.23,685.6495,492.9035,431.28650000000005,419.4535,411.74649999999997,387.41499999999996,324.017,259.0745,181.583,121.8295,77.6084,50.234449999999995,25.30535,12.0363,4.672025,1.7608549999999998,1.214175,0.841245,0.07541999999999999,0.0,1.437555,5.853395
2023-05-19 00:00:00,0.0,0.0,0.0,0.0,6.50295,9.6219,10.6981,31.541075,108.9005,176.845,242.72650000000002,525.732,606.6125,411.6175,376.8245,439.898,751.0274999999999,1058.64,1416.205,2465.615,3871.1099999999997,5246.025,6315.389999999999,6049.4400000000005,4998.1900000000005,3782.27,2771.215,2045.92,1339.795,794.808,487.8745,380.84950000000003,373.21349999999995,350.2015,345.7895,338.442,310.003,253.732,184.67149999999998,123.4535,77.7298,57.55425,22.4606,15.5803,11.62065,3.86958,3.62764,3.06687,1.8616350000000002,3.628875,2.152335,1.2799200000000002
2023-05-19 01:00:00,0.0,0.0,0.0,0.0,6.7333,9.90435,13.39265,3.442035,34.774649999999994,56.863550000000004,66.798,116.29400000000001,149.16400000000002,265.93,360.698,489.592,794.818,1253.155,1822.56,2691.9849999999997,3768.6049999999996,5023.985,6221.639999999999,6384.875,5481.870000000001,4205.530000000001,3067.215,2108.755,1381.865,817.1445,467.98699999999997,328.446,288.90999999999997,336.525,363.7865,383.0775,380.7175,278.8615,213.13600000000002,153.9555,91.05215,59.899950000000004,32.6122,15.74465,13.95465,12.71125,1.92264,4.329355,2.74345,1.454505,1.49508,0.947455
2023-05-19 02:00:00,0.0,0.0,0.0,0.0,0.0,0.0,11.87435,30.342344999999998,43.95035,61.21915,44.593205,89.90090000000001,153.2735,267.655,581.4069999999999,995.1975,1803.46,2605.66,3151.6949999999997,3364.115,3605.14,3830.295,4299.725,4688.22,4100.67,3232.19,2408.8,1666.05,1143.09,688.6905,404.1385,294.06,282.37649999999996,346.03499999999997,417.813,433.821,405.60249999999996,291.66650000000004,223.667,151.18200000000002,104.44200000000001,53.639,34.2893,20.39815,9.74544,4.4033,4.1812450000000005,6.37837,5.30769,3.0102849999999997,2.020745,-0.12895500000000001
2023-05-19 03:00:00,0.0,0.0,0.0,0.0,0.0,0.0,0.0,1.09635,10.6546,15.0557,46.00279999999999,57.432050000000004,82.59645,145.72,267.996,558.299,945.8105,1631.3600000000001,2765.065,3442.8199999999997,3749.62,3896.3999999999996,4369.3150000000005,4625.735000000001,4122.125,3327.46,2513.01,1741.21,1125.62,717.6605,473.597,382.818,344.81050000000005,354.50750000000005,414.556,460.33450000000005,435.02700000000004,325.97749999999996,235.29149999999998,160.5925,108.529,74.6789,43.46015,21.78565,12.987200000000001,9.346025000000001,7.188365,5.04044,5.171844999999999,2.7254,1.185425,2.9280299999999997
2023-05-19 04:00:00,0.0,0.0,0.0,0.0,0.0,0.0,26.8251,60.84055,21.302599999999998,0.0,0.0,47.08695,100.47775,162.744,232.82049999999998,364.6065,646.7945,1030.087,1497.375,2644.0150000000003,3684.685,4573.75,5198.6900000000005,5446.549999999999,5018.85,3995.03,3044.505,2127.2400000000002,1412.9,871.918,540.573,389.8275,342.6255,330.94899999999996,389.0565,443.984,442.76099999999997,333.75350000000003,285.9405,198.52050000000003,130.5365,76.15395,34.9357,21.945999999999998,15.18535,13.71235,7.16844,3.8789949999999997,3.45505,3.83146,2.7587599999999997,1.57091
2023-05-19 05:00:00,0.0,0.0,0.0,0.0,0.0,0.0,0.0,0.0,0.0,0.0,0.0,10.40695,24.70765,63.201750000000004,128.897,252.702,486.634,783.2735,1059.445,1617.3600000000001,2460.135,3333.435,4468.84,5158.57,5287.985000000001,4839.764999999999,4009.065,2996.025,1999.59,1286.0900000000001,770.9905,467.14099999999996,351.459,344.374,406.91549999999995,489.3375,479.029,369.5155,265.644,173.88,118.416,55.784099999999995,43.2456,23.0039,12.00515,14.131915,3.75109,5.1189350000000005,2.4441300000000004,1.19535,0.68459,1.909685
2023-05-19 06:00:00,103.02,109.51105,66.3096,52.99875,14.426449999999999,60.490700000000004,46.9524,28.63567,45.769999999999996,43.6396,45.02245,103.17255,156.715,267.899,439.0255,650.3505,1063.9855,1443.255,1929.2749999999999,2689.8199999999997,3519.485,3923.73,4475.045,4723.225,4842.76,4665.455,3992.135,3036.9849999999997,2112.5150000000003,1416.205,859.8785,506.398,350.36850000000004,356.8485,440.2685,508.4775,475.101,330.153,257.179,186.17950000000002,117.12450000000001,62.908649999999994,43.2256,22.23085,14.38675,11.864650000000001,7.23053,3.125925,3.1238900000000003,1.9484,2.21651,0.78225
2023-05-19 07:00:00,0.0,0.0,0.0,47.7373,78.848,19.20835,12.6138,29.76635,27.66445,6.21045,19.676,87.12835,169.822,277.8075,502.206,822.5029999999999,1472.65,2152.89,2987.7749999999996,3794.55,4338.110000000001,4614.610000000001,4558.02,4365.265,3895.49,3330.1800000000003,2726.065,1936.9299999999998,1358.25,884.7294999999999,580.6605,418.3335,310.5455,343.1735,419.0795,453.7635,397.1755,302.0745,225.921,144.723,94.93395,62.203050000000005,39.408249999999995,22.2962,11.748149999999999,8.746765,5.1771899999999995,2.3733649999999997,5.722795,4.5183800000000005,1.823255,-0.11635
2023-05-19 08:00:00,-17.3814,36.83555,109.30850000000001,74.7574,60.15415,48.006550000000004,74.85015,123.68549999999999,66.6936,56.88145,62.965599999999995,158.2395,198.8865,370.45500000000004,744.2405,1064.0745,1938.1399999999999,2550.87,3246.705,4110.385,4621.12,4579.37,4303.695,4032.895,3715.0950000000003,3264.6099999999997,2988.21,2260.97,1724.945,1242.1,843.606,539.6610000000001,402.0375,333.70849999999996,395.3425,432.794,402.7585,356.8395,264.0715,172.277,106.813,62.16695,26.4282,17.63885,9.050094999999999,4.93652,1.56018,4.9314350000000005,3.55366,3.270725,1.667705,0.43811999999999995
2023-05-19 09:00:00,697.631,983.0705,1091.175,1426.245,1684.26,1585.46,1124.2,602.1995,536.1915,422.3135,168.622,167.7635,227.06799999999998,275.0195,504.77250000000004,784.855,1019.4195,1513.27,2326.995,3042.6800000000003,3661.6800000000003,3967.2299999999996,4088.24,4122.905,3985.775,3707.165,3274.795,2680.16,1962.2350000000001,1430.115,985.799,650.5525,496.297,398.75649999999996,426.533,451.69050000000004,412.1,310.929,249.9755,164.322,98.93985,65.96530000000001,31.30295,16.453449999999997,8.94237,7.105465,5.561275,8.91327,7.86186,6.2656849999999995,6.4730099999999995,7.007405
2023-05-19 10:00:00,1965.95,2803.4750000000004,3341.97,4311.965,5635.0,6910.3150000000005,7922.155000000001,8751.05,8017.200000000001,6306.41,3454.3450000000003,2089.58,1269.35,1341.5305,1072.9265,632.2055,782.0925,948.8985,1328.3200000000002,2026.2150000000001,2815.8500000000004,3452.335,4096.780000000001,4230.305,4308.195,3846.74,3380.1549999999997,2732.485,1987.975,1337.385,881.6175000000001,637.8595,505.1875,462.32950000000005,434.1875,430.00199999999995,405.753,314.42650000000003,241.213,164.43650000000002,94.72525,65.1503,26.9647,19.8737,18.12525,11.920100000000001,1.09796,13.72295,12.75565,12.4071,10.381475,21.02645
2023-05-19 11:00:00,2195.5249999999996,2885.4,3575.2799999999997,5216.45,6560.265,8569.67,11165.37,13345.1,15953.05,16215.849999999999,13960.75,10305.565,6615.395,3521.245,1584.8435,1125.94,1019.127,1044.7150000000001,1409.615,2001.7849999999999,2716.48,3519.88,4375.155000000001,4785.525,4491.38,3970.1400000000003,3349.4449999999997,2500.2200000000003,1713.135,1153.805,825.225,643.763,464.36400000000003,436.187,415.70799999999997,420.6445,416.0685,327.9015,254.13600000000002,179.6245,111.3495,73.36940000000001,30.160400000000003,19.15365,10.042225,3.108915,2.797285,13.4381,15.887150000000002,16.9351,19.70495,23.749850000000002
2023-05-19 12:00:00,1108.3815,1436.4299999999998,1118.345,1440.665,2037.385,2386.535,2989.37,3623.22,3071.675,2781.5150000000003,2796.7,2444.745,2108.48,1883.53,1654.9099999999999,1340.915,1006.7215,1008.3075000000001,1267.3,1707.1399999999999,2191.935,2775.8599999999997,3681.29,5047.855,5711.23,5536.575000000001,4757.014999999999,3602.665,2530.05,1704.9099999999999,1137.25,782.569,528.93,446.1175,409.2675,410.871,428.625,365.9115,287.2415,208.3755,136.61450000000002,93.413,32.95095,13.865749999999998,11.80603,12.72965,0.98766,10.645465000000002,10.71164,7.94194,5.1797450000000005,6.894215
2023-05-19 13:00:00,-43.77055,103.21855,134.2545,245.97050000000002,312.57,419.4305,606.8555,726.5935,956.6665,1101.77,1423.645,1597.935,1853.2150000000001,1839.425,1850.74,1954.67,1928.92,1657.9250000000002,1229.24,1342.8000000000002,1610.845,2154.3100000000004,3104.54,4778.014999999999,6120.045,6412.9400000000005,5679.445,4252.71,3289.835,2323.035,1478.115,880.348,601.4495,475.7875,430.1515,438.86749999999995,500.70550000000003,415.0955,326.403,231.02949999999998,141.723,72.24685,51.485150000000004,27.202199999999998,13.326350000000001,7.1522749999999995,7.615295,2.96361,1.9985950000000001,2.6513999999999998,3.77264,1.11315
2023-05-19 14:00:00,-47.183099999999996,66.83285,144.7225,76.2046,75.884,221.6145,282.349,321.443,309.6135,366.2845,493.8025,721.3655,989.351,1321.73,1738.74,2158.975,3060.92,3637.0699999999997,3783.3599999999997,3311.5550000000003,2577.255,2051.64,2049.99,3506.785,4974.585,6227.155,6496.975,5134.54,4104.845,3258.8100000000004,2442.645,1556.125,871.427,582.9005,483.6975,456.25649999999996,475.265,429.5795,334.534,240.1805,162.5815,83.33115000000001,51.24295,31.9147,15.4787,8.236080000000001,5.291005,3.5207100000000002,3.064485,1.89605,0.592785,1.018985
2023-05-19 15:00:00,0.0,0.0,0.0,73.4368,72.049,37.9385,150.85750000000002,282.831,194.163,270.191,399.0125,554.483,712.838,847.4815,1061.27,1458.42,2192.325,3125.31,4142.305,4153.355,3528.5299999999997,2169.3450000000003,1572.88,2223.7250000000004,3691.785,5687.68,7271.04,6798.115,4972.035,3750.6850000000004,2799.4700000000003,1859.5349999999999,1041.825,692.03,521.0225,456.186,478.6305,427.498,347.872,245.6775,150.8875,86.72229999999999,43.13485,29.787750000000003,19.2138,8.57416,0.682455,1.6349999999999998,1.200435,0.550575,0.90083,0.9195949999999999
2023-05-19 16:00:00,0.0,39.0826,9.3939,0.0,4.874,15.8441,23.3427,59.3881,174.86849999999998,268.481,371.933,439.73699999999997,524.767,708.0575,1042.125,1400.0349999999999,1897.35,2322.675,2511.0,2587.45,2258.23,1787.1100000000001,1270.4850000000001,1443.6750000000002,2409.02,4487.4400000000005,7169.21,8483.575,6209.815,4252.57,2942.3599999999997,2098.7250000000004,1136.285,686.145,496.3725,438.746,445.9775,418.08500000000004,339.98,241.233,156.38299999999998,94.04345,44.2814,30.0865,18.4167,9.775205,6.269634999999999,4.93121,1.613,0.53066,0.48502999999999996,0.02901
2023-05-19 17:00:00,0.0,0.0,0.0,46.969,73.5001,17.9056,46.026250000000005,89.9705,96.7261,114.25,150.23899999999998,249.50099999999998,419.356,660.5505,973.5885000000001,1340.17,1646.01,2021.0549999999998,2413.81,2537.665,2244.625,1750.415,1441.665,1280.67,1537.71,2910.085,5450.415,8404.189999999999,7908.155000000001,5987.110000000001,3963.0950000000003,2605.975,1462.24,822.8679999999999,557.5335,471.096,448.38,398.4295,347.574,242.75,151.2535,93.80825,50.2926,23.16725,16.9688,13.4586,0.43602,0.32963,1.103865,0.590885,0.68381,0.01876
2023-05-19 18:00:00,0.0,0.0,0.0,0.0,0.0,0.0,12.8855,32.23899,55.57845,82.42885000000001,88.1983,97.4194,163.4265,323.519,540.5905,851.3399999999999,1169.8600000000001,1389.01,1505.5,1640.705,1627.9699999999998,1377.15,1417.0549999999998,1326.92,1692.25,2844.42,4849.84,7612.995,8071.08,7048.985,5304.08,3789.935,2085.0550000000003,1074.801,622.544,508.51099999999997,423.805,400.649,336.9525,248.631,168.2425,77.86985,52.17425,29.725749999999998,17.04795,9.810155,4.47454,2.2986649999999997,1.2333500000000002,0.482815,0.58543,0.124505
2023-05-19 19:00:00,0.0,0.0,0.0,0.0,4.85296,21.8395,44.543499999999995,48.9972,50.6219,81.73525000000001,140.41199999999998,143.67700000000002,178.1995,235.64600000000002,312.73199999999997,433.03499999999997,574.485,748.64,892.442,1011.563,1111.165,1519.42,2226.33,3365.83,3704.16,3774.675,4393.64,6447.15,7713.02,7627.514999999999,6616.145,4996.075000000001,2723.625,1378.705,755.357,526.281,435.9095,365.051,327.041,250.23950000000002,158.00799999999998,71.76859999999999,41.50135,29.68365,16.9573,7.576265,5.418435,3.150845,2.225075,3.224425,1.936795,0.0
2023-05-19 20:00:00,-14.09595,29.1397,47.53837,20.4429,0.0,0.0,16.735599999999998,19.930095,22.67575,61.642799999999994,142.92399999999998,145.3505,210.651,325.477,333.71500000000003,380.4225,568.5105,642.9970000000001,788.8385000000001,977.9335,1118.615,1387.045,1866.575,2837.1549999999997,3664.76,4023.33,4050.305,5576.065,7501.93,7936.395,7144.47,5695.495,3154.46,1647.2150000000001,850.374,553.5385,449.788,405.24199999999996,327.43550000000005,247.5815,164.98950000000002,79.66345,56.1049,36.186949999999996,14.8307,6.26829,4.190205000000001,1.15143,2.44398,1.8275299999999999,0.79979,-0.01437
2023-05-19 21:00:00,0.0,0.0,0.0,0.0,5.3614,24.12765,17.44925,2.3494599999999997,33.13725,50.180949999999996,69.0069,212.70499999999998,321.85400000000004,215.04149999999998,233.22050000000002,240.662,409.9955,537.6790000000001,658.6915,875.9175,1110.66,1383.88,1666.525,2350.705,3284.415,4022.715,4282.72,4541.865,6745.63,7805.67,7650.75,6521.77,4203.969999999999,2128.0699999999997,1072.045,645.3969999999999,469.07849999999996,424.994,350.7845,278.22249999999997,184.704,97.52065,64.5882,40.34415,22.69305,12.425,9.46082,3.19107,1.573735,1.09429,1.1657600000000001,-0.033635
2023-05-19 22:00:00,0.0,0.0,0.0,0.0,0.0,0.0,0.0,0.0,0.0,0.0,0.0,23.302599999999998,51.8996,116.61625000000001,126.666,146.231,267.78700000000003,354.898,516.9214999999999,690.038,912.1275,1222.17,1594.13,2151.16,3066.5550000000003,3618.7299999999996,4001.9399999999996,4173.5650000000005,6318.405000000001,7705.445,8004.295,7019.55,4676.8099999999995,2460.455,1219.025,692.7349999999999,521.2560000000001,418.8995,380.0675,295.28049999999996,192.765,93.9495,70.63550000000001,40.50025,21.7322,10.720600000000001,6.37852,5.996095,3.4431000000000003,1.395375,0.05728,0.14253500000000002
2023-05-19 23:00:00,0.0,0.0,0.0,0.0,0.0,0.0,0.0,0.0,0.0,0.0,0.0,0.0,5.6142900000000004,28.58645,56.64675,80.02789999999999,150.2945,184.79700000000003,206.194,342.865,519.489,755.592,1025.8825000000002,1620.745,2129.955,2865.75,3848.4300000000003,4804.645,6712.635,7923.31,7917.88,6714.280000000001,4336.02,2368.33,1188.37,664.3240000000001,511.38800000000003,405.93399999999997,341.8325,261.2695,167.49200000000002,90.04505,62.695499999999996,36.871700000000004,19.13155,10.817725,8.402999999999999,3.5789350000000004,0.91643,0.13289,0.71007,0.03519
2023-05-20 00:00:00,0.0,0.0,0.0,0.0,0.0,0.0,0.0,1.176895,10.6883,7.6198,2.588385,23.7648,39.1077,83.73005,92.2236,74.9913,72.11725,82.50145,114.727,173.1355,228.627,378.552,440.696,634.0260000000001,877.6759999999999,1554.58,3104.38,5402.3150000000005,8018.51,9052.635,8125.845,6022.594999999999,3673.985,2039.78,1064.0549999999998,612.3885,410.98350000000005,366.137,302.8075,219.53199999999998,138.001,73.1193,53.4238,28.019399999999997,18.55535,13.594100000000001,6.621275,3.97398,3.806465,2.992525,1.2530350000000001,0.0
2023-05-20 01:00:00,0.0,0.0,0.0,0.0,0.0,0.0,0.0,0.0,0.0,0.0,0.0,0.0,0.0,0.0,44.23785,112.1855,142.32850000000002,146.3855,103.785,136.3205,197.8795,285.21,334.4925,427.894,616.6234999999999,1333.74,2796.86,5295.755,8078.695,9060.865000000002,8242.47,6167.360000000001,3765.87,2195.48,1150.955,629.6935000000001,443.525,357.94899999999996,291.3745,210.72899999999998,136.4665,81.80655,43.24625,27.573349999999998,14.84465,5.635185,6.13813,3.821045,1.80294,1.7881900000000002,0.90492,0.0
2023-05-20 02:00:00,0.0,0.0,0.0,0.0,0.0,0.0,0.0,0.0,0.0,0.0,0.0,37.1727,62.5713,26.87715,34.7806,55.246849999999995,111.6402,172.631,228.7355,304.9815,339.0585,331.93,485.3885,746.4870000000001,1195.2800000000002,1908.31,3050.6,4945.645,6788.014999999999,7497.82,7107.715,5621.13,3729.0950000000003,2189.04,1218.435,689.6745000000001,492.8555,425.30949999999996,302.456,201.9645,124.3205,78.47775,40.8834,26.175150000000002,15.0281,8.47801,5.173394999999999,7.4468049999999995,2.961905,1.5781049999999999,2.383085,0.71832
2023-05-20 03:00:00,0.0,0.0,0.0,0.0,0.0,0.0,0.0,1.112255,11.22425,0.0,0.0,0.0,9.392595,35.31695,52.625600000000006,72.4103,126.82650000000001,164.86599999999999,185.75799999999998,260.975,383.8935,519.675,648.5195,835.8145,1160.17,1845.135,2851.325,4542.26,6412.845,7426.635,7338.545,6085.695,4157.639999999999,2573.1099999999997,1465.295,803.8485000000001,549.715,448.12149999999997,338.7125,223.9065,141.78,72.3052,45.88405,27.530450000000002,18.27865,11.2233,3.245085,2.299585,3.6328249999999995,3.787775,0.808505,0.508065
2023-05-20 04:00:00,0.0,0.0,0.0,0.0,0.0,0.0,0.0,0.0,0.0,0.0,0.0,0.0,0.0,0.0,14.6384,37.1216,95.47479999999999,131.13330000000002,126.04050000000001,228.8945,330.009,364.36400000000003,438.721,580.621,877.927,1458.0900000000001,2409.45,4024.565,5957.415,7310.615,7601.6900000000005,6487.205,4575.915,2850.87,1564.075,830.315,535.0635,463.98699999999997,340.746,240.894,146.2465,66.4149,34.8444,28.6568,16.87315,5.483085,4.5206800000000005,5.9940750000000005,3.959785,2.248585,2.378635,0.4782
2023-05-20 05:00:00,0.0,0.0,0.0,0.0,0.0,0.0,0.0,0.0,0.0,0.0,0.0,0.0,11.700205,20.7716,25.5822,36.179050000000004,91.42045,138.1345,173.0515,188.56799999999998,207.5575,271.7155,368.8515,569.719,880.683,1610.7150000000001,2634.49,4235.299999999999,5855.86,6900.4,7179.125,6279.975,4346.450000000001,2827.98,1651.045,869.947,583.442,416.8165,344.17949999999996,236.8,143.3785,81.2816,51.43685,27.34835,13.67835,8.08432,1.8045749999999998,5.143965,3.817785,3.771535,2.58523,1.48719
2023-05-20 06:00:00,0.0,0.0,0.0,0.0,0.0,0.0,13.35695,28.7269,10.6756,26.44065,47.421549999999996,49.57885,68.6538,68.24000000000001,105.1535,170.276,147.1285,154.91649999999998,207.00549999999998,242.0685,325.632,429.5145,548.3245000000001,815.115,1056.1399999999999,1379.58,1907.58,3007.8050000000003,4270.67,5369.925,6334.38,6559.79,5342.105,3528.88,2133.215,1182.04,643.6365000000001,468.59749999999997,358.4385,260.5105,177.46699999999998,110.30799999999999,54.48795,32.8355,20.8503,11.398575000000001,13.6304,3.14317,3.014805,2.6551400000000003,1.150255,0.87125
2023-05-20 07:00:00,0.0,0.0,0.0,0.0,15.0147,9.56235,12.5715,4.50789,28.4025,27.0915,25.876385,37.51245,46.8046,52.52005,56.4919,74.05075,106.4475,126.4365,162.143,188.18900000000002,265.957,436.68899999999996,701.429,1155.3,1714.1,2394.375,3243.79,4002.125,4531.1,4888.24,4827.469999999999,4446.885,3493.02,2460.615,1551.42,945.2370000000001,600.4860000000001,481.769,354.3355,239.15949999999998,135.269,66.42195,40.8707,21.62835,15.76845,12.0489,3.958915,5.474755,4.623125,3.362895,1.240605,2.428175
2023-05-20 08:00:00,0.0,40.0739,71.31915,28.38925,0.0,0.0,0.0,0.0,0.0,14.66345,7.7689,12.47035,16.823349999999998,42.602050000000006,108.989,223.04200000000003,307.60900000000004,389.676,481.534,559.6105,620.7735,687.2085,819.471,1086.5700000000002,1508.5149999999999,2178.09,3139.115,4084.9350000000004,4963.005,5336.775,5247.815,4566.73,3616.2799999999997,2475.1899999999996,1514.735,916.873,639.4649999999999,506.076,366.095,254.903,167.8015,82.08425,52.26525,30.0074,17.6571,9.681195,5.325025,3.4569199999999998,1.670735,1.8511950000000001,2.18805,2.77682
2023-05-20 09:00:00,0.0,0.0,0.0,0.0,0.0,0.0,0.0,0.0,0.0,0.0,0.0,0.0,2.72096,5.3486,42.3447,108.9495,162.8435,270.738,456.66549999999995,749.7345,987.3340000000001,1000.769,1039.2199999999998,1069.525,1225.255,1681.875,2498.62,3654.82,4766.28,5498.615,5663.005,5210.635,3992.2250000000004,2760.37,1710.635,989.627,668.5139999999999,558.0965,427.952,304.524,186.959,90.72945,60.23345,36.1072,20.39415,11.235019999999999,6.859975,3.9077450000000002,3.242865,2.89209,2.642015,2.9630349999999996
2023-05-20 10:00:00,102.0205,105.97,60.12735,98.9349,117.41225,38.4165,24.0462,0.0,0.0,0.0,0.0,0.0,9.60165,36.482150000000004,48.49385,71.5238,183.0505,292.7475,410.444,664.9594999999999,861.1705,1026.07,1085.625,1138.24,1179.165,1409.33,2037.305,3165.895,4532.5599999999995,5556.96,5904.17,5405.215,4291.02,2945.31,1823.62,1066.045,690.323,553.9155000000001,445.0725,334.02099999999996,219.46800000000002,105.4345,53.31395,34.47525,20.78595,12.303515,3.289975,4.8176950000000005,4.8071850000000005,3.505255,1.6505999999999998,4.865915
2023-05-20 11:00:00,0.0,60.800000000000004,170.4044,245.47299999999998,261.542,259.718,216.661,152.296,123.11610000000002,236.39749999999998,338.60699999999997,385.6655,449.6025,549.4105,478.6375,395.30899999999997,561.654,595.7115,642.379,775.912,840.578,890.05,981.0319999999999,1020.182,965.896,1079.815,1585.06,2695.9049999999997,4007.805,5091.18,5544.594999999999,5229.805,4309.584999999999,3119.415,1963.9,1092.995,672.1285,547.567,464.2685,339.38149999999996,228.16750000000002,122.60900000000001,58.111000000000004,30.972250000000003,16.9306,12.9098,8.00447,6.9292549999999995,7.277480000000001,6.73327,3.013025,2.48061
2023-05-20 12:00:00,199.19,161.92450000000002,68.41115,98.08825,91.95439999999999,159.9275,166.6065,173.71749999999997,384.51149999999996,497.109,562.013,756.6255,954.788,910.9105,801.4935,581.61,576.126,574.866,631.4685,686.3875,725.7135000000001,891.8575000000001,1079.01,1078.135,1042.95,1011.0585000000001,1269.98,1999.1100000000001,3164.8050000000003,4293.88,5104.110000000001,5285.83,4450.95,3444.8199999999997,2271.16,1327.93,740.6685,610.6804999999999,516.1735000000001,409.597,273.68949999999995,135.29899999999998,77.13755,40.52175,23.9197,8.37913,4.300915,3.8059950000000002,4.314985,3.7588299999999997,1.186495,2.13788
2023-05-20 13:00:00,0.0,0.0,0.0,0.0,0.0,0.0,50.8523,4.40365,68.90085,67.1961,106.0616,207.721,294.57500000000005,259.491,287.6885,338.952,303.9955,289.2765,309.73850000000004,376.84450000000004,503.5285,668.2755,893.741,1089.16,1127.585,1102.955,1129.87,1571.985,2657.455,3766.37,4640.745,5102.84,4689.245,3658.9449999999997,2451.425,1392.8449999999998,780.015,607.848,525.3589999999999,425.18,277.8115,158.50900000000001,75.7019,34.0692,18.079549999999998,12.91265,7.79724,2.36022,6.407235,5.26252,2.068555,1.646885
2023-05-20 14:00:00,0.0,0.0,0.0,24.17405,21.4636,70.08495,69.79849999999999,56.9366,91.92085,132.1395,81.3451,267.0675,431.3275,306.03,257.9605,279.524,391.378,389.5845,286.846,328.98900000000003,378.21000000000004,426.001,678.0215000000001,946.7529999999999,1101.885,1113.435,1100.1100000000001,1334.51,2166.5150000000003,3496.515,4611.655000000001,5307.88,4954.895,3812.3599999999997,2615.05,1550.81,856.0754999999999,635.4259999999999,524.6685,403.28499999999997,272.6195,132.112,65.15155,40.819050000000004,25.93775,15.92155,8.508305,6.190015000000001,4.202835,2.1328899999999997,2.217275,1.3510250000000001
2023-05-20 15:00:00,0.0,0.0,0.0,24.90765,47.77995,41.5814,46.3455,32.887655,40.1161,73.68039999999999,120.325,178.7255,189.776,206.84699999999998,284.473,354.462,407.15700000000004,400.51750000000004,424.19550000000004,426.286,419.45799999999997,458.254,606.0885000000001,739.8305,940.828,1103.8249999999998,1164.78,1160.33,1854.915,3125.76,4414.215,5316.88,5292.96,4195.535,2865.24,1648.435,854.7515,647.374,496.464,402.394,283.193,135.29000000000002,85.62545,49.477450000000005,25.9543,11.7423,13.728950000000001,2.81701,2.24924,2.881645,2.790595,-0.026584999999999998
2023-05-20 16:00:00,0.0,0.0,0.0,0.0,0.0,0.0,0.0,7.82458,52.03075,76.3255,85.6845,128.4375,170.8485,188.2975,158.603,146.94,262.117,379.122,487.834,531.2415000000001,593.191,736.902,862.4185,790.2180000000001,1000.4624999999999,1187.79,1286.7199999999998,1199.5700000000002,1725.3899999999999,2950.74,4459.469999999999,5627.945,5506.165000000001,4438.46,3032.95,1723.81,885.8634999999999,650.5564999999999,514.7284999999999,388.1555,273.1855,138.17,78.9505,43.8641,23.6659,14.17355,4.75308,8.145275,7.22153,1.549765,1.175955,0.9264
2023-05-20 17:00:00,0.0,0.0,0.0,0.0,6.5208,29.30105,37.02445,29.8359,11.22415,13.4907,21.09682,99.90969999999999,152.4995,106.92005,153.16500000000002,244.44299999999998,295.80100000000004,331.12850000000003,315.4335,414.17650000000003,601.737,990.789,997.499,852.8175,858.5435,1020.7950000000001,1156.755,1085.2,1485.225,2571.375,4065.005,5441.585,5549.29,4517.755,3115.085,1782.47,941.567,665.745,527.9024999999999,404.02,275.3815,151.7145,87.6026,53.23485,31.2652,15.1023,7.83473,3.0899900000000002,3.411265,3.60421,1.9890850000000002,2.206155
2023-05-20 18:00:00,0.0,0.0,0.0,0.0,7.1944,32.3278,23.4372,3.40814,45.82115,58.8311,75.06025,75.77165,92.8673,114.09899999999999,171.18900000000002,206.299,246.483,304.7595,386.8055,593.4604999999999,1282.185,2219.705,2371.8050000000003,1508.455,1094.4655,1069.94,1184.91,1085.02,1402.1,2387.0950000000003,3880.675,5319.110000000001,5514.545,4683.84,3273.0,1873.2350000000001,964.9604999999999,636.5285,529.9590000000001,417.6865,288.3705,149.406,79.72919999999999,45.0345,26.37325,12.72255,7.802495,3.2771049999999997,5.313065,4.2724899999999995,4.105205,-0.11135
2023-05-20 19:00:00,0.0,0.0,0.0,0.0,0.0,0.0,13.3728,30.973765,27.3584,38.896950000000004,23.27232,103.5535,171.752,112.9965,169.957,277.72950000000003,310.21500000000003,454.6915,700.8435,1279.615,2088.075,2834.105,2773.9350000000004,1919.98,1338.725,1147.51,1234.595,1247.7350000000001,1530.81,2512.5150000000003,3885.7250000000004,5155.94,5408.625,4498.235,3120.225,1773.31,909.9265,619.919,502.899,394.7585,269.46299999999997,165.74349999999998,80.51995,47.7539,26.93665,11.5597,4.746975,9.210055,5.058545,2.2298299999999998,0.743465,0.82235
2023-05-20 20:00:00,0.0,0.0,0.0,0.0,7.20915,9.65045,13.37285,2.110965,21.3766,13.907599999999999,24.140800000000002,34.93195,64.45715000000001,79.9769,129.91199999999998,185.24,233.079,318.4685,493.10900000000004,731.6015,1111.17,1585.065,1909.0,1553.7199999999998,1207.48,1063.255,1181.69,1319.5,1533.1,2358.14,3747.51,5187.1,5564.38,4620.87,3235.8900000000003,1921.95,960.4100000000001,651.722,531.2864999999999,404.4875,270.5455,136.692,91.07215,51.164249999999996,32.724,21.213900000000002,9.09686,7.27508,4.749505,3.299255,1.916225,1.604145
2023-05-20 21:00:00,0.0,0.0,0.0,0.0,0.0,0.0,26.067,61.2029,47.0605,58.57375,50.091300000000004,49.8019,49.152,76.4468,91.5669,114.4649,209.4105,279.89250000000004,350.321,530.3285000000001,791.2315000000001,1153.535,1569.44,1563.4299999999998,1401.56,1192.22,1096.5,1247.68,1491.74,2093.2200000000003,3256.38,4809.385,5556.469999999999,4785.27,3562.56,2158.41,1034.5149999999999,670.0805,534.111,398.92650000000003,276.787,166.558,93.6954,43.4003,28.111,18.7725,10.53465,3.931295,4.401955,5.44145,2.682275,0.0
2023-05-20 22:00:00,0.0,0.0,0.0,0.0,0.0,0.0,0.0,0.0,0.0,7.00305,2.590105,24.7136,28.6664,62.3727,87.781,78.74629999999999,117.365,192.2425,260.894,328.28,466.764,621.546,833.4069999999999,1008.6745000000001,1147.9250000000002,1264.43,1439.38,1510.1599999999999,1586.165,2045.905,2924.2349999999997,3941.945,4653.245,4265.65,3248.505,2006.405,1043.5500000000002,683.2965,557.6105,461.582,316.2955,171.7965,107.44800000000001,58.78015,32.1143,18.6417,12.682435,6.4678450000000005,5.7729099999999995,5.578049999999999,1.408465,2.1078349999999997
2023-05-20 23:00:00,0.0,0.0,0.0,0.0,0.0,0.0,0.0,0.0,0.0,0.0,0.0,0.0,21.3873,88.05845,109.149,162.012,137.92450000000002,156.411,180.803,227.4635,361.427,488.541,600.752,672.1379999999999,841.7555,1121.9050000000002,1432.955,1493.095,1603.37,2016.23,2780.575,3704.8999999999996,4420.200000000001,4022.1099999999997,3128.2349999999997,1983.06,1072.145,714.1600000000001,582.1315,465.26,333.8315,168.4255,104.1608,54.0543,28.8539,17.3056,8.846515,7.61134,8.93017,7.137285,3.9937549999999997,2.2228199999999996
2023-05-21 00:00:00,0.0,0.0,0.0,0.0,0.0,0.0,0.0,0.0,0.0,0.0,0.0,0.0,5.82455,28.957,63.5838,107.918,177.807,201.485,220.123,241.728,353.497,419.673,475.548,537.902,674.762,975.829,1286.82,1443.93,1555.87,2002.28,2704.73,3584.55,4380.65,4180.99,3291.79,2121.36,1112.89,743.441,606.61,485.54,329.355,187.498,103.888,51.493,31.0119,14.4448,9.7671,3.5116,3.18894,3.49748,3.53355,1.50777
2023-05-21 01:00:00,0.0,0.0,0.0,0.0,0.0,0.0,0.0,0.0,0.0,0.0,0.0,0.0,15.573,44.20965,106.505,165.04399999999998,410.844,547.1585,586.2574999999999,502.577,521.0395,517.262,526.7425000000001,605.8634999999999,640.729,804.2629999999999,1140.63,1368.165,1620.565,2076.08,2781.39,3608.085,4403.45,4181.46,3342.26,2195.035,1188.225,790.4449999999999,602.741,485.90999999999997,352.29200000000003,159.63400000000001,101.61165,51.786550000000005,25.30525,19.3921,9.31438,7.2456499999999995,3.29573,0.027325000000000002,30.76192,169.597635
2023-05-21 02:00:00,0.0,0.0,0.0,0.0,0.0,0.0,0.0,0.0,0.0,0.0,0.0,0.0,0.0,0.0,25.573,33.4292,258.927,422.511,491.312,579.58,545.321,504.595,540.696,530.954,576.657,728.686,906.639,1258.08,1490.42,1968.44,2743.92,3548.63,4266.37,4097.75,3330.35,2177.1,1164.27,756.993,542.683,436.133,345.614,181.892,103.311,46.7174,21.8778,16.9156,12.1001,5.30152,1.52858,1.34529,0.59558,2.57579
2023-05-21 03:00:00,0.0,0.0,0.0,0.0,0.0,0.0,0.0,0.0,0.0,0.0,0.0,0.0,0.0,0.0,0.0,3.24965,46.7022,145.75,237.616,371.629,466.67,503.659,512.148,485.673,523.826,683.248,873.584,1166.12,1550.98,2150.86,2839.96,3695.15,4149.98,3939.1,3113.21,2024.06,1161.1,736.45,573.813,463.911,323.991,183.664,81.5247,40.5331,21.3332,18.1466,3.61888,4.48943,4.14842,2.89834,6.5171,7.76832
2023-05-21 04:00:00,0.0,0.0,0.0,0.0,0.0,0.0,0.0,0.0,0.0,0.0,0.0,0.0,0.0,0.0,13.14325,35.65905,63.08625,118.16515,174.33999999999997,315.459,472.3535,479.5615,522.6125,548.2975,567.902,653.095,899.9485,1141.38,1487.395,2059.41,2822.9849999999997,3697.0950000000003,4316.75,4056.05,3264.0600000000004,2174.145,1163.02,788.4465,596.8354999999999,469.93399999999997,340.767,170.5795,98.23384999999999,51.8798,30.2798,17.9902,6.8137799999999995,8.038415,4.59765,2.33454,0.01668,0.0008699999999999999
2023-05-21 05:00:00,0.0,0.0,0.0,0.0,0.0,0.0,0.0,0.0,0.0,0.0,0.0,0.0,0.0,0.0,0.0,0.74927,22.5049,54.4319,103.784,256.779,402.968,473.018,523.496,484.382,513.125,610.556,780.982,1060.51,1445.6,2049.32,2814.51,3681.82,4280.43,4126.15,3363.79,2265.84,1197.75,784.148,584.072,460.379,340.951,192.065,97.7583,47.5997,26.1095,13.2568,10.9472,6.98097,4.37356,1.78539,0.02567,0.00134
2023-05-21 06:00:00,0.0,0.0,0.0,0.0,0.0,0.0,0.0,0.0,0.0,0.0,0.0,0.0,0.0,0.0,7.35535,21.2196,102.11005,137.3344,143.266,241.06900000000002,390.373,544.9685,529.879,601.9024999999999,628.2819999999999,713.5095,966.904,1156.23,1567.295,2148.1099999999997,2931.355,3717.66,4082.91,3778.105,2966.505,1921.55,1099.545,766.8969999999999,576.231,436.105,312.106,168.1735,88.9929,44.522000000000006,22.98205,8.48838,4.440189999999999,5.9531600000000005,4.600835,3.867865,5.797675,1.3434
2023-05-21 07:00:00,0.0,36.9699,12.1142,44.8874,0.0,0.0,0.0,0.0,0.0,0.0,0.0,0.0,6.43302,11.1138,38.8276,35.2103,223.639,316.943,442.042,657.536,977.094,1380.25,1776.52,1688.77,1866.87,1986.83,2155.3,2165.43,2350.57,2587.01,2833.29,2997.8,2893.32,2359.18,1848.05,1340.15,819.222,575.567,452.699,339.866,250.164,138.95,73.0869,45.4833,25.1268,5.74626,12.2362,3.43478,0.04775,0.05428,4.88979,3.45753
2023-05-21 08:00:00,0.0,0.0,0.0,0.0,6.9744,30.695,35.2592,2.5617799999999997,33.828,52.496449999999996,46.54345,48.54105,60.99145,36.04115,41.78535,54.96105,97.5763,130.417,186.661,298.1295,523.394,874.543,1102.34,1185.59,1307.165,1433.075,1553.395,1685.13,2078.71,2500.3900000000003,2972.5299999999997,3409.67,3503.425,3097.66,2445.4700000000003,1617.515,938.018,669.6669999999999,506.4965,403.88250000000005,284.308,164.2535,82.6181,52.90385,30.948,15.34205,4.317925,6.06501,3.5447949999999997,1.00187,1.04209,1.70609
2023-05-21 09:00:00,0.0,0.0,0.0,0.0,0.0,0.0,0.0,0.0,0.0,0.0,0.0,24.52325,41.6425,24.93555,25.05525,36.05145,55.074799999999996,97.39945,240.97500000000002,360.12149999999997,503.2645,779.3465,966.2225,1125.605,1162.45,1189.245,1286.175,1366.825,1715.955,2189.705,2792.71,3310.8500000000004,3444.59,3020.575,2312.115,1504.58,928.46,650.883,506.5345,394.1735,270.674,145.481,83.07095000000001,41.464650000000006,22.1747,12.0598,6.875615,3.565195,4.32251,2.92218,2.72789,3.887165
2023-05-21 10:00:00,0.0,0.0,0.0,0.0,0.0,0.0,25.559800000000003,1.19111,9.88545,14.633849999999999,4.41516,11.68455,5.982060000000001,29.740099999999998,51.545249999999996,92.27844999999999,196.067,242.2225,285.954,408.49850000000004,528.747,594.835,758.309,863.2475,899.5865,982.9680000000001,1094.4250000000002,1131.55,1389.445,1695.98,2078.9049999999997,2432.04,2615.135,2389.0699999999997,1841.69,1294.885,820.0129999999999,569.035,419.673,327.011,240.058,142.987,92.74430000000001,51.742850000000004,26.7261,18.3415,4.07385,1.15248,0.537995,0.02326,0.024655,0.001285
2023-05-21 11:00:00,124.578,83.94760000000001,11.5039,71.84895,120.55525,80.34909999999999,93.19725,148.59,115.79410000000001,98.6303,34.6039,37.91005,56.287850000000006,100.64945,76.1914,19.434755,70.43175,115.03255000000001,133.8735,224.445,379.54600000000005,546.6735,725.1995,1006.9490000000001,1234.225,1415.38,1654.065,1828.335,1929.3899999999999,2086.13,2370.365,2748.11,2885.46,2604.8,2023.045,1403.065,881.772,588.0074999999999,454.0555,352.77700000000004,239.663,146.45749999999998,89.54265000000001,54.62535,30.1558,13.51315,3.280045,2.5824499999999997,0.394665,0.025160000000000002,2.435735,1.4082750000000002
2023-05-21 12:00:00,-55.7302,100.4205,297.796,164.28750000000002,98.23355000000001,287.462,297.3505,180.093,256.79449999999997,388.92650000000003,507.85350000000005,445.7185,343.5565,181.822,166.712,168.28,127.86349999999999,128.12650000000002,263.138,274.2765,376.5815,626.3235,705.1869999999999,811.363,928.836,1090.3145,1217.12,1332.65,1471.42,1714.97,2023.19,2258.445,2393.7,2094.685,1639.49,1157.645,768.846,518.1435,388.97950000000003,300.7835,219.3395,146.03949999999998,93.4148,52.6021,22.48005,0.27548,0.005294999999999999,3.4432400000000003,3.5257199999999997,1.364265,1.39711,1.38296
2023-05-21 13:00:00,181.616,164.813,148.01,321.651,351.763,486.444,549.711,619.047,698.168,1115.18,1746.44,1616.4,1227.31,1119.35,988.891,749.659,960.849,1108.9,1098.65,1149.6,1325.81,1612.86,1643.75,1317.28,1022.63,767.233,609.991,540.422,638.858,771.955,990.27,1325.42,1417.52,1145.75,879.433,625.583,453.303,336.532,288.705,222.281,163.071,126.129,92.1092,50.6562,25.197,0.42804,0.00822,2.88012,1.59424,0.03628,38.1759,225.581
2023-05-21 14:00:00,128.4815,85.74145,23.496499999999997,94.00405,181.7785,234.49099999999999,361.90999999999997,391.9095,457.08500000000004,544.404,757.4815,753.6,940.1015,1063.8215,1134.685,1365.405,1372.085,1466.435,1573.145,1815.835,2088.465,2344.965,2202.025,1928.27,1516.08,1109.04,832.4955,713.348,702.5184999999999,830.5775,1021.94,1246.585,1536.855,1397.9699999999998,1095.975,761.461,514.7955,369.54949999999997,291.0705,227.027,161.668,123.816,77.94975,52.487,30.2705,14.6425,11.65814,5.07362,0.88058,0.7067,2.368785,0.876845
2023-05-21 15:00:00,-11.9776,30.96665,42.70805,71.9904,57.0023,166.99900000000002,180.06400000000002,201.401,350.24850000000004,406.314,537.3395,569.451,680.034,910.0835,1033.1275,1109.0949999999998,1354.165,1484.53,1672.87,1885.455,2231.8250000000003,2599.625,3244.26,3489.6549999999997,2682.185,1579.705,966.7180000000001,789.3465000000001,702.5305,687.7375,763.7735,935.8544999999999,1068.127,1057.8980000000001,894.4845,653.2840000000001,461.421,401.07550000000003,281.522,197.351,169.27800000000002,123.7765,90.0262,55.047200000000004,28.30285,16.3448,5.33667,1.66717,0.243945,0.35995,1.161755,1.824695
2023-05-21 16:00:00,-25.86665,26.791449999999998,79.44955,55.380649999999996,10.431125,45.90825,94.3302,151.128,165.1575,252.6875,286.597,404.218,561.329,678.6105,832.172,1011.241,1279.175,1487.04,1640.47,2115.825,2565.0150000000003,2915.59,3456.89,4192.0,4417.1,3803.0950000000003,2269.255,1390.75,1073.6,969.0260000000001,952.204,1083.745,1320.7849999999999,1328.815,1138.5749999999998,844.9069999999999,545.1435,439.522,309.4845,243.02499999999998,209.5145,137.3095,95.29055,67.96175,42.3642,16.8113,7.396955,2.739985,0.059925,0.0341,0.012295,0.00064
2023-05-21 17:00:00,0.0,0.0,0.0,42.1737,67.50485,67.3656,83.54765,87.97415000000001,192.9715,273.61850000000004,356.043,308.99199999999996,352.712,474.1065,606.005,656.8015,1039.243,1365.65,1513.745,1903.38,2361.76,2773.2,3342.76,4105.77,4382.280000000001,4058.1349999999998,3041.825,1882.2199999999998,1341.795,1167.655,1156.3,1192.5149999999999,1455.875,1549.4499999999998,1361.975,1002.749,621.0844999999999,403.4055,325.85400000000004,270.798,208.453,149.7825,90.2886,62.1864,34.41775,16.2619,12.952549999999999,6.992934999999999,2.564825,0.199665,0.013585,0.000705
2023-05-21 18:00:00,0.0,0.0,0.0,0.0,12.76665,36.4704,41.7891,59.965450000000004,77.5147,95.77454999999999,136.9072,221.088,297.044,345.05100000000004,446.558,581.1415,639.9055000000001,833.183,1000.884,1478.055,2091.9049999999997,2462.325,3273.33,4263.295,4879.459999999999,4653.0,3677.02,2507.065,1600.585,1283.405,1271.95,1266.385,1488.915,1611.495,1428.1399999999999,1057.48,650.172,431.924,335.7265,278.6085,239.1875,183.483,112.9375,71.6865,43.53375,23.76445,8.673784999999999,4.58206,2.48605,0.555625,1.13504,2.28625
2023-05-21 19:00:00,69.593,120.70840000000001,66.80605,41.843900000000005,84.64405,170.5735,179.485,150.14282,193.85835,189.04700000000003,145.822,193.7955,165.796,289.18449999999996,379.4,342.9565,397.64549999999997,444.145,538.188,773.9965,1115.27,1669.71,2605.38,3501.9849999999997,4677.0599999999995,5513.08,5560.425,4485.695,2853.4049999999997,1859.8400000000001,1420.08,1394.4,1496.105,1708.135,1654.0749999999998,1300.815,828.557,527.278,413.84000000000003,340.7645,286.07,177.605,134.313,87.38365,54.358900000000006,30.755250000000004,8.750515,6.763450000000001,3.939635,1.44067,1.9130250000000002,3.5396099999999997
2023-05-21 20:00:00,0.0,58.6803,78.27969999999999,71.01015,50.099650000000004,11.972945,6.0432,16.11905,54.60485,69.79235,113.969,97.2438,93.33145,181.00900000000001,261.683,318.36400000000003,532.5045,634.988,733.3075,823.7049999999999,1017.9449999999999,1435.9450000000002,1714.855,2353.955,2994.94,3565.54,4091.915,4475.645,3721.365,2885.0600000000004,1951.595,1566.48,1487.4499999999998,1705.3899999999999,1811.26,1532.925,997.127,631.931,434.43899999999996,336.2165,255.44549999999998,149.87900000000002,108.7295,67.5464,37.35085,18.55185,7.48714,5.72686,2.4132,0.326515,0.09,0.004695
2023-05-21 21:00:00,176.8315,161.511,93.8132,94.56864999999999,121.00155000000001,81.5901,63.41625,40.8864,38.532199999999996,22.53115,45.56314,62.32665,79.4456,125.22,146.5095,149.841,214.11399999999998,285.0015,462.475,592.5775,868.3395,1302.1,1700.775,2122.36,2510.895,3001.3,3607.3,3907.145,3941.4700000000003,3504.24,2658.83,1803.905,1520.81,1653.71,1827.29,1745.475,1214.085,749.8845,506.5425,355.843,255.26299999999998,165.3245,112.815,67.8826,41.644099999999995,24.811,8.057335,4.2725800000000005,0.99408,0.146755,0.612865,0.66241
2023-05-21 22:00:00,-10.09335,10.4542,31.00175,14.4697,3.516615,15.4769,22.52465,3.1120349999999997,36.054649999999995,23.529,24.491445000000002,36.10705,72.00919999999999,120.49449999999999,130.5855,110.9165,248.733,301.1495,398.8835,541.433,866.8275,1251.07,1650.45,2187.865,2678.01,3223.795,3765.2650000000003,4131.54,4275.115,4173.41,3618.545,3103.065,2754.455,2710.7200000000003,2648.0950000000003,2313.26,1559.8600000000001,922.9975,571.2955,393.25350000000003,285.906,207.183,115.821,79.08705,46.8946,23.65895,10.55349,4.02313,2.484195,0.82597,0.000685,3.5e-05
2023-05-21 23:00:00,0.0,0.0,0.0,0.0,0.0,0.0,0.0,0.0,0.0,7.5374,23.6314,38.7483,46.89785,40.2609,123.72,226.21949999999998,268.2935,355.836,571.444,845.3605,1329.5500000000002,1867.08,2653.495,4052.125,4915.514999999999,4996.84,4575.52,4171.795,3994.5,3817.645,3690.455,3463.02,3164.38,3015.45,2765.37,2303.27,1641.6950000000002,939.4205,582.8095000000001,402.0965,290.5455,198.52499999999998,131.5235,83.6391,48.0806,24.04105,9.793875,3.57367,1.269975,0.30139000000000005,0.60702,1.0078449999999999
2023-05-22 00:00:00,0.0,0.0,0.0,0.0,0.0,0.0,0.0,0.0,0.0,0.0,0.0,34.237700000000004,59.1847,74.5312,180.56799999999998,302.779,387.0685,538.236,790.534,1140.6750000000002,1481.72,1724.5349999999999,2019.155,2599.9,3280.525,3879.09,4137.855,3701.87,3390.8149999999996,3312.7749999999996,3319.2200000000003,3313.9,3401.945,3207.8,2813.585,2200.26,1441.85,841.3045,532.0485,376.593,278.12,182.56400000000002,113.00999999999999,76.59925,45.923500000000004,21.68875,11.24493,6.058725,2.2540750000000003,2.6135,2.395485,-0.012995
2023-05-22 01:00:00,0.0,0.0,0.0,0.0,0.0,0.0,0.0,0.0,0.0,0.0,0.0,0.0,6.58551,31.9264,67.1449,92.17695,197.665,361.8945,547.53,788.3309999999999,1195.85,1550.335,1856.7849999999999,2139.9449999999997,2377.16,2672.545,3102.1899999999996,3394.46,3242.08,3129.2250000000004,3131.4399999999996,3272.3999999999996,3331.635,3292.87,2884.0699999999997,2198.415,1422.975,776.8465,498.41949999999997,351.8065,264.2065,168.037,110.791,82.2219,46.15235,23.666600000000003,12.40535,7.066235000000001,3.3253899999999996,1.118435,1.366555,1.0812
2023-05-22 02:00:00,0.0,0.0,0.0,26.5081,0.0,0.0,0.0,0.0,0.0,0.0,0.0,0.0,7.06315,5.71685,60.8217,113.87389999999999,139.4015,233.584,298.0545,527.6245,796.0409999999999,1078.645,1482.21,1763.67,1971.6349999999998,2071.525,2188.88,2484.245,2499.955,2580.84,2802.725,3088.7349999999997,3339.74,3219.995,2800.415,2116.245,1251.005,763.1395,494.2155,343.8275,256.6405,166.59550000000002,104.749,62.513850000000005,43.0645,18.317050000000002,6.8633,5.157395,2.72982,2.08179,1.817655,0.0
2023-05-22 03:00:00,0.0,0.0,0.0,0.0,0.0,0.0,0.0,0.0,0.0,0.0,0.0,0.0,0.0,0.0,28.785600000000002,56.40245,107.78365,174.9115,271.2695,301.85400000000004,494.86,827.9955,1124.365,1474.29,1621.87,1796.8600000000001,2032.3049999999998,2225.685,2442.0950000000003,2589.63,2803.8500000000004,3141.425,3314.185,3242.44,2857.195,2220.74,1411.665,809.0105,555.0915,372.83799999999997,240.285,175.3195,101.41,70.86115,42.76875,19.0242,6.492240000000001,6.412775,3.91725,2.88722,1.300115,1.033135
2023-05-22 04:00:00,0.0,0.0,0.0,0.0,0.0,0.0,0.0,1.514,10.5225,0.0,0.0,0.0,7.135009999999999,34.59035,54.2375,75.73310000000001,141.84699999999998,184.7505,207.9515,325.038,496.1825,618.268,860.7465,1111.025,1381.795,1592.74,1809.69,1886.085,2138.7799999999997,2327.175,2621.665,3000.1,3282.0699999999997,3341.3,2925.4049999999997,2193.965,1330.7,821.7570000000001,523.1714999999999,370.41499999999996,267.8875,196.2775,108.85050000000001,64.79605000000001,39.29185,16.78485,11.6099,6.75553,5.280525000000001,3.37495,1.47314,0.0
2023-05-22 05:00:00,0.0,0.0,0.0,0.0,0.0,0.0,0.0,0.0,0.0,0.0,0.0,0.0,0.0,0.0,15.2585,37.5029,49.30075,94.2844,170.731,266.14549999999997,420.1085,610.819,705.923,972.4014999999999,1128.975,1335.7649999999999,1581.335,1789.74,1902.17,2172.215,2560.71,2940.355,3316.5950000000003,3337.87,2944.295,2247.4700000000003,1434.76,790.573,534.323,377.017,270.068,171.0925,101.67949999999999,61.4842,40.435649999999995,24.7452,7.8736049999999995,4.59424,2.8946500000000004,1.6779549999999999,2.6308949999999998,-0.004325
2023-05-22 06:00:00,0.0,0.0,0.0,0.0,0.0,0.0,0.0,0.0,0.0,7.48335,2.327835,0.0,0.0,0.0,7.52065,20.03189,44.3029,70.4747,89.83165,178.4515,314.0145,413.132,581.3515,818.3305,1069.935,1289.335,1547.725,1772.295,1996.75,2221.855,2563.185,2977.5249999999996,3397.9049999999997,3477.995,3134.0200000000004,2489.58,1749.85,973.103,616.8815,410.3665,292.4925,183.9895,113.0685,63.1865,37.691599999999994,22.782200000000003,5.21917,5.04373,2.401995,1.8606599999999998,2.0930400000000002,0.96
2023-05-22 07:00:00,0.0,0.0,0.0,0.0,0.0,0.0,0.0,0.0,0.0,7.4833,2.198535,0.0,0.0,0.0,7.24575,1.5761349999999998,38.3412,48.577749999999995,38.13365,92.34155,184.7135,315.604,488.1485,649.3979999999999,896.38,1252.03,1656.2649999999999,1864.0349999999999,2060.205,2346.9449999999997,2672.58,3103.94,3590.9700000000003,3761.955,3628.755,3074.75,2168.325,1365.37,803.9594999999999,502.89250000000004,347.3165,215.714,142.39749999999998,82.243,40.1879,18.5158,8.733654999999999,4.43553,4.57256,2.29168,1.340975,-0.0051
2023-05-22 08:00:00,0.0,21.7511,5.8368,0.0,0.0,0.0,0.0,1.44469,18.33465,23.5197,29.598354999999998,11.5126,0.0,0.0,14.76525,20.8717,44.4882,84.71985000000001,109.44399999999999,147.774,231.11849999999998,292.2885,350.265,558.744,849.5229999999999,1196.6999999999998,1470.775,1971.1,2298.335,2502.125,2812.895,3199.3,3487.125,3848.98,3921.825,3579.4300000000003,2744.965,1732.615,999.19,601.1,386.44500000000005,209.3945,155.72899999999998,92.82415,46.88665,22.3268,9.33412,2.370905,3.04775,1.42176,1.9700550000000001,2.12695
2023-05-22 09:00:00,0.0,0.0,0.0,0.0,0.0,0.0,13.97275,29.79755,10.51115,43.30235,50.4686,92.23984999999999,96.28895,64.40885,70.69024999999999,76.2068,92.8514,87.57225,94.0087,139.1105,231.255,367.29150000000004,523.3935,747.9345000000001,993.3655,1363.42,1812.265,2322.615,2720.735,2925.885,3019.425,3066.185,3316.3450000000003,3516.34,3763.38,3661.89,2881.875,1825.6100000000001,1063.665,626.0540000000001,395.621,254.70999999999998,149.468,86.41705,53.06515,22.8464,10.27825,6.16376,3.37111,1.36836,1.777555,0.174955
2023-05-22 10:00:00,0.0,0.0,0.0,0.0,0.0,0.0,0.0,0.0,0.0,0.0,0.0,12.9921,27.35435,23.3433,20.59225,37.51405,52.7068,72.2906,86.98230000000001,143.3875,270.2125,414.1405,620.363,889.383,1217.87,1548.5149999999999,1940.275,2356.04,2646.26,2820.2200000000003,2880.27,2868.545,3031.52,3159.37,3426.59,3362.46,2661.355,1714.4299999999998,978.5935,580.217,394.5675,250.31900000000002,161.2175,94.53614999999999,52.950450000000004,29.00775,8.661455,4.9581800000000005,2.99681,2.0712450000000002,1.600525,1.41413
2023-05-22 11:00:00,0.0,21.1754,5.78995,0.0,0.0,0.0,0.0,0.0,0.0,8.05955,2.198515,0.0,3.526495,17.09635,21.5709,37.31085,83.9548,121.994,195.92000000000002,229.214,318.7585,455.5195,534.8525,632.7045,682.9780000000001,797.858,1017.0025,1244.5300000000002,1444.2649999999999,1701.345,1827.1750000000002,1842.635,2064.495,2409.5150000000003,2587.765,2407.7799999999997,1877.7849999999999,1114.045,684.6030000000001,439.924,320.6925,246.1455,137.3235,92.23695000000001,52.893950000000004,19.050449999999998,10.326195,10.174914999999999,5.328555,2.073855,0.830825,2.163265
2023-05-22 12:00:00,0.0,0.0,0.0,0.0,0.0,0.0,0.0,0.0,0.0,9.31757,8.026544999999999,26.8584,38.7233,43.47555,96.6683,76.30535,68.58545,70.75855,66.02080000000001,109.5095,155.428,228.576,322.7415,440.2885,499.0825,564.0029999999999,710.0355,1009.385,1265.025,1516.67,1670.125,1733.395,1925.0700000000002,2347.745,2652.2799999999997,2585.8050000000003,2016.58,1218.4850000000001,781.2345,515.2395,354.294,232.953,145.894,93.13759999999999,56.90775,24.55955,9.225280000000001,5.676215,3.898035,1.64304,1.844605,1.27449
2023-05-22 13:00:00,0.0,0.0,0.0,0.0,0.0,0.0,0.0,3.11163,17.0153,26.780185,57.0758,52.473699999999994,44.547,35.189,35.65625,33.6776,56.28185,61.11749999999999,69.1707,88.2514,135.019,178.945,254.777,333.933,414.49649999999997,507.7315,583.9735000000001,739.908,968.0225,1265.68,1539.98,1698.54,1791.35,2244.49,2722.51,2803.38,2261.3199999999997,1408.995,873.4355,555.2935,379.491,253.0935,151.87400000000002,86.94935000000001,47.2945,24.338900000000002,17.154049999999998,4.1900200000000005,3.201445,3.08765,3.0986000000000002,-0.01221
2023-05-22 14:00:00,0.0,0.0,0.0,0.0,0.0,0.0,0.0,0.0,0.0,6.53155,20.2135,34.90535,41.99025,28.2528,25.6875,27.0682,42.3949,56.12864999999999,95.43785,140.61,153.79649999999998,192.9845,253.32099999999997,315.6755,388.61850000000004,456.495,534.3215,655.669,875.173,1145.195,1379.1950000000002,1609.1950000000002,1737.8600000000001,2341.215,2846.865,3001.94,2520.34,1604.415,952.346,598.6410000000001,409.33000000000004,265.0725,161.0935,98.3666,44.98545,26.00445,19.2543,8.538174999999999,5.14669,4.570265,0.8007949999999999,1.4907
2023-05-22 15:00:00,0.0,0.0,0.0,0.0,0.0,0.0,5.99365,13.771895,9.017545,2.989225,0.977555,10.46905,12.00536,19.9693,70.10345000000001,112.65899999999999,156.28050000000002,163.77800000000002,128.87900000000002,184.8635,230.9705,251.66400000000002,354.6055,401.265,490.7415,571.7805000000001,631.1165000000001,645.1379999999999,803.8054999999999,1048.8000000000002,1342.0149999999999,1531.595,1676.455,2343.3149999999996,2942.3199999999997,3228.29,2674.5,1709.25,1040.24,624.3895,433.63,278.5395,182.35199999999998,96.3557,53.4805,35.3949,12.773399999999999,10.622499999999999,4.77515,3.2496600000000004,1.16161,0.8689699999999999
2023-05-22 16:00:00,0.0,0.0,0.0,0.0,0.0,0.0,0.0,0.0,0.0,0.0,0.0,10.088930000000001,8.534625,41.375550000000004,100.03265,170.00549999999998,162.088,166.6335,138.23,202.1195,246.74200000000002,240.2665,296.256,357.653,451.308,503.3935,525.996,567.3589999999999,703.404,925.164,1228.745,1490.59,1633.925,2277.71,2880.6099999999997,3140.5699999999997,2681.37,1737.3600000000001,1047.5,634.2605000000001,424.054,274.103,186.8355,106.55895000000001,52.63805,28.08815,13.39825,8.295745,5.7538599999999995,4.1350999999999996,1.0146950000000001,2.04388
2023-05-22 17:00:00,0.0,0.0,0.0,12.20305,20.470860000000002,8.152474999999999,12.26755,26.88635,11.980095,26.589975,19.2466,36.54175,33.33745,38.632999999999996,99.87845,149.92700000000002,190.024,188.81799999999998,228.189,265.47749999999996,271.2175,315.983,351.9685,381.827,436.84299999999996,504.48,566.8715,625.4415,701.5409999999999,925.7645,1213.78,1525.6100000000001,1690.925,2105.58,2773.37,3186.51,2856.295,1925.79,1154.81,674.5070000000001,439.531,288.11850000000004,170.6645,93.14789999999999,50.664,33.05385,15.28875,5.279529999999999,4.1653649999999995,3.0526150000000003,0.57367,0.81409
2023-05-22 18:00:00,0.0,0.0,0.0,0.0,0.0,0.0,0.0,1.137315,5.62525,7.186045,11.79456,25.035400000000003,41.206649999999996,69.38985,77.0881,112.90965,130.5035,133.37900000000002,153.38150000000002,218.02749999999997,252.47050000000002,289.8635,323.79949999999997,314.17449999999997,358.9445,430.54650000000004,519.6725,536.1705,582.21,680.768,940.7935,1335.8400000000001,1523.04,1867.2649999999999,2434.77,2858.51,2691.32,1779.565,1114.155,662.775,425.13,294.33,161.541,94.54050000000001,50.7679,20.066499999999998,12.203199999999999,6.434775,4.78204,2.714125,1.079685,0.9437150000000001
2023-05-22 19:00:00,102.03285000000001,90.8148,38.48845,125.3302,179.442,243.157,244.721,151.84050000000002,187.0564,203.36614999999998,143.0713,147.077,190.721,217.3435,203.481,197.7145,283.7525,328.63750000000005,295.31399999999996,292.35249999999996,284.543,263.02,322.48350000000005,383.56,389.183,380.26800000000003,431.07349999999997,530.313,603.1469999999999,627.239,770.912,984.779,1251.455,1526.52,2017.1550000000002,2572.2200000000003,2936.27,2223.055,1339.3,745.6595,446.866,277.4125,161.1685,100.5536,48.26435,25.59635,15.998149999999999,8.414695,4.05649,2.11524,0.355865,1.3434
2023-05-22 20:00:00,78.0946,192.989,213.60199999999998,179.613,131.7375,124.3495,174.886,146.777,197.8005,197.995,245.764,317.9955,346.03,305.453,333.1865,435.1845,402.3055,343.67150000000004,351.7225,448.845,608.5070000000001,528.3810000000001,565.7,579.963,588.7235000000001,544.0955,466.2975,477.695,520.7755,579.1485,690.858,884.302,1167.26,1466.46,2026.25,2658.63,3040.085,2306.075,1433.615,793.405,439.4185,284.66700000000003,160.40949999999998,89.99975,48.6268,29.30805,8.20857,7.84596,4.21228,1.4472,0.9664349999999999,0.0
2023-05-22 21:00:00,58.8365,93.3516,60.5576,41.6256,10.549375,45.3677,49.24745,49.3625,47.5119,88.60435000000001,106.99340000000001,146.58350000000002,187.256,241.877,230.866,246.95350000000002,295.7515,347.44,324.5355,364.9915,378.031,400.8745,426.8345,409.62149999999997,452.151,463.68899999999996,476.2855,500.45799999999997,511.5165,568.7045,694.2280000000001,864.52,1144.415,1340.49,2028.46,2721.205,3004.48,2349.0299999999997,1410.715,764.407,436.1255,296.5415,158.0845,91.7457,46.40485,24.5958,11.67915,5.778895,4.51956,2.783575,0.336135,1.15556
2023-05-22 22:00:00,0.0,0.0,0.0,0.0,0.0,0.0,27.5593,48.45655,52.2692,30.8933,54.0114,94.59675000000001,115.0008,132.1634,156.2175,206.3275,274.176,333.027,378.6975,492.944,586.4304999999999,690.54,867.4079999999999,851.61,1024.475,1170.417,1186.7035,1414.9115000000002,1378.8335000000002,1304.634,1249.3274999999999,1250.3105,1393.72,1603.545,2000.42,2449.005,2901.755,2637.25,1884.95,1157.345,632.893,383.4435,230.5335,119.70750000000001,52.92705,19.489800000000002,8.097355,5.822535,4.56077,3.0986200000000004,1.868145,1.1779799999999998
2023-05-22 23:00:00,0.0,0.0,0.0,0.0,0.0,0.0,0.0,2.109085,26.766550000000002,53.96125,71.88624999999999,100.2858,123.10849999999999,109.48435,115.13380000000001,111.9375,155.12650000000002,260.1255,317.3225,445.78049999999996,598.814,816.162,1067.463,1255.105,1399.67,1614.19,1801.615,1965.8899999999999,1989.225,2057.225,2119.455,1879.81,1877.4,1797.63,1979.365,2401.75,3036.1949999999997,3053.87,2320.71,1511.48,794.3935,405.408,263.8355,138.3145,63.05630000000001,32.038799999999995,2.3734,4.831945,2.182185,2.05734,1.39011,-0.00727
2023-05-23 00:00:00,0.0,0.0,0.0,0.0,0.0,0.0,26.14855,33.69394,65.49585,59.544650000000004,8.06854,59.6199,82.71995000000001,106.0675,148.82760000000002,109.9265,226.8135,273.791,302.111,329.288,443.1965,598.5360000000001,708.7595,958.482,1155.5149999999999,1383.2849999999999,1546.005,1767.6100000000001,2164.67,2586.82,3278.35,4155.675,4468.865,4511.41,4419.305,3950.135,3744.3,3727.7200000000003,3189.335,2284.6949999999997,1412.5300000000002,819.8455,416.61,220.4785,118.91399999999999,64.35825,12.591180000000001,9.76905,3.965165,1.928225,1.78459,1.742075
2023-05-23 01:00:00,0.0,0.0,0.0,0.0,0.0,0.0,9.56065,4.03686,7.8204,29.437849999999997,69.5272,72.4274,73.72375,97.37174999999999,76.92965,73.18764999999999,151.534,227.673,251.74149999999997,342.567,447.58500000000004,563.865,615.2675,767.4095,954.7384999999999,1225.495,1466.7,1801.13,2149.685,2559.8199999999997,2861.0299999999997,2982.8199999999997,3156.38,3360.17,3430.4300000000003,3572.1,3739.3450000000003,3612.8599999999997,2937.5649999999996,2038.15,1209.395,653.7775,376.12,190.6725,87.714,40.924,16.90245,8.10379,4.681915,2.280015,0.691265,0.013255
2023-05-23 02:00:00,0.0,0.0,0.0,0.0,5.09715,6.698,17.29245,0.69486,12.10895,19.92835,23.387665,65.54365,130.8545,181.336,293.964,393.37149999999997,592.835,701.602,609.471,654.5785000000001,657.3745,584.882,657.434,755.2049999999999,944.7835,1166.55,1395.33,1688.495,1918.99,2284.92,2658.71,3087.92,3248.975,3323.465,3221.9350000000004,3255.86,3567.76,3648.8450000000003,3015.805,2095.235,1211.29,611.078,369.7085,191.17149999999998,90.96035,36.1545,21.3739,6.487445,4.629144999999999,4.664575,1.70078,0.01628
2023-05-23 03:00:00,0.0,0.0,0.0,0.0,0.0,0.0,0.0,0.0,0.0,0.0,0.0,18.517850000000003,30.184649999999998,12.32996,41.5886,80.686,96.8583,150.149,294.2075,412.326,443.846,522.81,590.049,669.285,753.979,880.6569999999999,1008.5664999999999,1200.045,1405.7350000000001,1686.755,1974.9650000000001,2325.77,2568.65,2743.235,2734.41,2832.885,3065.3500000000004,3205.195,2711.795,1893.04,1158.325,638.8544999999999,378.4525,194.398,94.76830000000001,41.41345,11.8082,5.0263349999999996,3.487685,2.6087100000000003,1.131815,0.010924999999999999
2023-05-23 04:00:00,0.0,0.0,0.0,0.0,0.0,0.0,0.0,0.575645,10.03145,18.27235,3.03256,39.9363,50.4733,46.9632,50.159800000000004,55.9512,90.1682,117.69650000000001,160.07999999999998,264.438,387.7105,499.5425,611.396,764.6395,906.703,1057.705,1182.3,1314.8049999999998,1476.925,1616.1100000000001,1786.335,2032.705,2188.5299999999997,2153.455,2175.2799999999997,2470.41,2872.14,3051.675,2568.19,1748.925,990.292,536.566,291.7985,154.5445,68.96005,28.1642,1.3812,0.42894,0.251185,0.34630500000000003,2.38157,3.124195
2023-05-23 05:00:00,0.0,0.0,0.0,0.0,0.0,0.0,0.0,3.0193399999999997,21.1865,21.093,17.525275,23.82595,58.3748,84.05725000000001,124.554,168.1605,279.8665,328.727,337.3905,400.1565,442.22249999999997,480.409,656.6665,803.8225,999.6875,1260.215,1542.1599999999999,1914.42,2083.755,2246.65,2369.135,2412.64,2452.7,2444.5649999999996,2493.51,2625.185,2920.62,3209.29,2779.8549999999996,2068.195,1298.85,692.9784999999999,358.9115,190.03,94.74520000000001,48.192,7.026465,14.95,7.47627,0.552975,1.61611,0.220135
2023-05-23 06:00:00,0.0,0.0,0.0,0.0,0.0,0.0,22.360500000000002,50.45555,17.8638,21.29985,68.4345,117.076,146.302,154.93,249.5885,378.177,398.87,458.0745,597.8875,929.6199999999999,1159.8595,1144.6605,1160.721,1148.8615,1357.76,1451.0,1639.8899999999999,1903.665,2187.0550000000003,2343.5950000000003,2403.67,2447.49,2229.205,2136.605,2100.49,2253.965,2702.855,3159.565,2788.01,1977.495,1093.17,537.8265,314.313,159.751,72.10285,37.781400000000005,7.246175,7.084944999999999,4.16593,3.883245,1.608795,1.22827
2023-05-23 07:00:00,0.0,0.0,0.0,0.0,0.0,0.0,13.29265,3.980495,62.0309,86.7328,94.04535,140.603,185.8595,189.1205,225.5695,301.425,345.519,366.361,357.51300000000003,472.3605,526.259,655.5515,627.979,728.254,828.261,973.5045,1233.88,1615.49,1966.105,2209.955,2417.06,2438.665,2213.9700000000003,2085.74,2024.565,2065.3199999999997,2438.4049999999997,2893.05,2677.66,1937.81,1057.495,503.929,299.5345,166.3125,85.82415,37.069,14.2825,10.00074,4.560169999999999,1.87684,1.29386,0.277905
2023-05-23 08:00:00,137.925,90.86775,22.7419,23.86625,0.0,0.0,12.69655,2.9924,44.6442,52.21665,65.31135,71.9367,121.9645,158.79700000000003,252.76800000000003,358.2835,416.5685,437.69849999999997,494.4275,488.1435,447.3275,472.33299999999997,479.5635,570.875,667.5050000000001,861.399,1104.225,1453.58,1870.78,2282.0,2597.6549999999997,2806.06,2829.9449999999997,2469.34,2342.95,2426.675,2622.43,2878.365,2668.45,2008.775,1157.1,538.045,303.47799999999995,161.1335,79.52655,33.5533,16.886200000000002,6.913495000000001,4.2584599999999995,2.386445,0.48768,0.004665
2023-05-23 09:00:00,0.0,0.0,0.0,0.0,0.0,0.0,13.2343,30.690019999999997,31.7712,58.60165000000001,137.7095,141.567,202.173,315.69399999999996,410.50149999999996,452.654,519.7315,547.956,484.47,542.2325000000001,556.746,489.29499999999996,542.1625,608.96,722.615,910.5305000000001,1185.6100000000001,1590.4099999999999,1942.055,2402.17,2793.5249999999996,2921.42,3018.025,2900.75,2864.025,2872.52,2981.165,3011.6800000000003,2592.125,1884.42,1101.3049999999998,507.93449999999996,295.295,150.55599999999998,80.04535,36.7411,16.7372,4.433445,2.689445,2.79583,3.6105600000000004,1.437125
2023-05-23 10:00:00,0.0,0.0,0.0,0.0,0.0,0.0,23.766350000000003,34.0998,30.89405,35.1673,96.31485,176.20499999999998,242.23250000000002,389.631,466.216,700.9839999999999,820.9385,879.355,826.204,822.338,788.846,722.0805,657.8035,651.579,700.0345,839.9535000000001,1077.975,1407.315,1811.505,2289.7650000000003,2741.8100000000004,3159.7749999999996,3259.4700000000003,3154.545,3109.37,3126.88,3220.5,3160.49,2705.4700000000003,2039.88,1242.97,576.4175,310.872,167.28699999999998,84.42015,32.00075,17.3762,5.90113,3.615215,2.93343,0.728245,1.314525
2023-05-23 11:00:00,0.0,0.0,0.0,0.0,6.03695,27.89065,67.9203,98.57509999999999,70.525,89.71154999999999,173.837,180.84550000000002,217.57600000000002,361.204,462.573,553.0074999999999,491.28099999999995,480.04099999999994,532.572,581.556,646.6185,675.2225,594.1120000000001,678.821,752.488,817.3795,956.9855,1259.77,1685.74,2210.25,2691.5550000000003,3008.225,3177.38,3192.125,3191.2,3249.5699999999997,3260.74,2995.265,2450.2799999999997,1757.7,1054.09,500.0815,271.1815,142.6395,74.66225,36.827600000000004,14.134250000000002,5.296435,1.916865,0.112735,0.7292799999999999,2.171335
2023-05-23 12:00:00,0.0,0.0,0.0,0.0,0.0,0.0,0.0,0.529935,9.23495,55.50975,131.77904999999998,185.55200000000002,183.0245,364.08299999999997,398.8925,355.3465,558.5975,634.7339999999999,651.8064999999999,714.63,822.893,935.6195,939.9380000000001,973.3009999999999,974.3245,973.7655,946.438,1140.6950000000002,1471.33,1905.385,2289.17,2467.38,2444.345,2563.0,2735.91,2939.3050000000003,3134.18,2706.6949999999997,1970.095,1243.0549999999998,684.1465000000001,347.4375,222.9665,121.4105,60.8662,35.54295,11.05575,8.868739999999999,3.762505,1.701185,1.93476,0.043054999999999996
2023-05-23 13:00:00,0.0,10.23015,4.450305,0.0,0.0,0.0,61.022999999999996,90.57034999999999,120.273,105.03999999999999,170.9915,188.2175,256.543,410.46299999999997,580.871,917.0530000000001,913.8910000000001,977.8355,909.4535000000001,858.576,906.0564999999999,1038.721,1088.995,1012.76,924.28,867.606,917.7835,1058.185,1256.975,1588.43,1905.685,2169.175,2313.5299999999997,2389.4,2627.88,2917.17,3079.5,2562.785,1703.41,991.6735,536.1859999999999,314.35699999999997,202.34550000000002,118.4405,54.353049999999996,27.92125,11.83293,3.999345,2.019415,0.739115,1.71488,2.8565300000000002
2023-05-23 14:00:00,0.0,0.0,0.0,13.87855,20.8655,5.1745,27.50205,59.78135,58.69305,101.6115,189.9465,309.342,438.735,629.176,696.1585,703.1015,799.4835,872.1795,963.074,1077.16,1281.335,1619.45,1724.865,1589.24,1326.53,1110.8400000000001,1050.435,1156.625,1410.52,1589.4,1680.2150000000001,1779.0700000000002,1993.8600000000001,2202.975,2540.935,2762.01,2746.05,2185.075,1400.17,800.277,458.824,294.8945,178.864,101.9025,49.6861,21.86075,12.55045,4.5782799999999995,4.654755,3.6300950000000003,0.38468,0.003685
2023-05-23 15:00:00,0.0,69.23740000000001,44.164474999999996,112.28255,191.79505,229.1285,199.32049999999998,236.724,362.679,419.90999999999997,541.445,575.9975,583.2750000000001,589.2115,665.424,822.624,798.096,661.3315,578.555,473.4655,465.923,517.688,507.811,540.6030000000001,677.6615,892.2265,1169.22,1478.06,1832.73,2018.98,1988.335,1837.005,1862.01,2078.9300000000003,2385.77,2542.04,2387.7349999999997,1665.505,1023.229,593.0085,354.426,238.04899999999998,153.1535,92.42055,48.002700000000004,30.687399999999997,8.40682,4.49333,2.49388,0.79034,1.450595,0.9127799999999999
2023-05-23 16:00:00,165.811,117.94065,117.685,89.22219999999999,129.853,214.6885,286.2485,367.693,536.1165,673.573,730.859,666.97,584.3675000000001,514.2049999999999,575.1205,670.066,531.364,453.681,380.1545,352.0985,365.44399999999996,413.9065,451.4955,585.498,694.4105,835.3720000000001,1102.6399999999999,1520.475,1990.12,2107.7650000000003,2020.085,1802.8000000000002,1805.6399999999999,2028.625,2267.16,2322.68,1945.42,1241.3400000000001,777.4005,485.297,328.12350000000004,212.56,135.905,83.99795,46.3141,30.5798,12.88115,4.049205,0.9994050000000001,1.232975,3.5599800000000004,6.76421
2023-05-23 17:00:00,13.574,78.95285000000001,74.2244,112.5325,73.61149999999999,92.6911,188.94650000000001,341.207,308.166,333.47450000000003,356.9315,440.1755,509.587,512.391,588.6185,496.0375,536.2045,534.28,478.954,399.2695,408.691,469.72400000000005,538.3195000000001,590.0315,692.6575,800.865,863.485,1226.2800000000002,1603.675,1953.17,2058.84,1941.865,1932.12,2116.4300000000003,2396.785,2509.6549999999997,2154.41,1393.275,836.8644999999999,529.9585,357.581,256.807,156.8585,86.08505,48.33115,29.28725,14.90645,5.87313,2.689085,0.21134000000000003,0.03298,0.000315
2023-05-23 18:00:00,0.0,0.0,0.0,0.0,9.72572,44.932900000000004,79.64715000000001,83.6408,59.299749999999996,89.36175,204.8605,271.5105,355.8595,397.672,437.358,532.7025,588.636,757.038,1010.3190000000001,1123.5565000000001,1102.227,1031.5175,850.606,741.1949999999999,683.498,695.74,811.408,905.1495,1304.5349999999999,1654.54,1894.315,1940.7649999999999,1904.395,2098.99,2477.41,2630.3,2274.59,1458.705,900.047,545.0844999999999,356.069,248.10500000000002,135.732,85.162,51.3613,19.416150000000002,9.837430000000001,8.543405,2.764965,0.77232,1.198425,0.021685000000000003
2023-05-23 19:00:00,0.0,0.0,0.0,13.3639,12.4838,41.486850000000004,35.8153,35.5002,121.4665,126.02595,158.1575,187.285,230.1395,355.84749999999997,469.3885,564.1085,793.105,939.8679999999999,1023.0,1160.93,1222.9299999999998,1190.295,978.0160000000001,754.29,750.328,893.7655,1050.47,1120.035,1504.325,1841.415,1923.17,1794.92,1842.4650000000001,2002.475,2373.565,2547.115,2246.9,1418.56,881.3505,544.9235000000001,356.70500000000004,236.207,152.078,88.13575,47.66985,26.8714,13.09495,5.663435,2.220545,0.928725,2.75638,2.133295
2023-05-23 20:00:00,0.0,0.0,0.0,14.70935,6.68135,30.86795,24.74645,6.211075,108.23715,200.764,295.06399999999996,269.7975,233.4275,328.862,352.86199999999997,415.004,526.763,633.332,751.3875,918.704,1003.363,991.7255,943.9200000000001,804.914,773.89,880.7964999999999,1042.44,1176.775,1417.57,1736.8000000000002,1963.62,1920.1950000000002,1874.0500000000002,2048.91,2400.18,2637.305,2403.14,1618.71,953.585,579.6479999999999,379.889,281.43899999999996,166.852,96.1568,52.923,23.3704,6.290430000000001,3.010085,1.46232,0.70316,0.65345,0.006255
2023-05-23 21:00:00,0.0,0.0,0.0,0.0,7.09718,32.78905,24.0778,15.893265,14.8526,23.9405,45.155495,118.22109999999999,147.609,248.696,265.9235,342.5835,378.551,406.702,408.1495,459.453,605.9960000000001,727.8389999999999,784.9385,856.6125,780.153,881.572,1023.6205,1240.15,1486.295,1814.075,2072.835,2170.465,2069.085,2233.5,2584.39,2929.8050000000003,2923.27,2071.505,1246.925,740.961,467.788,289.4905,173.7545,112.6645,64.5704,27.4289,8.966745,5.846395,4.083595,2.44333,1.06166,1.3818400000000002
2023-05-23 22:00:00,0.0,0.0,0.0,0.0,0.0,0.0,0.0,0.0,0.0,0.0,0.0,26.81875,47.76305,41.9978,91.98305,171.3255,199.106,233.288,299.99,352.567,424.967,526.4525,654.7585,716.8734999999999,729.3695,800.519,983.912,1192.14,1394.03,1685.26,1993.42,2239.485,2186.145,2284.37,2586.1899999999996,2926.955,3027.41,2222.315,1393.245,789.6485,487.74350000000004,313.42100000000005,194.6025,108.169,61.054050000000004,34.7252,11.5688,7.206175,4.641005,3.875225,2.329865,1.00546
2023-05-23 23:00:00,56.2645,29.63395,3.00323,0.0,3.70371,4.93777,12.5652,0.0,0.0,0.0,0.0,12.07085,16.317,42.7398,44.10985,93.67044999999999,122.722,192.71699999999998,275.961,373.4465,438.682,482.387,591.6179999999999,684.702,757.925,792.0125,864.4984999999999,1124.855,1391.115,1720.79,2007.15,2156.1099999999997,2102.52,2140.4049999999997,2389.625,2715.46,2896.95,2218.77,1375.96,773.5055,464.94849999999997,304.556,183.41449999999998,112.6875,54.68885,19.334405,6.001250000000001,4.437005,2.5502,0.9946550000000001,0.37537,0.00359
2023-05-24 00:00:00,0.0,0.0,0.0,0.0,0.0,0.0,0.0,0.0,0.0,16.2757,8.356630000000001,26.556600000000003,17.2404,38.25725,74.67845,120.85300000000001,112.36755,171.3495,276.491,421.1865,487.964,566.832,611.0464999999999,699.7570000000001,703.217,695.9755,801.2755,1081.675,1551.96,1969.6999999999998,2178.4049999999997,2166.7250000000004,1936.46,1913.2649999999999,2097.3450000000003,2287.505,2323.92,1589.8049999999998,1004.375,590.9590000000001,366.8125,259.543,146.91,97.8142,55.8577,25.94075,23.502049999999997,9.352625,3.76255,2.108375,0.855505,-0.02781
2023-05-24 01:00:00,0.0,0.0,0.0,29.7866,0.0,0.0,0.0,0.0,0.0,0.0,0.0,0.0,6.26565,12.78055,15.633949999999999,39.8116,66.67295,128.8865,184.75,286.63300000000004,387.67449999999997,470.563,666.337,623.2919999999999,615.5105,625.9135,735.467,1002.2325,1533.78,1991.01,2185.41,2123.1099999999997,1860.255,1809.5700000000002,1979.54,2182.4049999999997,2218.4,1462.275,922.3325,542.689,341.097,221.3,138.8915,94.91605,51.340050000000005,21.17725,13.107050000000001,5.0667,4.63093,2.88797,0.95567,1.102755
2023-05-24 02:00:00,0.0,0.0,0.0,0.0,8.0714,10.9815,0.0,0.0,0.0,0.0,0.0,13.05665,13.747165,34.679649999999995,67.77595,150.267,116.1985,151.8005,243.1945,281.773,326.521,419.7525,559.2204999999999,663.548,637.079,611.8505,703.7615000000001,928.4845,1353.57,1841.56,2176.45,2170.12,1972.5700000000002,1917.2800000000002,2044.495,2280.4049999999997,2368.165,1812.595,1096.94,637.4555,396.2425,244.274,155.95,100.2142,53.44335,21.280900000000003,15.60775,6.665565,4.02665,4.34198,1.15495,0.17601499999999998
2023-05-24 03:00:00,0.0,0.0,0.0,0.0,0.0,0.0,0.0,0.0,0.0,0.0,0.0,0.0,0.0,0.0,15.5973,39.699650000000005,65.29105,106.97935000000001,201.57150000000001,332.88199999999995,435.054,456.34749999999997,484.5325,573.8425,587.916,585.6305,650.3715,841.0415,1252.35,1771.6599999999999,2212.755,2279.95,2111.29,1953.915,2063.955,2313.7749999999996,2357.41,1743.63,1104.335,620.25,350.265,259.528,153.059,98.93155,61.0536,27.0946,13.8646,6.50918,2.98273,1.90705,2.518035,-0.051995
2023-05-24 04:00:00,0.0,0.0,0.0,0.0,0.0,0.0,0.0,0.0,0.0,0.0,0.0,0.0,3.44796,6.3711,30.1314,39.2381,91.86085,147.85250000000002,177.41250000000002,356.8315,461.6385,529.9445,572.2429999999999,533.204,528.2055,590.8965000000001,655.289,782.7825,1160.7649999999999,1682.6599999999999,2114.355,2341.2799999999997,2137.2749999999996,2064.5249999999996,2179.2749999999996,2376.795,2381.4049999999997,1801.0749999999998,1128.175,656.9595,394.971,251.8785,166.05,103.60900000000001,55.668499999999995,24.0105,12.42454,5.831305,5.45171,2.02472,1.221985,0.69463
2023-05-24 05:00:00,0.0,0.0,0.0,0.0,0.0,0.0,0.0,0.0,0.0,0.0,0.0,38.258,56.1903,65.09885,60.27955,58.8029,172.739,292.876,421.669,534.7094999999999,769.0799999999999,959.5375,1255.05,1366.905,1362.085,1245.27,1084.8985,1078.885,1326.335,1675.7649999999999,2092.0950000000003,2320.39,2307.7700000000004,2120.165,2219.44,2455.68,2594.06,2120.69,1382.31,812.856,470.882,291.98400000000004,195.96699999999998,106.117,60.509,36.467,16.233249999999998,6.813745,4.378055,3.0248150000000003,2.642705,-0.075255
2023-05-24 06:00:00,0.0,22.052,7.9537,47.243849999999995,51.21845,47.18435,56.18925,63.267514999999996,60.596500000000006,54.374700000000004,52.781000000000006,78.31295,135.209,298.25149999999996,335.531,282.0535,390.16700000000003,394.923,408.21,590.2974999999999,758.697,930.6005,1133.635,1387.555,1476.895,1417.665,1345.13,1343.025,1365.6999999999998,1558.9,1850.155,2184.815,2287.36,2268.155,2407.895,2636.7799999999997,2803.88,2348.015,1646.7649999999999,1014.1765,559.7425000000001,355.198,208.84699999999998,116.0195,62.1713,28.83595,13.702449999999999,6.353820000000001,5.718825000000001,3.540645,1.968005,0.967785
2023-05-24 07:00:00,0.0,0.0,0.0,58.4525,91.547,42.1069,112.9947,230.13515,174.599,127.7425,155.90800000000002,102.4355,94.32475,31.659999999999997,122.3195,139.945,213.057,243.65449999999998,304.2695,409.3845,471.703,465.1945,543.809,624.697,768.8125,885.8924999999999,1093.83,1227.37,1411.605,1617.3899999999999,1713.2649999999999,1897.585,2065.65,2316.08,2578.6499999999996,2579.3199999999997,2221.69,1574.315,1008.918,624.557,394.30949999999996,249.18200000000002,148.199,87.44399999999999,54.284400000000005,19.67445,11.005635,10.023445,5.766605,3.14184,3.11123,0.38932
2023-05-24 08:00:00,0.0,0.0,0.0,0.0,22.7827,87.1615,63.107600000000005,64.23335,29.165100000000002,55.86045,52.37505,42.5843,48.0105,65.4547,71.7688,100.46705,133.1839,132.434,200.9445,258.27049999999997,344.6135,447.8375,565.5405000000001,960.7165,1138.96,1407.58,1778.73,1810.1599999999999,1561.8,1358.8249999999998,1283.85,1371.4450000000002,1580.255,1988.02,2133.9849999999997,1957.3200000000002,1490.6550000000002,993.365,651.717,435.27549999999997,307.83500000000004,230.232,132.35750000000002,82.12845,46.07065,27.366,7.1114500000000005,4.664855,2.86103,2.354355,2.74387,2.3763050000000003
2023-05-24 09:00:00,0.0,0.0,0.0,29.0005,8.0714,10.628,13.6829,3.465935,46.24845,76.4186,75.9615,108.877,118.68395000000001,180.33350000000002,290.3085,423.133,420.427,330.6265,360.6605,408.706,473.05899999999997,476.10749999999996,577.3015,768.412,1012.9000000000001,1242.4099999999999,1409.82,1273.87,1135.125,1090.02,1152.03,1319.21,1543.37,1831.415,2005.225,1873.4099999999999,1387.7150000000001,910.409,592.7755,400.023,288.68399999999997,211.147,136.8515,83.16785,53.4435,27.633200000000002,9.10188,7.6376100000000005,3.530355,2.95838,2.5283949999999997,1.9150999999999998
2023-05-24 10:00:00,0.0,100.9131,73.23785000000001,90.54645,214.5885,395.2385,490.21299999999997,551.1355000000001,719.095,838.509,900.33,1013.2265,1053.931,836.7524999999999,747.317,732.507,691.019,658.9235000000001,582.6804999999999,502.198,415.135,367.353,395.63750000000005,415.8565,466.6465,582.7215,786.3389999999999,946.571,948.2655,1039.135,1173.51,1405.0700000000002,1818.18,2354.9750000000004,2806.765,2763.785,2147.055,1381.4850000000001,833.8885,515.444,345.4975,222.25799999999998,132.80700000000002,86.05035000000001,42.942800000000005,17.7217,8.526445,5.536485,4.855885000000001,3.9243449999999998,3.14393,3.2608550000000003
2023-05-24 11:00:00,392.1805,354.4675,361.7555,554.09,590.9404999999999,781.404,1439.95,2400.2349999999997,3222.49,4160.705,5309.275,6177.915,6227.469999999999,5767.84,5360.725,4699.700000000001,3964.615,2989.115,2208.3,1424.6,894.533,633.948,511.59950000000003,549.2795000000001,510.2785,536.467,681.741,803.6505,979.7460000000001,1105.9450000000002,1203.92,1341.305,1617.225,1979.6999999999998,2347.71,2468.325,2109.82,1414.1100000000001,872.5335,544.2305,338.9325,219.49,126.53299999999999,76.78515,45.6242,21.90295,11.33277,12.16778,6.152585,3.5379300000000002,1.445425,0.677195
2023-05-24 12:00:00,122.02234999999999,301.8445,471.57399999999996,502.308,485.73299999999995,618.643,929.847,1261.8249999999998,2128.1949999999997,3057.56,4139.225,6001.2,7959.5650000000005,8482.529999999999,7896.639999999999,7051.465,5340.59,3659.74,2293.965,1303.1100000000001,769.7059999999999,492.7575,414.53700000000003,489.225,483.245,501.2885,580.0725,643.769,854.2595,1003.693,1107.885,1291.9850000000001,1575.815,1921.19,2315.135,2456.8599999999997,2208.465,1499.235,931.616,554.2785,345.2025,218.09550000000002,137.44400000000002,85.61385,45.8831,17.64485,13.5654,2.916145,0.17891,0.74116,1.620095,5.264245000000001
2023-05-24 13:00:00,154.936,356.86,556.6514999999999,632.4005,759.37,1056.5345,2051.0299999999997,3166.335,4763.37,6324.535,7922.610000000001,9369.215,10123.55,9555.79,8154.92,6597.8,5178.85,3833.105,2247.685,1232.615,703.5235,445.332,371.5295,464.85699999999997,520.4335,572.385,619.899,664.432,809.8634999999999,972.0695000000001,1137.025,1309.5700000000002,1544.51,1917.705,2356.535,2532.7349999999997,2348.42,1600.365,1069.445,666.0205000000001,393.1335,251.25400000000002,136.638,81.81125,44.509699999999995,19.171599999999998,11.908,5.35354,5.23512,5.04939,1.84893,0.661485
2023-05-24 14:00:00,299.587,400.755,421.139,929.7345,1606.365,2631.92,3373.6400000000003,4572.915,6198.01,7531.305,8969.470000000001,8690.44,8025.549999999999,6723.65,5534.0,4433.014999999999,3739.12,3019.215,1915.475,1232.685,828.5989999999999,588.354,530.409,504.7495,566.5925,643.092,754.797,870.3265,907.793,1016.95,1174.3049999999998,1311.855,1548.83,1844.635,2275.895,2566.8,2450.645,1717.705,1123.12,678.616,389.3175,241.4955,141.11849999999998,87.9016,49.5951,22.47495,21.232599999999998,7.548195,4.12942,3.418555,1.7605499999999998,2.21091
2023-05-24 15:00:00,162.3065,296.8755,390.029,525.9375,927.237,1327.8,1918.335,2602.57,2618.105,2579.6000000000004,2316.165,2396.16,2601.33,3008.26,3126.95,3062.71,2493.275,1851.98,1152.335,708.643,478.6935,361.013,312.355,344.4905,393.9615,519.717,723.952,784.0084999999999,993.0029999999999,1084.97,1204.105,1365.71,1528.975,1894.245,2377.24,2724.6,2715.76,2030.4450000000002,1293.085,734.9110000000001,415.87800000000004,271.32,162.452,94.5167,50.77135,25.720399999999998,8.81905,9.184885,4.34847,3.221675,1.014525,1.729115
2023-05-24 16:00:00,141.4395,145.272,261.0245,362.6145,510.514,710.3895,927.9784999999999,1197.26,1343.4650000000001,1442.095,1542.2649999999999,1672.835,1923.8899999999999,2183.82,2162.105,2042.955,1912.315,1557.785,1069.8015,743.6569999999999,598.9794999999999,594.549,441.789,406.829,415.3345,470.20000000000005,568.414,730.4765,853.347,1059.73,1226.5700000000002,1310.385,1536.0900000000001,1869.025,2282.855,2613.615,2648.455,2051.6949999999997,1294.9450000000002,776.9849999999999,448.56,266.74649999999997,153.4915,86.64235,48.290850000000006,25.9054,9.70322,6.238300000000001,7.42985,4.61232,0.386005,1.2676850000000002
2023-05-24 17:00:00,0.0,102.7884,48.4794,45.064800000000005,52.21435,63.151799999999994,112.0809,161.0915,260.05400000000003,372.4735,508.74699999999996,482.93399999999997,476.28499999999997,553.0425,552.1775,565.6695,498.837,420.0985,377.5085,327.255,292.452,264.4295,284.409,327.08500000000004,309.36850000000004,350.5375,470.8295,552.8340000000001,688.37,805.0605,916.9595,1076.52,1358.565,1680.5500000000002,2099.24,2480.73,2480.885,1883.12,1228.9850000000001,718.534,412.935,266.69849999999997,169.31799999999998,94.61765,55.8754,37.362700000000004,10.30671,9.932535,5.66097,1.60941,0.71007,0.724825
2023-05-24 18:00:00,167.65050000000002,130.1658,39.224525,63.82935,53.03495,75.76595,56.0337,37.8011,119.773,186.78,140.53449999999998,172.435,142.6145,226.53,257.58799999999997,305.3035,328.4655,277.975,269.35749999999996,204.4615,169.732,226.99599999999998,266.681,298.695,356.7865,423.36400000000003,441.7675,486.693,576.3565,717.5405000000001,851.545,1002.6375,1264.165,1667.175,2190.01,2603.395,2694.9449999999997,1991.1100000000001,1316.0,794.4345,456.1395,275.9945,163.2645,105.3145,55.485749999999996,30.82905,21.0642,11.90625,3.7366650000000003,2.9273,3.010585,2.614115
2023-05-24 19:00:00,0.0,20.08785,3.999195,53.63485,85.1298,52.2128,47.83085,66.39975000000001,172.5355,182.58,227.1585,146.3645,103.82679999999999,135.86950000000002,141.576,122.69800000000001,151.769,134.9112,110.0827,149.69799999999998,223.1445,275.072,451.937,556.4545,575.7470000000001,553.732,556.193,563.777,628.482,716.606,840.451,1015.71,1217.835,1540.3000000000002,2093.8999999999996,2537.1,2645.51,2099.815,1365.9099999999999,798.98,467.47749999999996,304.4435,158.38049999999998,99.14435,55.59655,30.120449999999998,21.72835,9.63942,5.17006,2.82637,1.614605,1.8923
2023-05-24 20:00:00,0.0,0.0,0.0,12.43705,3.216665,4.557875,38.19535,32.343075,78.7353,99.5154,102.5875,160.7405,200.3985,255.79250000000002,250.0905,263.972,176.8485,141.92849999999999,147.7055,202.023,280.282,392.08500000000004,503.5765,633.454,650.565,634.818,602.492,618.406,673.3240000000001,720.475,842.7815,1020.3315,1229.665,1584.025,2163.375,2536.45,2638.745,2096.05,1406.105,823.9535000000001,454.388,279.73900000000003,172.3145,101.80895000000001,60.81235,26.4441,16.12275,9.01961,8.18154,6.031135,3.33381,-0.02117
2023-05-24 21:00:00,0.0,0.0,0.0,0.0,12.91385,58.559349999999995,51.41,46.004999999999995,79.8565,91.9839,179.442,192.9065,216.63,185.5475,222.8405,244.623,225.73999999999998,242.123,233.59750000000003,231.658,276.1885,345.7315,460.462,539.9069999999999,569.42,554.646,548.3365,607.7835,690.1345,768.4085,886.8145,1034.115,1217.56,1545.435,1934.88,2340.285,2506.295,1990.02,1315.335,797.3720000000001,462.081,281.014,182.27949999999998,106.94649999999999,59.8299,30.5807,11.08766,6.164225,4.973695,3.55437,0.5840700000000001,2.54044
2023-05-24 22:00:00,0.0,19.8323,3.95463,0.0,22.3282,46.85425,79.82095000000001,68.15700000000001,80.39144999999999,91.8374,78.33675,133.2805,187.62,189.04899999999998,246.831,306.804,307.675,316.846,359.9065,384.191,415.149,446.6095,485.7405,520.213,522.4655,518.7950000000001,556.1255000000001,651.5440000000001,689.752,747.0405000000001,879.3009999999999,1080.4099999999999,1293.44,1652.45,2107.0950000000003,2467.3900000000003,2648.415,2135.7,1400.395,859.0464999999999,504.148,305.26300000000003,177.09199999999998,98.74535,54.09765,27.89545,7.267555,10.6069,5.164875,2.89703,2.7014199999999997,2.739735
2023-05-24 23:00:00,0.0,0.0,0.0,13.80085,14.67265,57.08955,48.0991,48.24645,65.3215,106.64665,249.4615,318.8385,420.8415,522.038,628.5905,775.5625,811.1085,788.4645,758.806,881.5485,981.0559999999999,1067.5049999999999,1151.5700000000002,1186.295,1038.04,880.941,940.1714999999999,918.364,879.7860000000001,907.8389999999999,990.643,1142.0,1328.9,1650.76,2094.355,2534.015,2819.52,2377.8,1664.24,1017.4100000000001,571.9165,306.98,186.1185,106.2715,57.0413,35.7151,6.17564,8.15647,7.742355,4.870285,2.656215,2.883
2023-05-25 00:00:00,154.301,80.88,7.45895,0.0,0.0,0.0,50.46854999999999,64.3493,93.9003,149.3585,234.738,331.878,482.2295,581.9300000000001,592.8430000000001,652.3405,627.125,568.736,512.8215,641.7774999999999,706.1005,719.1255,748.4290000000001,851.0509999999999,870.759,894.6845000000001,958.6785,983.5505,958.09,935.2860000000001,1024.71,1169.85,1322.0700000000002,1650.62,2070.795,2543.385,2890.115,2470.3199999999997,1746.325,1091.845,634.2194999999999,342.38199999999995,223.164,130.6765,69.7972,34.3441,15.0043,7.994154999999999,4.60444,3.0053150000000004,1.80173,2.99866
2023-05-25 01:00:00,0.0,44.8387,13.27525,0.0,0.0,0.0,41.81925,97.9843,70.0112,85.1314,158.706,173.5895,247.323,316.193,373.07349999999997,449.4125,384.06100000000004,377.786,328.87149999999997,345.218,416.4155,482.626,606.673,753.101,837.124,918.855,971.832,1025.3,1072.285,1089.515,1097.365,1197.4450000000002,1426.33,1684.71,2092.8450000000003,2542.71,2827.54,2436.96,1720.32,1089.255,609.6690000000001,367.067,228.38350000000003,120.19,60.68755,31.19275,10.361650000000001,10.115590000000001,5.601184999999999,2.93978,1.68356,2.54696
2023-05-25 02:00:00,0.0,0.0,0.0,0.0,0.0,0.0,13.259,6.563205,87.82475,113.8825,109.24549999999999,126.136,183.402,243.72449999999998,291.5425,325.881,383.278,396.2475,390.0125,422.169,455.61400000000003,492.329,564.3820000000001,743.0550000000001,839.2025,886.0815,961.8245,1046.42,1107.335,1153.645,1243.4450000000002,1329.6799999999998,1464.375,1795.98,2223.0550000000003,2592.9,2797.625,2446.475,1722.48,1068.76,600.9214999999999,350.04150000000004,219.113,123.58099999999999,64.25450000000001,34.06915,13.09745,6.92511,4.496215,2.50406,3.748625,8.33169
2023-05-25 03:00:00,0.0,0.0,0.0,0.0,0.0,0.0,0.0,3.9784550000000003,38.603300000000004,33.300650000000005,27.4615,70.75495000000001,117.844,184.1615,229.7215,264.3885,309.2715,349.1915,340.32,406.22799999999995,515.366,580.817,584.7215,643.05,701.8230000000001,765.759,900.059,1038.645,1161.75,1267.1,1378.495,1470.0900000000001,1632.84,1944.4050000000002,2290.0699999999997,2610.56,2851.7200000000003,2472.255,1821.12,1174.815,658.3395,372.18,211.05700000000002,118.09200000000001,68.09375,36.94735,11.672215,5.875719999999999,3.7467449999999998,2.403845,1.5937100000000002,1.89551
2023-05-25 04:00:00,0.0,0.0,0.0,25.9565,51.81355,45.286100000000005,21.60255,0.0,0.0,13.6777,43.15205,25.353650000000002,43.93495,89.23585,135.58550000000002,203.377,206.61849999999998,243.6055,283.5935,360.77750000000003,434.582,537.006,588.2045,588.259,613.7665,710.6,859.99,1025.385,1222.4499999999998,1369.995,1471.495,1639.4,1740.27,1985.605,2307.89,2698.425,2952.865,2618.86,1919.87,1212.575,665.998,395.095,222.9495,126.178,66.77735,31.677349999999997,10.73025,8.449655,6.3932,4.26215,1.53951,1.959225
2023-05-25 05:00:00,0.0,17.8649,5.26625,26.45765,7.1444,31.6191,60.93344999999999,94.64134999999999,154.96450000000002,213.1905,217.8975,165.25150000000002,173.41,189.5025,203.388,305.2575,302.2045,289.3535,375.169,383.31399999999996,448.0625,556.1755,594.745,638.2305,650.3425,749.3815,819.2645,935.2760000000001,1123.0749999999998,1344.97,1477.9050000000002,1614.615,1826.705,2026.105,2346.02,2679.72,3000.6549999999997,2718.48,2165.67,1455.53,795.337,405.077,259.6485,142.29199999999997,67.3253,34.19925,12.721400000000001,9.872824999999999,4.38669,1.0679100000000001,4.48074,10.831264999999998
2023-05-25 06:00:00,0.0,0.0,0.0,0.0,6.2621,27.71425,51.7489,34.305705,91.17895,127.41499999999999,147.78,273.7265,428.8995,512.1125,536.5785000000001,425.4245,627.0409999999999,718.15,684.284,694.2325,754.4475,859.6244999999999,837.018,851.268,785.6134999999999,748.351,777.073,895.4135,1107.895,1313.6100000000001,1503.315,1632.145,1779.7199999999998,1961.44,2251.415,2709.88,3055.1000000000004,2964.2250000000004,2337.05,1572.245,919.9225,470.41999999999996,283.6035,141.28500000000003,69.74385,35.9425,6.713990000000001,11.86785,7.425784999999999,2.9621299999999997,0.97358,0.94351
2023-05-25 07:00:00,0.0,0.0,0.0,0.0,0.0,0.0,31.43215,75.5776,73.36935,133.1238,221.191,391.4945,422.68399999999997,475.392,482.18449999999996,764.78,1125.375,1422.615,1329.165,1675.69,2022.315,2248.585,2494.46,2610.0,2356.58,1783.91,1390.7,1057.81,1092.25,1246.96,1414.405,1593.58,1788.645,1998.605,2308.27,2697.5150000000003,3193.475,3201.48,2602.29,1796.5900000000001,1042.937,511.6545,298.48199999999997,160.7185,75.4685,44.8133,17.0415,10.068105,7.4407,5.94352,2.6738150000000003,1.015505
2023-05-25 08:00:00,0.0,18.996,10.2617,0.0,0.0,0.0,65.84275,169.375,97.5452,80.00225,155.484,232.438,312.67150000000004,384.5695,529.4065,545.9755,754.2850000000001,942.841,1127.295,1366.55,1655.1550000000002,1832.03,1942.64,2045.46,1889.995,1705.65,1366.255,1183.395,1194.855,1343.69,1570.1999999999998,1777.5549999999998,1981.2150000000001,2115.63,2411.33,2798.3999999999996,3217.88,3299.3500000000004,2636.4849999999997,1835.9299999999998,1114.6,551.935,322.39250000000004,167.9555,84.0825,44.24205,6.939095,8.22368,5.94814,2.21725,1.4028900000000002,2.6180700000000003
2023-05-25 09:00:00,55.7265,206.70749999999998,90.96675,232.9761,319.72755,188.18925,266.925,424.4255,284.25135,219.899,191.225,189.2375,201.2725,256.988,298.9155,466.15099999999995,448.7005,360.026,354.868,400.5285,459.7505,544.625,647.5165,833.9645,854.7795,899.183,940.8810000000001,936.1234999999999,844.298,783.863,740.234,701.9305,707.9345000000001,735.2574999999999,783.2825,831.8679999999999,825.588,837.6735,746.729,624.62,457.2635,212.10250000000002,118.6515,55.20325,24.5084,14.71445,9.053735,5.65055,6.77696,2.641235,1.60588,1.5686
2023-05-25 10:00:00,273.34749999999997,291.26,381.74300000000005,641.5565,855.961,866.5535,1116.44,1556.12,2026.3000000000002,2574.8199999999997,3213.84,3962.3849999999998,4504.74,4500.995,4551.41,4634.475,5126.1900000000005,5339.12,4179.41,3245.95,2745.44,1978.755,1324.8045,1090.0435,971.474,1005.743,1163.725,1126.1045,1100.4445,965.1055000000001,783.5765,679.7125,604.148,606.2705000000001,607.759,614.512,555.231,575.1015,519.174,433.1085,305.778,189.8225,104.8233,51.4178,31.6248,19.36455,6.73394,13.2804,6.47593,3.763305,4.9687850000000005,4.78049
2023-05-25 11:00:00,346.7125,389.2315,487.15250000000003,466.302,495.64300000000003,549.462,548.4295,481.374,740.003,906.039,1105.195,1462.2350000000001,1723.525,1798.18,2049.165,2496.49,3046.635,3305.66,3314.575,3182.325,3208.505,3137.4449999999997,3122.83,2747.945,2250.7799999999997,1673.47,1253.96,1214.565,1287.1550000000002,1223.3,1034.33,751.8399999999999,680.1395,683.096,731.9065,756.572,703.261,656.6905,660.3085,566.8795,387.6625,199.315,109.6161,66.47915,32.917550000000006,11.51768,6.0652,7.164055,3.407325,1.83594,3.95894,9.425035
2023-05-25 12:00:00,0.0,190.406,164.0775,273.51189999999997,397.6506,575.2785,693.0165,807.2435,1322.653,1841.13,2105.7650000000003,2547.3450000000003,3025.0249999999996,3462.965,4208.8150000000005,5598.99,7130.905000000001,8231.715,8221.535,9161.015,9130.435,9131.48,9296.64,8320.82,6418.46,4269.1900000000005,2554.2349999999997,1869.5949999999998,1486.97,1209.855,1006.6605,861.2685,742.739,630.37,623.3995,629.314,557.788,539.737,498.98350000000005,426.85450000000003,305.42650000000003,146.38049999999998,82.85165,44.341499999999996,24.54315,13.9961,8.524329999999999,8.208795,6.91211,4.380475000000001,2.071815,3.67293
2023-05-25 13:00:00,0.0,0.0,0.0,0.0,12.6766,56.103,53.34715,59.1696,132.42000000000002,206.70999999999998,305.4865,513.639,731.101,979.4680000000001,1832.56,2919.87,4864.535,6441.975,8561.21,12629.3,16512.6,18777.35,18873.550000000003,16215.8,11736.35,7210.43,4691.28,2786.8,1659.49,1100.29,907.442,817.5965,651.6955,552.6514999999999,538.1700000000001,538.726,461.35299999999995,444.62149999999997,373.8555,278.08,183.61950000000002,109.08645,71.40425,39.696349999999995,21.475,8.615355,8.251895000000001,7.04735,5.455045,2.85517,0.285565,0.02514
2023-05-25 14:00:00,0.0,0.0,0.0,68.0999,136.33350000000002,224.609,282.6625,481.278,596.921,853.527,1120.37,1430.7,1809.295,2118.95,2254.83,2544.965,2495.785,2919.935,3478.505,4192.3150000000005,4720.82,5253.9349999999995,5822.59,6115.92,5708.965,4615.31,3212.08,2473.335,1791.9,1667.1399999999999,1562.9299999999998,1407.5500000000002,1113.92,750.1375,497.9095,334.91200000000003,255.493,258.454,220.414,166.4765,114.5745,65.173,42.9394,26.5044,15.674050000000001,5.616565,6.42071,3.79711,4.895215,4.53563,4.17969,2.961205
2023-05-25 15:00:00,0.0,12.6083,37.5243,94.01405,132.199,190.789,334.952,463.443,573.5865,816.242,938.69,1605.67,2186.06,2354.32,3062.03,3975.045,5594.615,6848.610000000001,7931.73,11637.85,13426.65,13657.1,12262.6,8998.720000000001,5791.915,2684.3149999999996,1601.7350000000001,1298.42,1359.675,1663.275,1784.7649999999999,1531.575,955.289,530.3735,278.4515,193.43900000000002,169.031,141.7665,134.2765,101.31219999999999,69.6138,59.19345,30.1386,19.4702,16.4362,4.83409,2.2927600000000004,6.55222,4.5908549999999995,1.277425,1.80405,2.071375
2023-05-25 16:00:00,117.8025,105.28805,40.18715,67.9815,112.9565,251.404,278.57349999999997,331.331,465.1945,603.7335,763.328,1280.58,1867.17,2421.3599999999997,3214.24,4374.995,7058.51,10328.81,14056.900000000001,20516.6,24844.45,25513.199999999997,22261.6,13667.7,7303.445,2754.88,1057.922,756.5885,656.0595000000001,582.299,471.87,360.5915,236.74099999999999,180.80599999999998,144.257,129.50150000000002,130.3065,117.191,96.20235,71.84004999999999,48.94475,34.928,22.5076,16.8733,11.026250000000001,1.2743350000000002,0.82688,5.71727,3.676065,0.6133,2.754125,1.253005
2023-05-25 17:00:00,36.76935,108.63695,60.7369,94.82755,190.01,295.6815,393.992,400.951,632.8399999999999,771.7305,971.599,1441.78,2045.43,3175.6000000000004,4510.95,5800.07,7382.695,7817.5,7299.639999999999,7629.21,9341.64,11540.5,14436.65,14360.599999999999,10091.2,4983.9,1791.95,951.7365,665.5935,510.33299999999997,369.1035,258.344,196.6245,161.4035,149.31900000000002,150.345,130.85,104.5265,79.3278,56.00635,37.43,25.74325,14.3721,11.56925,8.574555,8.15993,9.70688,4.081110000000001,3.35114,3.384835,1.05673,0.38334999999999997
2023-05-25 18:00:00,0.0,0.0,0.0,75.3231,96.65145,104.28535,85.5912,95.6173,214.8295,331.879,593.4965,1095.665,1513.74,1818.44,2173.51,2446.67,3531.205,4624.345,6371.715,8735.805,11150.599999999999,12961.650000000001,13593.25,11513.0,7686.725,3820.1400000000003,1641.03,926.4415,726.692,653.406,570.1355,387.246,234.85750000000002,180.284,180.8985,193.6115,168.848,111.0275,75.96005,51.3977,33.801199999999994,22.748350000000002,13.914,8.215365,6.39517,6.63283,4.895334999999999,2.249695,2.11089,0.64333,1.0155150000000002,0.02145
2023-05-25 19:00:00,0.0,0.0,0.0,47.219750000000005,59.36365,61.4718,196.7815,358.664,395.9635,490.8185,382.308,471.158,723.473,1385.805,2248.115,3413.36,5777.09,7669.08,9163.475,11553.05,13812.05,14026.85,12304.95,8810.965,4997.32,2263.9350000000004,841.024,447.171,342.723,350.405,391.31899999999996,366.051,282.71950000000004,236.57150000000001,210.83749999999998,195.3615,151.20499999999998,108.4915,70.4468,46.8103,25.7864,16.23705,7.5033,9.75132,8.610425,6.94524,4.67864,4.49563,2.35379,1.79669,2.55379,2.082385
2023-05-25 20:00:00,0.0,0.0,0.0,51.872749999999996,102.2145,132.108,77.07575,62.3932,192.0235,257.1945,284.767,806.8285000000001,1475.745,2048.0299999999997,3809.43,5876.695,9285.43,12090.55,13613.15,14257.1,13066.95,10189.9,6417.969999999999,3708.045,1940.5549999999998,930.72,518.1155,234.558,217.043,265.104,300.98699999999997,238.9935,207.171,197.71,212.4305,223.546,176.3405,105.374,67.0207,42.37995,28.20665,14.8759,7.67531,7.798095,9.62153,9.849245,11.023385000000001,7.84298,7.483865,5.15103,1.9451299999999998,1.39977
2023-05-25 21:00:00,0.0,0.0,0.0,79.78529999999999,79.81835000000001,19.32145,66.346,131.8755,251.09449999999998,347.28,346.705,446.17100000000005,738.1085,1180.065,2253.83,3714.1549999999997,6100.655000000001,8636.605,11377.55,13862.9,13960.3,11621.5,7832.37,4784.120000000001,2714.6400000000003,1426.1599999999999,700.303,395.53499999999997,340.20849999999996,437.6585,504.726,428.25800000000004,354.5025,353.599,342.02,300.78099999999995,238.4085,139.555,88.68445,54.9263,34.79795,13.51005,8.38692,12.75815,10.553075,5.954955,5.99024,8.395444999999999,7.304069999999999,5.268925,4.686145,0.74783
2023-05-25 22:00:00,0.0,18.35065,7.06145,18.45435,21.2088,93.86375000000001,110.24645000000001,62.79375,64.03715,137.39749999999998,197.2905,326.0245,453.16499999999996,781.19,1222.625,1827.0300000000002,3075.76,4834.68,7393.57,11118.3,13580.650000000001,13478.9,10584.25,7287.17,4605.145,2701.725,1474.165,813.1595,514.261,405.5335,390.679,357.5315,336.7385,359.24800000000005,359.36,337.2645,297.1705,197.79700000000003,133.355,79.3891,50.6126,38.57705,25.05055,21.03555,17.411749999999998,7.730945,6.90302,7.850845,6.699809999999999,5.828575,6.68811,7.66004
2023-05-25 23:00:00,-17.6791,36.837199999999996,60.8012,53.99435,78.8286,80.947,111.8315,194.1685,151.10000000000002,141.30849999999998,132.4075,217.8395,360.50149999999996,512.053,744.018,1125.505,1709.03,2791.785,4473.45,7776.34,10858.2,12290.400000000001,11158.8,8210.475,5378.66,3121.19,1718.92,881.8175,471.38750000000005,297.674,192.3755,156.1235,183.2835,238.42000000000002,265.206,272.2115,228.4845,150.9205,105.346,64.24705,43.4353,24.97805,25.34985,14.799150000000001,9.407955,10.98415,7.247175,9.13008,6.086040000000001,4.303815,3.45974,8.094845
2023-05-26 00:00:00,0.0,12.6088,37.9192,107.3494,185.493,205.423,202.2875,157.244,105.7985,78.55525,55.85915,88.60525,129.35,219.2415,404.3665,690.6665,1260.4850000000001,2004.2,3209.295,5652.6849999999995,8507.380000000001,10640.599999999999,11128.3,9126.595000000001,6471.205,3957.55,2233.815,1303.22,749.5999999999999,398.4815,235.41750000000002,204.09699999999998,182.0405,212.5035,245.34550000000002,250.49099999999999,203.6535,131.8965,96.6348,62.41115,37.3545,27.617649999999998,16.93055,15.094349999999999,13.1043,12.8769,12.2385,4.2784,3.9309950000000002,5.304354999999999,6.948795,2.03857
2023-05-26 01:00:00,0.0,0.0,0.0,82.69325,124.3375,195.0485,184.4445,165.7975,179.994,248.33100000000002,205.16750000000002,195.06050000000002,188.38549999999998,362.183,458.086,573.769,1005.0355,1542.02,2230.645,3774.685,6277.47,9067.165,10494.2,9769.395,7709.675,5257.834999999999,3233.53,2139.05,1482.58,929.3755,521.865,310.85749999999996,228.477,252.9915,259.935,251.478,216.137,159.142,113.87100000000001,77.6232,49.4383,35.32285,22.30305,14.45495,8.466375,9.966525,5.02231,4.0807,2.356515,0.8166100000000001,3.4733099999999997,5.26004
2023-05-26 02:00:00,0.0,0.0,0.0,0.0,0.0,0.0,38.5433,61.0125,65.16470000000001,59.91835,97.33525,161.2015,221.538,274.801,515.669,793.3315,1536.855,2085.6800000000003,2679.76,3812.4700000000003,5280.27,6773.1849999999995,8538.74,8760.805,7445.82,5634.455,4121.02,2981.565,2216.455,1500.135,931.5260000000001,525.7315,343.7765,300.506,274.654,245.41199999999998,230.07150000000001,183.06349999999998,147.9915,104.07124999999999,60.930499999999995,31.7803,24.97055,18.047150000000002,13.9871,11.953600000000002,4.133915,5.290895,4.988215,2.9546200000000002,4.071245,3.7421749999999996
2023-05-26 03:00:00,-18.0456,37.8861,60.8035,99.7056,56.2171,48.07835,55.11749999999999,49.637299999999996,17.5309,0.0,0.0,51.37575,122.45735,286.14250000000004,478.2175,745.0315,1216.575,1786.06,2466.96,3295.75,4255.16,5138.755,6252.9400000000005,7021.120000000001,6601.705,5617.785,4545.445,3613.33,2902.8,2125.42,1355.83,736.4895,490.186,356.78549999999996,279.03499999999997,242.885,243.036,204.348,158.92000000000002,116.94,74.52135,53.50295,29.592399999999998,25.51045,17.9488,8.803275,6.37611,1.42824,0.06893,0.281895,0.23393999999999998,0.0009400000000000001
2023-05-26 04:00:00,0.0,0.0,0.0,0.0,0.0,0.0,0.0,2.2346399999999997,27.95415,29.1154,45.05485,61.85235,95.3619,193.132,367.246,575.6215,1003.088,1462.955,2009.315,2729.875,3580.12,4150.4349999999995,4714.094999999999,5333.68,5644.165,5602.99,5026.15,4323.860000000001,3599.58,2842.8199999999997,1966.73,1095.175,575.3185000000001,383.804,314.0605,287.60900000000004,252.365,244.1895,200.6995,144.501,85.58535,42.277950000000004,30.052349999999997,20.927599999999998,18.9622,8.66343,3.81984,3.410135,0.775805,1.071675,4.734995,4.86481
2023-05-26 05:00:00,0.0,0.0,0.0,26.47165,56.854800000000004,88.67185,100.10815,64.34535,103.17045,60.00664999999999,75.02175,157.91899999999998,236.188,236.43349999999998,375.97749999999996,538.1769999999999,962.6379999999999,1359.595,1797.8600000000001,2560.255,3302.89,3841.705,4296.1,4741.825,4835.605,4842.135,4798.0650000000005,4212.995,3626.675,2891.105,2088.7799999999997,1230.075,676.1755,432.846,320.4435,279.4415,263.885,240.4995,196.841,136.739,98.05325,56.829899999999995,28.91865,20.1202,14.6821,9.043395,5.171745,5.89928,5.959759999999999,4.41999,6.726485,3.7876450000000004
2023-05-26 06:00:00,0.0,0.0,0.0,39.3232,16.790399999999998,76.61045,160.8665,257.392,248.488,225.14100000000002,247.89550000000003,253.5685,352.49850000000004,537.557,866.3035,1283.71,1666.38,2060.71,2322.705,2830.89,3202.055,3456.55,3615.385,3536.065,3521.32,3556.585,3554.535,3276.635,2860.835,2370.0249999999996,1793.45,1121.71,601.076,377.17949999999996,273.3075,261.4985,241.933,186.7225,143.9515,103.0433,81.10475,43.59385,30.0352,20.69795,16.6609,6.98296,5.678974999999999,2.146575,1.4554049999999998,3.060365,5.01417,1.99496
2023-05-26 07:00:00,0.0,0.0,0.0,16.1523,40.5742,25.87325,47.939350000000005,61.413000000000004,189.183,356.128,509.81949999999995,662.3215,905.5055,1525.485,2061.9700000000003,2514.425,3602.95,3973.965,3939.6099999999997,3957.83,3673.115,3133.105,2458.19,2084.47,1813.12,1323.725,1117.484,1172.069,993.2275,808.1085,625.226,443.49800000000005,333.8905,285.6685,261.78700000000003,238.161,189.878,136.7055,112.3065,86.3125,47.0182,46.985749999999996,22.8477,19.98075,15.089,6.703715,3.4662800000000002,7.717705,4.11287,1.353145,1.2331050000000001,0.11985499999999999
2023-05-26 08:00:00,0.0,98.20145000000001,53.6319,156.9505,183.03699999999998,113.7325,155.18650000000002,200.542,360.74699999999996,440.23900000000003,491.09349999999995,708.4694999999999,1010.4355,1351.1399999999999,1616.97,1911.4299999999998,2785.17,3416.9300000000003,3673.3999999999996,4264.625,4519.355,3861.9750000000004,2982.9449999999997,2166.48,1657.0149999999999,1283.455,989.1949999999999,764.8230000000001,603.307,477.875,390.4405,338.0285,276.13750000000005,266.62850000000003,251.805,242.1865,197.2765,153.757,109.167,78.17415,44.95555,26.05855,13.464300000000001,4.07824,1.945815,3.062445,4.23226,5.33134,3.79427,0.03543,8.42137,40.6611
2023-05-26 09:00:00,0.0,0.0,0.0,0.0,62.5223,208.658,250.194,125.184,166.302,255.045,319.967,352.192,533.359,999.549,1330.71,1567.22,2337.61,3055.58,3689.8,4515.5,5296.63,5331.76,4776.72,3553.29,2424.04,1576.35,1067.89,741.795,485.036,346.825,276.625,210.346,224.923,201.269,215.326,228.402,188.282,135.688,93.2987,66.9034,48.5406,32.2123,20.9652,10.1166,2.85261,0.28954,1.32308,3.0669,3.08749,2.58317,1.9105,1.30287
2023-05-26 10:00:00,-16.12445,16.0067,48.1379,23.16485,0.0,0.0,37.8487,65.04105,89.67795000000001,110.43285,159.20255,283.4845,422.723,626.798,919.2429999999999,1247.1950000000002,1940.045,2567.2749999999996,2860.55,3851.7200000000003,4651.35,4651.41,4315.625,3453.3450000000003,2504.625,1663.47,1176.46,784.94,485.6835,262.9145,167.40449999999998,140.856,169.8415,181.84,172.98950000000002,156.8295,129.7595,88.8483,56.481,46.4126,30.82715,10.675605000000001,5.6444600000000005,4.560625,2.54555,1.10853,1.74328,1.532045,1.59008,0.76554,0.01483,0.07324
2023-05-26 11:00:00,-19.7302,86.55799999999999,77.6911,77.70025,43.8437,75.24565,71.58365,63.0008,94.64609999999999,116.332,112.03550000000001,161.905,223.728,296.892,561.181,899.8365,1277.815,1782.605,2456.0299999999997,3500.61,4315.155000000001,4821.415,5027.41,4661.57,3683.17,2589.4049999999997,1875.1399999999999,1158.27,687.9014999999999,329.0655,162.59199999999998,165.902,189.8365,191.5525,185.7615,180.744,146.569,98.4426,58.01285,36.74435,26.1552,17.6046,10.107700000000001,4.21833,0.40551000000000004,0.11964,0.018095,0.330385,0.15691,0.0,0.00186,5e-06
2023-05-26 12:00:00,361.0165,210.764,26.00515,35.00745,35.00965,15.6339,10.89525,28.448880000000003,20.56125,14.47905,46.373000000000005,92.26939999999999,123.8115,256.72400000000005,311.1395,417.774,576.3,959.2235,1418.045,2151.0299999999997,2978.495,3781.395,4268.57,3908.01,3345.34,2748.9449999999997,1943.4699999999998,1324.925,722.5565,329.12850000000003,153.5195,143.041,181.534,208.429,214.3515,189.8625,133.506,100.8999,53.577,28.599449999999997,16.7798,9.446325,4.681945000000001,3.3295500000000002,2.4600150000000003,1.7411750000000001,0.05635,0.069705,0.038595000000000004,0.005695,0.01117,4.5e-05
2023-05-26 13:00:00,0.0,29.1698,62.089,82.7051,42.2723,62.13365,91.07935,132.257,106.47805,83.4154,107.2315,157.2745,116.04925,61.50515,170.52300000000002,322.88800000000003,491.6215,714.5535,972.9100000000001,1463.3600000000001,2190.335,3084.6800000000003,3945.765,4340.63,4014.87,3364.16,2575.3500000000004,1785.17,1030.6335,505.3995,240.76999999999998,199.0655,207.45100000000002,217.2235,223.0145,213.43,150.33350000000002,107.201,64.3872,32.19355,17.21385,8.583605,4.093585,1.78048,0.37112,0.136045,0.034015000000000004,0.15301,0.039365,0.0,0.32119,0.850795
2023-05-26 14:00:00,0.0,42.6684,13.31385,44.12345,0.0,0.0,0.0,3.238035,43.428,50.9132,73.04335,75.93690000000001,101.0145,128.163,100.3041,38.2086,145.636,269.5365,474.63300000000004,806.351,1282.38,1917.685,2658.045,3375.135,3705.575,3528.1000000000004,2771.73,1622.07,766.697,353.54449999999997,207.433,172.21,211.7995,214.98649999999998,251.5405,259.614,239.83800000000002,188.5675,96.1632,38.58295,15.240649999999999,3.3391349999999997,1.441675,2.3741,1.294805,0.045475,0.01614,0.022115000000000003,0.15905,0.0,0.0,0.0
2023-05-26 15:00:00,162.7095,172.3355,118.2085,89.0152,88.34785,80.50534999999999,99.52645000000001,149.7435,149.1905,168.0475,158.754,269.161,405.9305,545.864,735.4445000000001,951.2595,1072.758,1091.266,1019.3305,900.7535,921.3465000000001,1183.135,1591.15,2293.08,2667.105,2749.0699999999997,2543.775,1781.185,852.8665000000001,388.1945,277.22299999999996,266.741,246.45,213.33350000000002,183.38299999999998,170.82999999999998,163.904,136.2835,93.23475,48.02065,22.7577,7.279965000000001,6.191625,2.25094,0.17491,0.31274,0.00227,0.017845,0.09814,0.11585999999999999,0.06083,0.000245
2023-05-26 16:00:00,36.6755,195.625,181.7329,356.4545,378.41200000000003,427.918,598.7239999999999,996.58,1269.8600000000001,1567.83,1796.245,2099.05,2752.04,3674.59,3672.475,3332.365,3427.895,3782.11,3842.41,5108.889999999999,7564.715,8637.154999999999,7341.275,4583.95,2768.99,2256.5649999999996,2149.0600000000004,2433.165,1850.365,1138.75,520.793,390.02,400.2195,394.18100000000004,382.294,322.5055,221.483,125.434,84.4148,54.7729,28.3144,15.12925,6.9206900000000005,3.08316,2.47179,2.123855,0.0593,0.77361,1.36653,0.0,0.0519,0.1366
2023-05-26 17:00:00,0.0,0.0,0.0,48.5843,47.14495,53.2406,127.035,215.8535,214.313,234.1665,557.3495,767.1085,1084.417,1324.4050000000002,1683.4499999999998,2216.77,2637.3599999999997,3123.4300000000003,3278.165,4500.370000000001,5874.98,6922.825,7295.85,6235.2,4916.105,3541.575,2798.185,2366.775,1781.835,1303.855,1128.3249999999998,1153.405,1038.19,780.0105,535.0264999999999,350.304,201.2035,149.212,85.48695000000001,52.04975,34.68495,24.84465,16.559350000000002,9.51585,5.26734,0.860595,1.278495,1.708595,1.0737700000000001,0.11984,0.07972,0.00073
2023-05-26 18:00:00,0.0,19.56705,6.69215,27.6742,74.8523,74.66865,119.7655,192.935,176.4035,269.611,450.7705,504.341,763.3444999999999,1237.87,1650.33,2089.355,2993.655,3904.705,4998.76,6963.360000000001,8877.565,10072.21,10284.3,8588.0,6109.305,4125.465,2552.5,1841.9,1420.395,1135.97,966.0795,867.1415,628.23,463.105,307.613,176.1025,118.5865,92.91315,65.40215,52.61765,27.45175,21.828200000000002,12.586365,6.977275,3.8090900000000003,0.9602949999999999,0.9478300000000001,1.57157,0.5526599999999999,0.01374,0.0,0.0
2023-05-26 19:00:00,0.0,0.0,0.0,17.98305,27.876,39.81895,87.02244999999999,132.999,128.53750000000002,192.1085,408.6875,624.8240000000001,956.3955000000001,1412.3,2265.45,3136.945,4990.195,7145.3,9709.21,12207.6,13370.6,12447.5,9843.630000000001,6196.62,3346.4849999999997,1654.17,756.5125,453.0725,446.603,534.4795,593.278,539.104,345.3455,244.99849999999998,179.7065,150.135,125.3625,98.77605,74.4511,56.42245,35.9607,25.39205,14.36225,12.576,5.98058,0.6231150000000001,2.21141,2.11065,1.401575,1.59577,1.533125,0.016295
2023-05-26 20:00:00,0.0,0.0,0.0,0.0,0.0,0.0,28.941000000000003,35.818655,69.53455,107.7175,145.697,377.039,649.2650000000001,1125.9099999999999,1848.505,2868.245,4854.4349999999995,7241.845,9615.81,12971.85,14552.6,13392.25,10315.95,6361.18,3275.8450000000003,1418.08,731.1859999999999,439.396,351.76800000000003,375.7375,412.69899999999996,401.45000000000005,302.6845,226.8555,189.97199999999998,176.913,158.2485,136.721,83.1377,61.861999999999995,47.43825,30.604999999999997,21.93595,13.66145,7.715655,5.385645,2.11541,0.7200599999999999,0.987595,0.33383,0.16461,0.00066
2023-05-26 21:00:00,0.0,0.0,0.0,0.0,6.3148,6.5239,8.352,21.47715,56.87025,90.66929999999999,171.2175,229.7265,394.79650000000004,1000.473,1704.955,2504.07,5260.1849999999995,7532.0,9551.630000000001,12532.2,14254.9,13406.400000000001,11010.599999999999,7120.225,3928.415,1896.145,1014.5194999999999,746.232,539.081,441.62,385.7875,318.88300000000004,280.67650000000003,247.0335,230.833,225.96,227.1085,154.1915,109.125,77.425,49.02285,33.33645,20.652749999999997,9.724049999999998,5.394755,3.41424,0.19335999999999998,0.51094,1.75574,1.54369,1.406585,0.709515
2023-05-26 22:00:00,0.0,0.0,0.0,17.70555,22.4668,13.263300000000001,41.66925,50.46495,63.6532,104.48055,171.8365,253.41899999999998,366.6145,626.9594999999999,1188.4850000000001,1942.1999999999998,3736.405,5773.5,7658.515,10626.95,12843.3,13127.599999999999,11672.85,8492.925,5150.094999999999,2618.685,1247.635,732.623,508.62649999999996,397.85299999999995,343.137,305.547,263.08299999999997,269.645,255.2835,241.844,243.5975,167.5215,117.66550000000001,77.30340000000001,47.96455,28.13195,12.103449999999999,6.069165,5.728235,3.37657,5.807545,1.48868,0.75133,0.7367549999999999,2.2124550000000003,3.841495
2023-05-26 23:00:00,116.467,102.4746,102.7444,80.5137,52.021,13.04425,14.5364,5.430854999999999,63.6821,119.518,223.55399999999997,330.2095,457.8645,564.0135,935.388,1584.495,2971.37,4655.21,6845.29,9323.244999999999,11061.95,11452.85,10525.150000000001,8221.45,5722.93,3459.83,1693.35,687.838,358.221,243.20850000000002,230.2495,264.273,285.6,305.17100000000005,301.2955,289.52549999999997,256.181,179.72949999999997,116.3135,74.40415,47.29205,25.2307,17.6628,9.532125,3.8179000000000003,2.82979,4.587249999999999,1.282785,0.125545,0.097435,1.20122,1.74507
2023-05-27 00:00:00,0.0,0.0,0.0,24.25535,46.3691,43.840900000000005,17.219549999999998,16.652495,46.364599999999996,96.68090000000001,142.3775,455.63149999999996,708.176,1173.1550000000002,1277.425,1173.412,1743.455,2643.045,4292.18,6088.58,7741.4349999999995,8934.65,8197.869999999999,6517.395,4941.01,3502.505,2125.675,988.771,460.604,262.421,243.23149999999998,274.192,323.871,363.7115,369.784,346.198,279.3095,183.5815,117.13749999999999,80.42975000000001,53.3871,27.29475,18.630650000000003,11.16265,4.031235000000001,2.3627700000000003,1.868805,1.4568349999999999,2.127475,2.012405,0.029605,0.067645
2023-05-27 01:00:00,0.0,0.0,0.0,0.0,0.0,0.0,0.0,3.78514,68.854,127.116,223.318,502.442,814.482,1217.47,1969.13,2637.84,2354.35,2435.41,2747.05,4368.56,6241.07,7190.01,7075.17,5846.86,4499.9,3364.19,2445.51,1216.24,544.483,239.555,197.877,304.771,330.958,390.678,387.615,326.433,248.779,147.643,93.1646,59.3806,34.0122,29.497,20.9224,16.64,4.08325,0.09071,0.00449,3.2704,2.69415,0.95009,0.04849,0.00403
2023-05-27 02:00:00,0.0,0.0,0.0,0.0,0.0,0.0,12.553799999999999,29.1666,40.933099999999996,80.66575,89.9722,235.8625,373.474,625.456,1030.4450000000002,1689.475,2093.695,2505.625,2821.02,3791.275,5392.595,6811.135,7318.424999999999,6165.97,4959.785,3760.885,2774.6049999999996,1551.225,694.859,280.7975,177.8755,178.68650000000002,232.27949999999998,290.651,297.6335,282.082,244.398,149.7285,101.0501,64.5584,28.796100000000003,11.71653,7.069165,5.179375,3.385975,3.741965,2.07292,0.564765,0.027465,0.36118999999999996,1.016265,0.6406050000000001
2023-05-27 03:00:00,0.0,0.0,0.0,0.0,0.0,0.0,0.0,0.0,0.0,7.1166,22.05105,104.7855,214.2095,297.2875,578.7674999999999,971.635,1561.75,2085.355,2645.955,3333.265,4307.285,5864.305,7319.035,7178.665,6167.995000000001,4775.594999999999,3533.59,2315.42,1150.865,447.25149999999996,200.103,187.128,236.865,292.9905,304.48400000000004,265.242,225.69650000000001,141.981,91.58995,53.8696,26.73245,17.7524,4.773105,5.04931,5.7181999999999995,2.25669,1.58313,3.61609,3.3355050000000004,0.9935700000000001,0.04143,0.0034400000000000003
2023-05-27 04:00:00,0.0,9.1821,3.500815,0.0,0.0,0.0,11.5328,0.4439,8.07485,22.375349999999997,27.274675000000002,47.1144,74.3244,193.226,253.666,307.4675,795.6755,1416.94,2249.06,3316.14,4392.495,5304.445,6828.115,7620.924999999999,6990.355,5632.165,4131.075,2894.0649999999996,1594.98,682.52,238.3225,181.08249999999998,212.31799999999998,278.82550000000003,305.2875,286.4315,261.4995,172.99200000000002,98.88865000000001,51.8315,30.20345,19.75945,9.82512,5.165205,4.14322,4.1978100000000005,0.568605,0.12745,0.046975,0.013179999999999999,0.016285,0.00135
2023-05-27 05:00:00,0.0,18.2277,3.50084,23.5679,6.40035,4.61436,0.0,1.323755,24.0798,32.28345,27.391485,65.08275,96.8116,96.87095,188.60950000000003,295.7835,481.94399999999996,734.427,1295.7350000000001,2360.6,3693.38,4956.21,6133.325000000001,6939.175,6885.389999999999,5985.275,4519.8150000000005,3162.065,1825.8249999999998,854.6959999999999,316.462,178.381,215.288,276.9855,287.7335,266.103,237.39049999999997,141.4485,88.42895,54.12155,30.778,14.44295,7.359605,4.876225,2.504385,1.834075,1.564465,0.6208,1.17447,1.5006,3.059235,1.3109250000000001
2023-05-27 06:00:00,0.0,9.0425,3.500725,38.30215,73.065,143.24,128.4995,123.332,110.0695,111.5825,168.98700000000002,228.348,326.9125,426.301,545.6355,643.0799999999999,732.4965,934.8064999999999,1212.8200000000002,1718.415,2640.295,3693.54,5066.085,5511.55,5197.245,4368.0,3183.94,1934.02,1184.005,627.558,263.1065,176.6155,224.7465,242.9325,259.4715,236.67399999999998,165.212,118.25,63.14615,35.659800000000004,22.81295,12.561914999999999,5.112495,2.20854,0.445685,0.022529999999999998,0.022895,0.11314,1.74057,0.008445,0.61997,0.950055
2023-05-27 07:00:00,127.3765,71.68975,46.056865,61.4596,56.153499999999994,53.85025,45.97885,60.09145,160.9975,189.721,260.26800000000003,297.7735,358.429,533.6545,746.2684999999999,961.2415000000001,1185.44,1352.5349999999999,1441.95,1673.875,1894.3400000000001,2043.29,2631.8199999999997,3203.79,3214.135,2737.415,2000.62,1210.4099999999999,702.5895,355.844,192.7785,170.1755,201.6485,186.9855,178.7615,155.765,110.23,89.5441,51.3902,23.771900000000002,18.259549999999997,7.41618,5.9633400000000005,3.1505850000000004,0.045439999999999994,0.07599,0.096465,0.03865,0.450175,0.808585,1.907425,0.36728500000000003
2023-05-27 08:00:00,128.9255,143.5115,275.3885,250.24,165.2335,99.90594999999999,100.18585,121.46549999999999,139.7455,142.2425,141.803,280.8555,465.56550000000004,730.62,976.7525,1254.21,1541.4650000000001,1650.16,1587.29,1583.425,1546.565,1446.925,1589.395,2025.23,2055.885,1698.1,1132.085,654.5550000000001,370.0925,196.861,164.00799999999998,180.497,188.6935,193.6605,170.27550000000002,135.496,105.12100000000001,66.5945,38.9672,14.332,3.652345,0.319425,0.06878000000000001,0.80526,0.89632,0.04983,0.015519999999999999,0.025705,0.490025,0.43883500000000003,0.018709999999999997,0.001555
2023-05-27 09:00:00,481.803,409.2695,377.5425,368.8655,380.2585,307.4855,314.54,392.3,243.4155,267.7445,315.89250000000004,409.58950000000004,435.2785,630.4255,823.639,1045.67,1497.325,1807.815,1826.1599999999999,1837.595,1839.44,1806.72,1537.24,1700.6950000000002,1750.795,1559.13,1001.1015,547.8924999999999,354.2065,285.24850000000004,268.12199999999996,257.967,230.3915,219.0155,185.9715,132.745,106.466,72.085,46.8324,25.882350000000002,12.62545,7.82672,2.7632,1.16578,1.17636,0.049645,0.00246,0.055095,0.03943,0.31079,0.9338,1.012715
2023-05-27 10:00:00,1200.1525000000001,786.1089999999999,372.0635,449.79650000000004,440.892,462.45799999999997,536.787,573.878,676.2925,644.424,748.3824999999999,850.689,852.159,1079.0149999999999,1233.885,1449.685,1463.21,1437.825,1525.0,1635.245,1888.32,2015.9250000000002,1983.95,1798.645,1793.62,1609.375,1201.045,704.988,484.85249999999996,422.09900000000005,402.9715,298.17999999999995,229.9315,207.3195,183.99,151.8365,118.40350000000001,82.5372,48.349199999999996,29.70525,18.211750000000002,3.1684650000000003,3.1331499999999997,2.5413449999999997,1.555545,0.04235,0.0020949999999999996,1.230135,2.08975,1.51057,3.069495,4.03512
2023-05-27 11:00:00,1110.455,886.2525,542.1379999999999,586.154,637.143,652.283,844.6205,1111.87,987.0295,1098.3,1077.3775,1365.1100000000001,1817.33,2101.21,2070.8,1773.9299999999998,1623.375,1449.25,1395.305,1548.165,1686.665,1777.94,1985.87,1748.8600000000001,1615.385,1426.81,993.9105,579.7865,486.9175,526.2370000000001,581.9365,470.34450000000004,350.6375,259.291,195.5885,156.1175,112.8745,93.72085,55.0223,27.39735,7.72166,0.760945,1.956215,0.06592,1.4883250000000001,1.9246850000000002,1.55079,2.34771,2.06325,1.535595,2.124535,1.767985
2023-05-27 12:00:00,763.9225,916.9725,1191.605,814.309,757.716,1126.5,1169.0349999999999,936.8035,1173.45,1505.725,1992.0749999999998,2028.965,2052.43,2322.005,2501.35,2588.0950000000003,2682.735,2469.075,2128.5950000000003,1689.5500000000002,1560.625,1735.475,1668.545,1618.585,1469.26,1356.3600000000001,1051.4655,575.7175,507.501,561.0805,619.5219999999999,543.635,443.35,315.853,212.833,156.26850000000002,120.7355,84.6617,54.077,38.03935,21.541449999999998,8.26276,1.9019599999999999,0.048105,0.0033,0.432685,2.026345,4.50245,3.532335,3.75308,4.07442,5.920864999999999
2023-05-27 13:00:00,672.4925000000001,612.7284999999999,714.8275,807.565,888.014,906.707,1242.335,1680.1599999999999,1878.015,2083.275,2760.64,2859.2650000000003,2700.25,3443.835,4138.585,4386.844999999999,4636.705,4446.59,3614.585,2646.885,1917.77,1568.675,1588.26,1557.425,1537.8600000000001,1626.5,1623.12,1044.88,694.3125,609.3035,597.0535,549.4565,448.6995,314.6535,237.40050000000002,187.169,143.1935,102.44505000000001,66.54820000000001,39.2113,21.80845,9.35158,9.310835,6.939805,3.6510749999999996,1.40194,0.268385,0.082315,0.8489099999999999,0.9504250000000001,2.72571,4.229485
2023-05-27 14:00:00,184.336,288.4895,442.656,410.0025,489.4995,702.548,1095.865,1502.605,2089.51,2417.205,2706.8599999999997,3153.8999999999996,3475.63,4411.05,5189.52,5865.305,6575.085,6690.865,6328.775,4882.825,3194.995,2426.375,2157.17,1980.58,1706.1599999999999,1605.745,1886.1599999999999,1538.975,947.579,654.2470000000001,536.2860000000001,448.5175,369.474,266.0675,206.368,185.3985,131.588,113.4025,71.2752,43.92205,37.37075,12.67555,7.3798200000000005,4.792565,3.09893,5.433904999999999,0.846925,0.36981,1.03256,2.212365,1.8375949999999999,1.742365
2023-05-27 15:00:00,0.0,0.0,0.0,46.6703,91.2748,123.22749999999999,331.89300000000003,649.202,861.421,1196.324,1628.01,2572.395,3392.1400000000003,4626.23,6498.735,8625.52,10270.119999999999,10130.314999999999,8239.945,5674.625,3498.1549999999997,2578.84,2542.62,2187.365,1782.105,1539.885,1492.8899999999999,1252.49,966.5015000000001,811.6345,710.722,566.402,403.111,297.1685,234.126,187.603,151.546,125.6935,83.61385,56.887950000000004,45.4397,29.58855,13.50925,9.83305,6.05309,0.9829350000000001,1.989925,2.101385,1.6653149999999999,1.63874,1.2791649999999999,1.35567
2023-05-27 16:00:00,0.0,9.0381,3.531735,35.604749999999996,57.30065,120.849,178.8825,298.15549999999996,457.0795,770.0815,1303.9299999999998,2118.255,2925.675,4227.79,6496.95,9747.5,13425.7,15156.65,14494.55,11833.0,8373.725,5118.21,3430.1400000000003,2826.25,2522.91,2210.375,2049.435,1547.73,1181.4650000000001,992.5795,889.9355,755.395,502.2315,334.4535,214.8675,163.6575,136.5615,122.63749999999999,94.82239999999999,68.7402,43.9705,28.4163,17.35135,11.463550000000001,7.225695,5.47484,2.268465,3.4069249999999998,3.2889600000000003,0.89864,0.7165600000000001,1.359815
2023-05-27 17:00:00,0.0,15.24275,45.99385,77.51185,43.96265,42.72675,138.143,241.07299999999998,411.44399999999996,673.5025,1075.0095,1747.045,2646.035,4081.1099999999997,6487.37,9482.779999999999,11425.25,12297.05,11669.55,11709.35,11423.95,9341.98,4851.85,2692.1800000000003,1843.405,1811.77,1789.8200000000002,1263.495,896.6305,735.5260000000001,730.4784999999999,663.057,489.813,323.84900000000005,222.7895,174.743,153.1655,132.57150000000001,99.6583,67.80375000000001,36.3775,26.209249999999997,20.4931,14.5671,7.51864,4.94977,2.91136,2.675375,1.324205,0.18571,0.03446,0.002865
2023-05-27 18:00:00,0.0,30.972050000000003,10.194790000000001,73.07765,87.576,57.30955,75.8317,185.1135,215.297,302.92449999999997,417.187,863.7760000000001,1273.9,1899.13,2777.385,3925.515,6558.415,8914.96,10757.3,12948.0,14062.55,12538.45,7740.38,3907.065,2465.465,2188.035,1958.22,1137.835,766.5295000000001,680.3925,743.31,759.223,573.7080000000001,391.8555,263.51599999999996,202.1705,173.6895,135.2525,102.84100000000001,73.63775,43.6462,30.91105,21.721600000000002,10.479614999999999,4.9155,3.1245249999999998,2.53527,3.212665,1.9746000000000001,0.681555,1.0956000000000001,2.128765
2023-05-27 19:00:00,0.0,0.0,0.0,25.7108,38.84935,73.594,101.15820000000001,144.67950000000002,326.19899999999996,448.371,570.2905000000001,840.588,1284.0749999999998,1877.875,2632.535,3661.3450000000003,5258.74,7493.51,10412.7,13660.150000000001,14904.25,13139.8,7954.5599999999995,4235.3,2635.205,2180.9049999999997,1574.875,919.018,637.405,558.8395,550.0005,486.0785,379.0305,303.962,252.7345,204.591,188.1475,149.418,102.51925,67.0689,46.1435,32.69345,22.4408,13.93825,8.846025000000001,2.4707850000000002,5.923255,2.155925,1.075745,0.9950300000000001,1.22515,0.7892450000000001
2023-05-27 20:00:00,0.0,0.0,0.0,0.0,6.43847,9.42422,50.8364,88.4903,106.488,163.91,274.015,562.524,929.613,1452.0,2147.87,3499.29,5012.07,6649.21,8625.75,12039.2,14468.6,12770.3,8007.89,4490.06,2663.74,1908.78,1388.48,771.268,527.309,429.494,394.885,329.193,298.17,233.465,201.001,195.095,189.932,152.511,92.0957,71.0605,48.6818,25.7502,18.2616,10.4024,6.08858,7.29858,6.64701,1.76861,2.82016,3.11049,0.81065,0.59814
2023-05-27 21:00:00,0.0,0.0,0.0,0.0,0.0,0.0,0.0,2.6341650000000003,43.28785,73.86685,178.07850000000002,236.75549999999998,303.3645,577.5695000000001,1235.5500000000002,2040.75,3362.805,4616.365,5593.54,8599.265,12225.35,14340.45,12678.4,7981.555,4458.06,2520.4849999999997,1697.205,1045.77,687.9414999999999,486.34950000000003,421.2045,338.8245,255.495,224.7245,212.0975,216.01,193.6905,146.6055,100.62225000000001,74.0606,53.2315,34.3291,27.0839,19.3916,12.52895,9.846135,3.11718,1.52439,2.33721,1.4510349999999999,0.050675,0.00421
2023-05-27 22:00:00,0.0,0.0,0.0,0.0,0.0,0.0,0.0,1.819325,33.0946,64.6091,103.15265,130.165,190.06599999999997,400.707,555.5235,718.2185,1592.0900000000001,2488.62,3293.455,5469.99,8902.314999999999,13242.6,16549.5,13283.7,8684.56,4666.3,2473.255,1541.7150000000001,1006.36,675.297,494.397,414.9,297.0195,257.16700000000003,244.921,241.34300000000002,211.675,164.897,125.0185,82.87155,56.105500000000006,45.2812,33.556799999999996,21.083,12.9653,8.822515,7.85023,5.582695,3.52851,2.153345,1.34752,0.81335
2023-05-27 23:00:00,0.0,0.0,0.0,0.0,0.0,0.0,0.0,1.729485,31.4604,72.92835,169.7145,173.215,195.4945,293.269,443.274,553.0805,985.646,1544.0549999999998,2183.88,3893.865,6775.299999999999,10602.05,15015.85,16162.0,12805.55,7883.445,4740.174999999999,2835.975,1771.25,1128.165,749.7855,542.8755,434.252,344.5365,317.0285,298.35749999999996,271.85450000000003,201.098,146.332,110.798,80.61235,65.8014,39.2468,27.64015,21.538899999999998,16.6758,12.354759999999999,3.20117,0.18259999999999998,0.218635,0.777695,1.52508
2023-05-28 00:00:00,0.0,11.55205,9.8475,46.428399999999996,39.8603,9.40125,0.0,0.849165,11.03545,28.3592,56.114599999999996,59.31265,106.4455,214.12099999999998,414.497,526.1915,957.9635000000001,1444.63,1751.71,2912.605,5355.115,8739.035,12418.7,14406.05,13176.0,10329.3,6552.200000000001,3740.6000000000004,2342.9049999999997,1466.285,934.4525,659.4114999999999,477.262,405.432,366.52049999999997,338.207,295.249,231.9375,180.277,131.07049999999998,97.78565,74.5403,48.61945,34.5927,22.81095,13.8859,11.806249999999999,7.24424,4.321429999999999,3.157855,2.806825,2.276595
2023-05-28 01:00:00,0.0,0.0,0.0,0.0,0.0,0.0,0.0,1.226925,15.944700000000001,35.1781,75.12035,68.76480000000001,87.5401,169.2105,225.654,298.8325,572.7885,897.1890000000001,1060.955,1670.1,2686.87,4367.73,7008.5650000000005,9737.54,11328.6,10722.55,7857.030000000001,4765.86,2985.335,1854.05,1178.85,763.947,544.7940000000001,432.15650000000005,393.35,376.6555,322.9685,272.301,192.813,144.16,105.52000000000001,74.8195,48.71515,34.050349999999995,21.8446,17.458599999999997,9.86951,5.928179999999999,5.248675,2.384105,1.36213,1.48372
2023-05-28 02:00:00,0.0,10.78015,11.41965,0.0,3.790905,16.4211,26.125,47.734899999999996,58.55955,40.2453,6.882099999999999,17.80155,46.54175,102.101,187.8015,278.98900000000003,421.406,630.3140000000001,975.4815,1497.685,2126.885,2798.2200000000003,3822.255,5618.280000000001,7376.305,7951.525,7412.6849999999995,4924.545,3025.6949999999997,1870.0549999999998,1198.0,760.9404999999999,518.988,421.7445,374.3,336.2065,302.67449999999997,252.3365,199.41750000000002,139.966,94.2724,69.155,46.294700000000006,28.7202,18.3251,11.902000000000001,9.288799999999998,6.407695,4.109615,1.6041349999999999,1.90116,-0.083805
2023-05-28 03:00:00,0.0,0.0,0.0,0.0,3.90876,16.9316,26.56805,4.94245,60.6139,82.13329999999999,116.96215,104.46615,120.15105,93.31545,146.402,200.7885,260.04449999999997,425.922,759.3924999999999,1219.6550000000002,1802.165,2450.565,3251.83,4341.43,5347.755,6082.995,5941.445,4497.415000000001,2785.495,1625.505,961.4079999999999,637.6289999999999,458.52250000000004,384.7585,365.21500000000003,340.8315,282.4015,244.6455,180.6945,134.469,86.44800000000001,51.8558,36.531949999999995,19.66705,12.68935,8.893735,7.02747,3.7176549999999997,3.77477,3.088865,2.37972,3.776185
2023-05-28 04:00:00,0.0,0.0,0.0,0.0,0.0,0.0,4.804645,0.0,0.0,10.04855,4.67281,24.3564,41.9084,61.8265,58.97455,72.94069999999999,134.85999999999999,237.5285,413.5185,853.3625,1320.89,1861.385,2630.9049999999997,3699.7700000000004,4624.77,5122.445,4909.175,3695.875,2497.37,1581.8400000000001,937.883,531.813,385.976,295.07550000000003,291.93050000000005,281.261,234.47899999999998,211.191,139.7815,91.58255,71.18085,48.37705,25.256500000000003,16.0924,11.736049999999999,8.847660000000001,4.8794699999999995,2.03351,2.843665,2.0796,0.95583,0.0
2023-05-28 05:00:00,0.0,0.0,0.0,0.0,0.0,0.0,17.10935,32.207015,23.9989,32.9097,41.150800000000004,39.715500000000006,28.701235,41.1577,67.72515,112.5835,149.3,202.7495,287.9685,450.2095,801.365,1350.57,2033.53,2876.48,3949.185,4840.33,5263.54,4847.035,3731.04,2601.31,1625.52,898.1895,523.4155000000001,376.40049999999997,317.20349999999996,275.75800000000004,244.8345,181.44299999999998,142.13150000000002,96.1856,66.3126,45.38395,20.55,12.5856,7.92628,10.033655,5.3959399999999995,4.10244,4.207875,3.0667549999999997,1.133665,0.280715
2023-05-28 06:00:00,233.144,135.06865,20.5298,0.0,0.0,0.0,15.8379,30.698320000000002,17.8716,31.17635,39.37475,37.57405,42.3786,54.523399999999995,105.37950000000001,119.28999999999999,147.3305,235.71,378.0385,486.64300000000003,752.3985,1188.995,1565.175,2414.0699999999997,3440.44,4381.805,5066.255,5072.535,4386.325000000001,3276.1800000000003,2128.975,1239.565,673.251,444.3585,345.3845,293.696,239.849,179.56799999999998,153.73899999999998,108.7175,75.06,51.98925,29.9158,14.7241,10.062495,7.567159999999999,2.45488,5.48554,5.171555,2.66653,1.268525,2.9779299999999997
2023-05-28 07:00:00,0.0,0.0,0.0,6.5439,16.8257,3.96844,5.5072,12.952100000000002,16.80935,25.39555,42.89505,70.20875000000001,115.95949999999999,216.8515,301.92949999999996,412.624,585.954,786.0395000000001,1069.075,1273.995,1460.37,1825.335,2234.0699999999997,2855.25,3670.79,4610.735000000001,5447.75,5793.685,5235.475,4165.37,2908.885,1764.415,1032.2,597.8399999999999,400.6545,298.30449999999996,244.586,209.876,171.852,128.42000000000002,89.53595,52.33185,36.1864,21.3617,13.792950000000001,8.17905,3.245915,4.132105,4.297135,1.58983,1.599885,-0.05271
2023-05-28 08:00:00,0.0,0.0,0.0,20.78905,14.2426,3.359195,12.849599999999999,26.51745,26.3305,44.2067,59.8828,73.5712,107.27255,108.97300000000001,209.4955,302.2355,395.92999999999995,435.767,476.18050000000005,578.585,846.0275,1173.355,1551.43,2187.49,2952.4,3882.0,4987.02,5739.875,5710.07,4889.295,3693.45,2413.46,1460.0549999999998,825.961,484.16099999999994,314.033,250.815,205.6705,173.894,145.017,96.178,62.77185,39.957449999999994,29.010350000000003,19.0655,7.657095,5.22025,1.67547,2.8742400000000004,2.6783799999999998,0.007075,0.00278
2023-05-28 09:00:00,0.0,36.671,47.72839999999999,16.74955,15.598525,58.688900000000004,49.08985,20.08262,29.01815,15.12534,23.1247,63.2636,83.85730000000001,80.35210000000001,91.60915,113.203,135.94150000000002,182.5165,238.862,311.83050000000003,480.6845,706.861,1008.52,1457.88,2037.83,2983.31,4291.705,5608.610000000001,6410.325000000001,6335.889999999999,5460.49,4015.01,2518.7749999999996,1442.395,786.1085,434.3175,292.78,257.3005,221.6325,154.54399999999998,106.456,77.0062,40.07065,22.8034,14.812100000000001,15.06405,9.737729999999999,5.194414999999999,6.150865,4.339215,1.355025,0.044425
2023-05-28 10:00:00,0.0,36.713750000000005,44.67035,30.129350000000002,34.033699999999996,66.8936,105.6954,106.83840000000001,109.4274,75.19725,73.65424999999999,132.9775,134.6095,115.8244,137.274,133.065,132.363,173.1505,195.183,351.7525,539.385,892.849,1204.28,1578.26,1875.51,2548.145,3606.075,4927.07,6179.715,6775.415,6442.42,5139.6900000000005,3461.9449999999997,2021.5,1100.025,587.139,391.422,297.425,254.9345,208.64999999999998,161.5595,105.9755,65.76249999999999,36.645399999999995,24.484299999999998,16.326,7.653364999999999,3.87471,4.52058,3.44852,3.16036,-0.06616
2023-05-28 11:00:00,0.0,10.94945,10.85955,26.59335,10.751380000000001,46.571749999999994,114.53,213.9785,304.05150000000003,385.972,297.9205,240.4775,202.71550000000002,110.86314999999999,103.00175,115.3404,122.551,155.0045,275.2025,408.9285,691.953,1080.56,1456.325,1844.7849999999999,2228.115,2771.365,3561.06,4467.825,4948.82,5145.955,4976.085,4442.71,3148.23,1895.0,1065.58,643.7080000000001,413.1935,360.6805,287.459,236.4695,179.2805,110.66300000000001,84.164,43.92015,28.5479,21.484,9.292225,5.540475000000001,9.089984999999999,6.118869999999999,3.2490699999999997,2.67256
2023-05-28 12:00:00,0.0,0.0,0.0,31.8693,31.916900000000002,38.35185,147.81685,321.29949999999997,403.9945,429.3505,373.6425,355.85900000000004,391.47,344.88800000000003,266.04650000000004,171.40949999999998,153.3955,155.95999999999998,187.846,323.277,635.5029999999999,1074.06,1405.97,1776.315,2202.685,2828.865,3674.085,4401.32,4759.585,5009.71,4961.835,4437.85,3179.6800000000003,1914.15,1091.895,649.079,464.68600000000004,367.29449999999997,313.137,237.539,165.862,115.9525,65.56125,46.5417,26.82915,18.267249999999997,8.5183,8.476665,8.282365,6.215225,3.31142,4.49068
2023-05-28 13:00:00,0.0,0.0,0.0,24.7288,46.79655,40.43732,45.501400000000004,64.40775,173.708,245.2155,341.933,488.6485,725.773,891.8395,846.2560000000001,547.2,413.74199999999996,321.99350000000004,248.885,337.95349999999996,511.496,798.4929999999999,1270.3200000000002,1877.83,2288.0299999999997,2730.9049999999997,3273.75,3747.2749999999996,4122.0650000000005,4446.6,4437.475,3981.6,3146.545,2022.21,1211.3249999999998,725.8865000000001,511.75300000000004,410.7825,329.03,262.995,190.477,123.16550000000001,86.21055000000001,48.37765,27.7254,17.625149999999998,9.83238,5.235345000000001,7.039199999999999,5.972995,1.0836350000000001,0.163775
2023-05-28 14:00:00,0.0,0.0,0.0,41.78715,71.59505,121.53649999999999,161.138,150.7575,206.88850000000002,352.0415,462.0075,553.1375,602.1700000000001,611.1305,589.546,592.1759999999999,389.842,255.028,282.9895,296.186,429.561,750.0845,1280.605,2063.46,2723.335,3253.565,3514.8900000000003,3696.34,3816.9849999999997,3854.05,3725.12,3266.87,2570.975,1811.105,1231.745,835.655,570.4110000000001,457.238,361.5435,281.74649999999997,195.736,149.482,81.4297,58.2529,37.0432,18.99715,12.90905,6.932745,3.94904,1.6643800000000002,3.102455,0.767015
2023-05-28 15:00:00,0.0,0.0,0.0,0.0,7.90755,8.89735,42.8009,35.462109999999996,54.15885,65.80105,112.0736,107.5575,102.32405,217.7465,249.3485,209.3455,261.727,276.35,286.0615,403.466,534.2155,791.3209999999999,1262.3600000000001,1957.4,2666.2349999999997,3210.87,3605.285,3600.965,3608.0299999999997,3552.135,3435.745,3280.2349999999997,2518.995,1899.2350000000001,1374.455,1069.0949999999998,917.1669999999999,781.8085000000001,651.329,518.7505,385.8685,239.258,141.9205,88.24175,51.4487,26.8729,4.147515,7.71323,9.792905000000001,2.7985249999999997,2.02838,4.98405
2023-05-28 16:00:00,0.0,0.0,0.0,0.0,0.0,0.0,0.0,1.4916900000000002,19.38545,30.53145,15.70792,33.1417,64.95455,126.8214,148.3434,150.118,243.6875,327.32,304.98350000000005,329.453,440.14549999999997,684.1875,1074.8485,1860.33,2705.62,3584.705,4472.5650000000005,4778.8099999999995,4357.995,4109.77,3822.52,3591.56,3132.325,2329.08,1614.395,1071.3000000000002,716.9179999999999,567.7185,449.8655,352.6775,255.3055,151.249,88.2579,43.1472,24.34595,13.5268,8.31209,1.7741500000000001,1.924355,0.755485,0.064515,0.01227
2023-05-28 17:00:00,102.579,83.365,9.63495,0.0,0.0,0.0,0.0,0.0,0.0,0.0,0.0,0.0,3.40814,16.676,60.964349999999996,113.4405,92.40045,93.0502,141.142,177.199,213.47949999999997,355.8805,560.5665,975.5315,1870.2649999999999,3043.79,4245.495,4878.275,4557.200000000001,3648.05,2630.035,1843.26,1571.12,1524.4499999999998,1328.875,924.4055000000001,529.6795,293.306,223.99349999999998,163.0845,112.292,76.41995,39.403549999999996,23.2196,13.056899999999999,8.10512,0.686975,0.101205,0.01816,0.01571,0.016415,-0.000675
2023-05-28 18:00:00,0.0,0.0,0.0,0.0,0.0,0.0,0.0,0.0,0.0,0.0,0.0,7.5754,20.51725,35.0243,92.259,187.0155,211.1755,243.8965,291.7955,270.7045,248.677,256.2905,304.39300000000003,502.102,833.8955000000001,1516.0700000000002,2599.88,3765.59,4293.29,3895.95,2920.75,1863.095,1525.955,1463.98,1423.42,1335.88,1032.8815,692.6105,394.432,272.507,215.51600000000002,136.3495,73.07345000000001,42.27785,20.37705,7.73917,5.369059999999999,2.09133,1.05612,0.46212000000000003,0.010685,0.020615
2023-05-28 19:00:00,0.0,0.0,0.0,0.0,0.0,0.0,0.0,0.0,0.0,4.486705,2.57929,13.4165,25.679,79.42215,134.9365,169.2425,221.69299999999998,303.253,465.6075,584.4585,618.183,609.969,516.619,479.1415,532.9380000000001,846.517,1458.9499999999998,2471.895,3541.3,3851.13,3337.8050000000003,2306.505,1614.58,1420.305,1428.105,1408.585,1257.555,900.5329999999999,595.1565,404.9845,288.679,201.078,110.873,63.103300000000004,29.37985,13.8001,6.93263,3.076175,2.3403549999999997,1.96748,0.6702049999999999,2.014205
2023-05-28 20:00:00,0.0,9.8899,9.63485,13.24665,25.02799,24.891325,14.16535,4.49725,58.4448,76.69640000000001,62.901849999999996,76.95785,113.55834999999999,161.9675,239.017,225.99650000000003,336.44849999999997,458.7155,507.64099999999996,757.7165,868.159,853.568,754.042,709.204,692.119,831.8015,1209.29,1822.0,2866.71,3408.29,3255.0249999999996,2507.3450000000003,1741.63,1461.21,1386.095,1363.56,1227.9,907.2625,606.7760000000001,398.52099999999996,300.341,211.457,145.844,72.1106,40.3165,29.50165,11.49365,8.934660000000001,6.21177,2.979355,1.5866,1.931615
2023-05-28 21:00:00,0.0,26.32495,9.4951,45.86215,89.7407,169.0805,175.2025,119.6235,138.3535,132.4075,59.866550000000004,48.0676,33.726925,33.31855,62.59505,68.6805,242.9755,391.515,548.4784999999999,617.7484999999999,760.543,971.2864999999999,1162.625,1270.69,1378.535,1428.27,1358.7,1501.5749999999998,2135.145,3029.995,3579.9700000000003,3480.44,2613.83,1929.3249999999998,1669.695,1505.555,1388.6,1100.845,762.564,522.077,373.15049999999997,282.254,166.623,87.2416,43.0189,18.94145,11.26065,6.187435000000001,5.993,3.080145,0.28348999999999996,0.06314
2023-05-28 22:00:00,0.0,0.0,0.0,0.0,0.0,0.0,0.0,0.646365,8.39995,29.32295,29.14865,31.2969,41.08795,74.35645,159.054,207.49349999999998,182.268,239.266,393.398,605.1665,849.767,1073.415,1357.92,1789.7350000000001,2124.81,2377.765,2500.865,2354.115,2332.1800000000003,2599.33,2957.06,3159.6949999999997,2672.71,2085.6,1645.65,1347.245,1134.83,875.8164999999999,609.079,421.254,295.63800000000003,227.58550000000002,127.2325,69.19525,34.266,15.753400000000001,8.26316,8.6591,5.829165,2.72559,0.8108749999999999,0.018495
2023-05-28 23:00:00,0.0,0.0,0.0,11.4703,35.710065,36.98415,21.31145,33.1399,11.41375,11.90289,36.971450000000004,37.395849999999996,52.016850000000005,107.32034999999999,147.298,188.3005,297.759,392.31550000000004,487.3225,618.4069999999999,886.4304999999999,1182.505,1545.94,1920.13,2335.05,2713.085,2876.76,2835.45,2616.2799999999997,2558.235,2658.01,2843.68,2695.895,2113.2200000000003,1644.04,1314.275,1087.3600000000001,810.1345,564.688,383.758,274.8355,184.9395,128.642,65.31774999999999,24.34435,13.1516,5.3603749999999994,1.807695,1.037525,1.4234,1.858555,-0.067345
2023-05-29 00:00:00,0.0,0.0,0.0,0.0,0.0,0.0,0.0,0.420295,8.5237,9.4459,1.341745,49.3565,102.71950000000001,189.012,327.831,413.2865,545.684,725.51,1008.902,1284.2150000000001,1723.55,2360.265,3141.925,3873.7749999999996,4314.805,4553.58,4484.639999999999,3808.715,3030.355,2471.62,2187.935,2152.9849999999997,1952.505,1574.855,1255.0,1005.2955,785.8725,562.0944999999999,373.7875,231.15949999999998,148.904,113.4755,70.1571,28.0447,11.96475,7.82681,2.2247149999999998,0.531655,2.050035,1.4240650000000001,0.90308,0.018905
2023-05-29 01:00:00,-12.24795,11.6566,35.56115,42.448949999999996,51.99815,40.298100000000005,36.3642,23.87255,8.539365,0.0,0.0,50.07755,78.92595,114.30950000000001,294.491,502.665,853.8525,1183.225,1460.85,1997.325,2506.9049999999997,3089.58,3328.4350000000004,3691.0950000000003,4075.615,4397.715,4483.495,4180.360000000001,3445.3999999999996,2627.335,2028.6499999999999,1686.785,1524.98,1295.7350000000001,1038.58,836.5740000000001,700.87,483.795,310.856,175.09,98.90115,85.9221,49.82245,22.101100000000002,16.4867,8.668195,4.200775,4.28641,2.09885,0.85819,1.20059,0.562235
2023-05-29 02:00:00,0.0,17.47725,4.771045,0.0,0.0,0.0,13.19215,17.235605,16.6331,13.8521,36.03025,83.3412,114.7043,122.651,280.058,520.0365,807.6959999999999,1194.12,1687.74,2560.09,3556.525,3986.9399999999996,4100.76,4019.395,3999.0550000000003,3922.03,3859.74,3673.65,3017.56,2313.76,1740.775,1336.065,1100.73,904.5609999999999,749.4490000000001,639.409,508.9135,379.5065,238.7025,143.022,86.1981,55.9884,28.9682,15.3925,7.564825000000001,3.5564,2.29385,1.27872,0.87374,0.6148399999999999,0.0,0.0
2023-05-29 03:00:00,0.0,0.0,0.0,8.30565,12.60785,34.8638,18.85035,2.596125,52.650150000000004,50.12195,49.4932,57.7705,95.73435,206.473,289.21799999999996,280.77750000000003,618.2165,1130.335,1847.395,2991.855,4126.805,4871.67,5052.355,4617.545,4400.610000000001,4236.84,3715.625,3233.69,2687.495,2075.4049999999997,1456.0900000000001,1015.3499999999999,820.1945000000001,656.1225,548.821,450.69550000000004,402.013,275.52099999999996,172.33749999999998,99.77090000000001,52.884249999999994,31.851300000000002,21.549799999999998,12.09965,7.045965000000001,3.7808850000000005,1.99786,1.43628,0.44405,0.024915,0.001205,0.000565
2023-05-29 04:00:00,0.0,0.0,0.0,0.0,6.7301,31.6739,56.26805,81.6051,139.1795,187.2705,198.622,188.6185,140.672,270.884,400.2265,496.29449999999997,883.2180000000001,1274.23,1704.205,2369.0550000000003,3133.7250000000004,4199.835,4927.05,5030.125,4932.91,4684.275,4203.505,3471.475,2702.965,1992.425,1370.71,922.0825,704.4245000000001,530.0654999999999,445.27,380.22249999999997,324.132,251.115,158.378,90.18195,47.473699999999994,29.1488,14.7774,6.734285,0.47362,0.6481950000000001,0.85653,1.092155,0.444445,0.26648499999999997,0.294825,0.08208499999999999
2023-05-29 05:00:00,64.1095,90.70134999999999,14.402149999999999,36.9784,33.5043,33.18898,70.42885,116.1885,203.3875,290.9755,397.308,387.9665,395.13,532.9594999999999,691.0250000000001,861.194,1180.1750000000002,1640.8049999999998,2174.9399999999996,2791.7,3171.315,3087.795,3395.185,4111.365,4412.86,4116.905000000001,3415.79,2750.545,2086.385,1517.98,1023.19,643.7339999999999,450.045,358.22749999999996,310.0925,276.257,244.7635,179.3465,98.42765,56.6533,31.232,21.31265,12.41425,5.69881,3.10439,1.4314850000000001,0.189,1.07991,1.0798,0.149225,1.61704,0.97881
2023-05-29 06:00:00,228.985,136.827,60.53105,67.4444,99.3389,232.75,292.892,205.28050000000002,391.9815,444.7925,512.563,492.389,590.9185,739.241,883.7284999999999,1040.79,1354.82,1578.83,2023.225,2823.6099999999997,3440.505,3564.18,3091.045,3409.21,3974.615,4273.645,3985.3050000000003,3290.87,2479.19,1717.4650000000001,1144.775,748.6815,489.66150000000005,362.928,296.83299999999997,268.9945,219.915,170.636,116.8785,68.72135,46.56445,40.6278,19.8572,11.57198,5.327100000000001,3.5209349999999997,3.1985449999999997,5.08944,2.859465,0.5244599999999999,4.30528,19.701795
2023-05-29 07:00:00,-17.3617,51.349149999999995,93.1973,184.53300000000002,246.704,301.98199999999997,319.818,288.60900000000004,513.0035,667.9525,829.095,840.75,871.7255,1006.4905000000001,1176.855,1402.495,1700.625,2007.52,2419.2349999999997,2858.2799999999997,3300.27,4028.24,4830.205,4570.82,4277.1849999999995,4197.84,3961.975,3363.925,2693.955,2020.355,1383.565,867.4960000000001,529.0554999999999,367.315,266.344,221.971,175.86950000000002,146.1765,99.6945,63.673300000000005,34.2178,15.50315,9.418655000000001,4.304729999999999,2.8943600000000003,0.49728500000000003,0.17341499999999999,0.47577500000000006,0.754035,0.39061,3.9276400000000002,5.588595
2023-05-29 08:00:00,266.85949999999997,211.844,128.63245,244.611,345.0165,325.5995,455.9975,570.029,690.2265,731.3705,906.452,1215.105,1375.4650000000001,1516.47,1770.76,2184.905,2572.795,2733.825,2845.325,3082.875,3325.775,3566.605,3841.4300000000003,4734.639999999999,4997.360000000001,4417.719999999999,3477.63,3004.2799999999997,2072.805,1483.4699999999998,1092.8200000000002,748.0175,541.4390000000001,374.8085,242.8535,173.12900000000002,149.7735,117.494,93.0603,59.20655,30.607950000000002,10.066614999999999,7.83217,3.99614,2.200035,2.3540900000000002,0.866835,1.3502800000000001,2.0785549999999997,1.241725,1.517625,2.3491400000000002
2023-05-29 09:00:00,67.8845,101.74435,101.90805,138.36,169.71949999999998,124.607,234.985,426.4915,333.374,397.97249999999997,556.179,782.838,1053.75,1272.155,1628.6399999999999,2012.125,2462.5699999999997,2698.24,2663.035,2836.185,3303.625,3811.035,4224.855,5126.67,6125.67,6038.32,4280.205,2963.56,1898.42,1280.51,966.142,807.2045,644.5360000000001,460.07050000000004,299.459,178.84249999999997,121.267,98.5422,72.80834999999999,53.42335,23.26305,6.016260000000001,3.537425,1.34373,0.356375,0.47812,0.47955,0.8153699999999999,0.18283000000000002,0.18673,1.25614,1.5641699999999998
2023-05-29 10:00:00,-14.1319,56.354600000000005,98.78565,122.04329999999999,99.27000000000001,231.97299999999998,257.79449999999997,243.47199999999998,238.385,268.959,344.3565,461.9075,636.9215,862.2,1152.29,1480.79,1650.46,1954.465,2365.44,2818.795,3591.57,4623.875,6194.6,7076.8,6715.145,5297.44,3559.085,1937.385,967.6685,642.495,608.097,661.1945,625.4390000000001,496.0045,341.572,203.2425,122.679,83.19615,64.7658,35.25385,13.5534,5.5715900000000005,2.90761,1.179415,2.33115,2.140425,0.41534,0.21656999999999998,0.14741500000000002,0.0,0.0,0.0
2023-05-29 11:00:00,507.8115,559.2545,778.2125000000001,706.5005,716.361,625.432,746.34,1013.47,975.327,972.7085,1014.7349999999999,1162.1415,1284.298,1248.44,1200.025,1146.374,1379.895,2068.49,2946.8,4799.28,6623.05,7104.540000000001,5706.165,4674.95,4547.26,4259.02,3001.415,1597.5500000000002,708.8145,450.947,493.134,478.81,455.0955,415.767,338.355,247.0075,136.9405,79.93955,55.05675,33.3261,11.37578,4.812915,3.693985,6.27045,4.887684999999999,1.4767299999999999,0.234105,3.34908,2.584095,1.86434,0.984675,0.20054
2023-05-29 12:00:00,92.39658,280.945,443.408,484.6255,527.774,626.935,783.8109999999999,1038.615,1538.115,2211.485,2780.16,3915.48,4639.014999999999,5964.18,7177.95,7979.2300000000005,8687.79,8713.455,7715.175,7118.895,6470.82,5188.299999999999,4305.075,4055.67,3997.8050000000003,3304.355,1847.23,1132.385,528.631,392.8155,454.46950000000004,397.8635,346.5895,304.2065,270.016,220.12900000000002,148.33249999999998,97.7651,59.2729,30.52775,14.78555,10.385135,6.808014999999999,5.72403,5.921825,5.034655,1.15547,3.445795,2.341165,0.57068,0.251475,0.09018000000000001
2023-05-29 13:00:00,107.18075,207.6405,283.033,354.517,406.6955,414.34450000000004,568.765,678.3625,1156.1550000000002,1745.22,2454.6850000000004,4004.325,5692.09,7845.865,9583.189999999999,11356.0,13802.3,14362.7,12774.150000000001,10370.8,7424.915,5066.515,4475.795,3863.045,3235.77,2426.335,1401.3400000000001,731.014,458.001,423.616,477.423,410.61,326.87699999999995,267.749,208.0975,164.6255,139.7095,101.21235,63.37465,35.3734,21.11065,7.752845000000001,7.725160000000001,4.46793,1.231325,0.7232099999999999,0.16637,0.38483999999999996,0.23996,0.9350849999999999,2.191585,0.570065
2023-05-29 14:00:00,91.1364,144.5365,205.05700000000002,233.4545,208.2875,184.70999999999998,265.517,468.46400000000006,846.8945,1338.68,1739.94,3125.17,4607.465,5523.775,6707.78,8084.68,9923.195,10449.76,9596.295,9176.255,8151.785,7215.885,6029.37,4821.74,3409.17,2042.145,888.8395,464.375,508.431,580.4195,587.699,491.255,389.563,291.6005,213.171,186.0735,148.6265,110.456,70.50125,38.1685,27.080350000000003,10.535445,7.370225,5.51406,2.619885,0.853075,0.605585,2.1337099999999998,2.6522550000000003,1.684075,0.8391550000000001,0.8644700000000001
2023-05-29 15:00:00,-8.3381,31.3988,77.30885,133.19400000000002,180.13,215.67000000000002,435.015,589.738,859.7445,1273.635,2216.475,3367.5200000000004,4557.405000000001,5692.345,7308.535,8416.95,10069.900000000001,11240.400000000001,11443.55,12020.150000000001,10658.1,8301.695,6159.99,5532.85,4584.71,3082.87,1338.4850000000001,578.182,501.704,555.5225,547.643,495.409,409.9655,314.41549999999995,245.33249999999998,185.8425,147.29250000000002,95.122,64.15875,45.348200000000006,26.41855,18.8042,10.1296,8.205795,6.27406,3.02716,0.37077499999999997,2.881825,3.147855,1.81425,1.952125,2.450525
2023-05-29 16:00:00,-37.9521,51.375600000000006,156.733,119.477,105.0745,261.655,421.1905,567.1904999999999,876.864,1352.935,2034.53,2879.565,3858.1,5224.264999999999,6714.115,8044.03,9097.645,10277.95,11025.2,10338.9,8123.514999999999,5581.085,5156.775,5326.055,4509.535,2843.5299999999997,1137.145,528.69,484.513,539.69,591.23,561.366,435.6315,336.9335,267.07,222.25650000000002,160.1985,119.821,77.48755,51.2107,33.4423,20.3078,13.170950000000001,11.91855,9.232535,4.190995,6.9512,3.347275,2.07429,0.90794,1.94135,1.3263850000000001
2023-05-29 17:00:00,-36.94565,55.552350000000004,114.2349,279.9235,438.6065,693.7035000000001,1174.635,1679.615,2575.5299999999997,3643.24,4693.09,6830.174999999999,8967.58,10367.6,11226.75,11392.55,10199.9,9295.685000000001,7005.76,4468.245,2878.815,2654.915,3179.7,3894.4799999999996,3462.175,2261.675,943.3895,424.166,346.11,368.206,389.4755,394.318,279.664,277.0695,247.2855,219.20499999999998,175.775,130.094,99.0421,65.32875,48.8893,31.1291,17.77965,10.934695,10.259485,8.28657,2.271985,5.622895,5.380895000000001,4.24291,2.677695,2.204895
2023-05-29 18:00:00,-5.499,79.8804,62.12135,271.641,603.969,1096.75,1371.1,1697.985,3052.75,4480.51,6130.17,7611.195,9079.895,9709.009999999998,8979.325,7407.1849999999995,5826.215,4297.98,2830.045,1960.25,1680.125,1746.025,1888.5,1914.295,1668.7,1221.7649999999999,709.2995000000001,439.041,315.2665,255.208,226.5885,218.2655,249.9495,242.34050000000002,240.663,212.786,173.4415,156.26600000000002,116.9365,83.19,69.64545,30.31645,23.3099,14.7445,12.13575,6.958925,4.70449,8.73696,7.710044999999999,6.339544999999999,2.79285,3.66783
2023-05-29 19:00:00,87.61615,131.087,140.946,420.00199999999995,647.861,938.083,1332.12,1910.8449999999998,2263.23,2969.1549999999997,4382.155,4608.23,4852.6,4633.54,3874.435,2786.89,2254.7,1823.8600000000001,1640.185,1529.31,1673.89,1811.625,1925.485,1734.9499999999998,1423.375,1110.18,881.491,621.0915,400.89,297.633,250.331,196.21,253.779,276.98400000000004,266.7625,229.92399999999998,214.7835,159.178,139.5385,98.89605,65.1096,48.1609,32.0049,20.7766,14.904,10.7042,6.678364999999999,5.0764499999999995,5.8396099999999995,3.993075,4.315085,3.5581750000000003
2023-05-29 20:00:00,43.4598,133.82150000000001,150.651,242.7955,329.065,605.424,1015.0989999999999,1177.92,1520.005,1551.0349999999999,1432.08,1122.045,827.9475,686.722,717.466,854.442,1021.0889999999999,1258.39,1260.605,2013.705,3097.77,3747.8999999999996,3139.7,2310.185,1612.055,1217.12,870.4739999999999,661.393,468.153,330.6395,272.8655,246.0865,283.477,286.3355,293.249,253.314,212.9785,167.458,147.4905,115.84049999999999,83.61105,52.9468,41.416700000000006,27.2421,18.45205,12.623149999999999,1.173675,9.518540000000002,6.735165,3.7857449999999995,3.56264,5.508495
2023-05-29 21:00:00,0.0,18.3872,3.504845,67.01915,91.71295,177.029,324.94050000000004,525.7435,500.001,518.375,657.4490000000001,538.902,480.52700000000004,447.9275,520.989,745.6295,1446.185,2327.79,3442.935,4299.195,4405.485000000001,3916.135,2540.5150000000003,1664.25,1328.525,1113.105,1010.238,966.2415,826.726,663.3354999999999,503.681,379.7585,395.402,421.5465,385.227,306.09950000000003,224.6205,220.84050000000002,168.165,125.691,99.7607,63.6549,39.513400000000004,25.838,16.7533,11.86495,13.59185,7.284915,6.268085,4.265875,6.661815000000001,8.489075
2023-05-29 22:00:00,0.0,36.7662,16.25303,35.072,34.69765,13.565885000000002,81.03085,119.422,205.27100000000002,200.586,161.32999999999998,191.4135,241.1395,181.516,443.34900000000005,891.6945000000001,1983.4299999999998,3350.545,5137.915,5516.825,4525.0650000000005,2866.33,1623.34,988.9745,809.2950000000001,841.658,835.6475,712.8900000000001,510.98249999999996,401.44849999999997,364.131,367.29449999999997,408.58450000000005,432.7865,394.876,335.7595,305.875,213.056,176.46800000000002,132.872,96.61420000000001,83.90095,53.580349999999996,28.06275,17.77655,9.03405,8.58288,7.116375,6.880715,6.058695,5.32808,4.992095
2023-05-29 23:00:00,17.0718,68.4284,150.421,165.0615,113.26780000000001,72.5803,45.699,5.217175,66.1628,175.799,236.7975,237.487,285.2595,424.466,667.0409999999999,859.2080000000001,1681.42,2644.805,3888.935,4704.1,4351.745,3051.8500000000004,1943.79,1085.19,756.3505,703.3389999999999,756.268,574.7505,419.1125,295.60450000000003,266.6935,305.448,334.779,347.5145,348.3515,310.08849999999995,277.105,232.1225,187.187,139.707,100.87049999999999,64.8598,41.780199999999994,24.134500000000003,16.14985,18.20845,2.90841,8.36196,8.054210000000001,7.001,3.918035,3.7974050000000004
2023-05-30 00:00:00,0.0,16.50725,5.9982,27.04405,21.67435,60.4183,114.64065000000001,118.619,196.20350000000002,265.616,366.84450000000004,798.7035,1263.536,2308.4750000000004,2766.88,2848.85,3184.87,3165.145,3898.06,4557.469999999999,4811.23,4153.5,2685.13,1749.59,1173.82,927.347,862.6165,829.6415,571.2835,395.221,308.095,294.4765,309.144,337.5705,356.272,329.797,264.596,215.8065,180.50150000000002,139.543,100.10079999999999,59.52265,50.42175,26.40005,16.46535,17.819000000000003,9.82154,7.191369999999999,9.287105,5.507675,4.065125,6.43155
2023-05-30 01:00:00,0.0,21.16545,8.56835,13.88775,0.0,0.0,7.0919,19.852545,43.3031,94.63835,196.5195,476.336,810.3145,1220.54,1805.105,2810.79,3125.795,3363.01,3095.0550000000003,3839.28,4572.0599999999995,4723.58,3723.56,2478.08,1537.635,1064.385,905.1925,881.264,647.6155,461.2325,349.56449999999995,295.5645,284.7835,355.1515,382.8625,332.173,282.668,259.712,199.4065,142.312,102.03800000000001,68.25129999999999,45.44585,21.863950000000003,12.883849999999999,10.82741,5.101850000000001,10.59069,5.900855,4.13646,2.542375,1.42621
2023-05-30 02:00:00,0.0,0.0,0.0,40.94455,62.179,48.2315,45.812,53.2851,42.4999,48.92315,67.0597,192.51999999999998,352.9085,634.5260000000001,1040.255,1515.8400000000001,2286.95,2866.465,3126.45,3393.855,4009.645,4827.09,4440.59,3162.46,2180.0299999999997,1563.645,1279.01,1086.995,786.227,524.6575,376.77,335.22,323.8005,359.61199999999997,371.9715,322.2105,299.8435,233.0355,192.3785,138.22500000000002,104.66059999999999,84.8458,45.758700000000005,36.295,25.6519,13.3986,6.630545,9.454014999999998,6.340905,4.95245,3.794255,1.648725
2023-05-30 03:00:00,0.0,0.0,0.0,0.0,0.0,0.0,0.0,0.0,0.0,6.2228,3.548135,28.85565,75.9949,104.08834999999999,334.696,635.6385,1155.0,1755.705,2464.5,2952.9750000000004,3489.3900000000003,4305.969999999999,5341.455,5115.725,3965.775,2841.51,2157.1150000000002,1674.4099999999999,1198.205,859.5440000000001,619.7004999999999,446.58349999999996,363.15049999999997,375.868,379.9185,368.352,310.9285,248.23250000000002,195.46300000000002,150.0735,108.827,84.62540000000001,55.260000000000005,35.22965,19.36715,9.49694,10.35035,7.7401800000000005,4.666965,2.21834,2.4985150000000003,1.398935
2023-05-30 04:00:00,0.0,16.31945,48.20815,43.923,0.0,0.0,11.3912,2.171495,17.43605,0.0,0.0,0.0,21.55865,102.39930000000001,164.8945,186.0625,373.007,649.2505,1095.845,1953.665,3020.1949999999997,3987.545,4788.885,5700.77,5502.105,4752.764999999999,3577.0150000000003,2649.15,2004.485,1400.995,926.7004999999999,601.4079999999999,420.5535,405.869,407.6335,398.173,344.956,250.904,221.34699999999998,173.9105,122.191,83.27914999999999,51.025949999999995,25.666400000000003,19.36105,12.824,8.567325,8.483715,4.95733,2.384945,0.400235,0.92015
2023-05-30 05:00:00,0.0,12.31145,7.56925,19.0315,17.91605,9.1178,20.8065,1.940925,25.9678,57.7715,27.6042,43.30655,78.33030000000001,105.1026,156.732,200.36950000000002,311.3275,510.287,840.0025,1507.93,2519.44,3633.355,4926.075,5888.55,6470.28,6014.395,4825.719999999999,3549.77,2577.88,1817.26,1176.1599999999999,668.771,493.432,407.7695,427.273,419.32349999999997,357.4185,298.696,223.20350000000002,165.72899999999998,128.905,70.8873,49.49065,27.8167,22.572499999999998,16.444,6.709115000000001,4.82668,9.17118,6.68637,1.41092,1.4065750000000001
2023-05-30 06:00:00,0.0,0.0,0.0,18.8924,10.512550000000001,29.69605,49.9183,83.3962,107.86250000000001,160.1995,226.776,230.3345,251.781,295.493,379.32550000000003,510.6175,697.4025,932.715,1158.315,1842.4,2572.83,3524.3450000000003,4431.895,5146.85,5737.04,5712.76,4884.795,3694.535,2618.495,1785.045,1164.8249999999998,724.9,513.0120000000001,428.294,386.586,370.067,317.1365,258.3525,194.1205,149.6255,117.757,78.52505,58.665800000000004,32.69295,19.43945,14.495000000000001,6.7225,2.749075,4.40002,5.332545,4.24202,0.49170500000000006
2023-05-30 07:00:00,0.0,0.0,0.0,28.454949999999997,48.5789,11.99625,26.6325,42.03085,48.3762,73.559,124.4985,108.04214999999999,111.27199999999999,194.575,271.2345,449.8515,618.9595,785.3209999999999,1050.0149999999999,1498.92,2116.075,2996.2650000000003,3679.06,4114.780000000001,4744.295,5209.125,5040.8,4068.6749999999997,3001.76,2023.5749999999998,1245.62,736.384,504.8725,413.88300000000004,370.621,338.85900000000004,308.46299999999997,244.59949999999998,190.0075,136.7495,102.1725,64.0777,46.12585,26.9439,11.732,6.605715,2.086435,4.2087900000000005,5.70033,4.272905,2.997675,1.60161
2023-05-30 08:00:00,0.0,0.0,0.0,29.51215,42.60805,14.528649999999999,25.6426,2.1845,20.7256,52.2684,71.4904,118.7505,172.031,279.3355,358.1015,450.476,631.3,829.314,1051.9050000000002,1582.75,2360.3149999999996,3049.9049999999997,3715.4049999999997,3521.39,3304.8199999999997,3140.4750000000004,3011.94,2618.325,1930.185,1356.96,897.8945,546.51,360.31899999999996,278.0865,265.5405,285.811,262.0785,236.0025,168.0205,106.77199999999999,75.1951,41.909549999999996,27.2728,18.21515,9.831019999999999,2.582555,2.8846749999999997,2.6658850000000003,3.083735,0.9492050000000001,0.837415,0.000275
2023-05-30 09:00:00,256.887,162.10950000000003,47.7688,18.90355,6.0248,26.2255,41.92,54.54905,72.46549999999999,68.6694,81.69505000000001,114.945,120.84625,148.292,251.33499999999998,367.2025,462.7915,572.056,703.0465,1110.1,1582.5949999999998,2167.145,2838.045,3001.1000000000004,2664.6,2275.2250000000004,1769.76,1301.205,935.806,657.2805000000001,477.94000000000005,388.863,349.8905,253.3025,211.3855,202.00400000000002,203.50549999999998,196.0675,148.9925,104.19200000000001,64.3228,38.8283,29.5004,15.272649999999999,6.885199999999999,1.034775,3.61587,1.1358350000000002,1.4955500000000002,1.54181,1.457475,0.09007500000000002
2023-05-30 10:00:00,156.19400000000002,179.647,247.902,264.7845,266.0685,291.23900000000003,241.15800000000002,142.508,254.5,209.2795,93.0226,121.7525,151.0845,112.10874999999999,148.558,206.069,382.92449999999997,529.9780000000001,720.098,938.9175,1164.455,1436.995,1874.775,2331.0950000000003,2466.665,2193.76,1589.26,1059.215,686.816,473.505,420.35699999999997,411.182,383.332,259.51800000000003,201.1775,185.024,174.18,173.1525,138.497,95.79945,58.948949999999996,37.7954,18.27855,10.768450000000001,7.57649,4.77405,1.8967399999999999,1.61168,1.2117300000000002,1.251445,1.3298999999999999,0.56054
2023-05-30 11:00:00,84.4685,112.09030000000001,104.36444999999999,239.0765,346.52149999999995,298.747,318.6625,330.6735,327.626,266.30899999999997,237.106,214.59550000000002,216.648,172.08100000000002,197.046,188.301,306.64099999999996,424.93600000000004,589.2925,804.9639999999999,954.5355,1203.025,1314.7649999999999,1616.505,2068.3650000000002,2472.36,2537.56,2029.8650000000002,1264.16,759.965,522.2725,518.3444999999999,554.5045,478.3325,343.286,230.385,198.64499999999998,197.8875,163.40550000000002,110.646,63.10025,42.0406,22.400100000000002,14.46555,7.375985,3.6012899999999997,2.45716,2.43124,2.427205,2.08695,1.221305,0.57479
2023-05-30 12:00:00,119.5665,183.4135,55.95495,78.85220000000001,74.7568,117.45455000000001,78.18915,83.82195,163.4946,273.12350000000004,444.5285,393.3115,356.8745,408.0905,401.8555,400.935,470.472,459.5015,512.9110000000001,771.2985000000001,1136.885,1652.2350000000001,1982.61,1884.75,1737.0900000000001,1917.4450000000002,2089.31,2299.545,1756.5,1078.65,659.222,648.1405,791.6705,763.7005,572.0550000000001,354.8225,201.2425,187.865,150.715,113.14099999999999,73.02615,32.98835,22.860799999999998,12.937650000000001,7.26035,1.3084,1.7144400000000002,0.360585,0.23617,0.545955,1.40655,0.93068
2023-05-30 13:00:00,0.0,23.8277,70.3879,42.826499999999996,41.97575,70.5899,57.841449999999995,57.84645,79.82645,118.62049999999999,132.1355,131.0615,96.02215,241.3365,366.495,464.47249999999997,804.7305,1063.655,1127.62,1226.495,1421.71,1576.815,2006.795,2468.48,2474.735,2410.6949999999997,2438.8199999999997,2365.3999999999996,1869.16,1309.8,974.992,962.0725,1163.685,1138.28,875.153,524.7235,300.81399999999996,161.23250000000002,135.02100000000002,111.1075,69.82400000000001,22.813699999999997,22.37975,10.247535,5.314715,2.77628,0.01939,0.01571,0.00701,0.003805,0.0947,-0.00035
2023-05-30 14:00:00,0.0,20.9087,4.17874,54.09139999999999,51.29475,45.6083,49.35635,90.71525,69.91305,73.4114,121.515,122.2795,132.6925,229.707,338.751,396.2455,596.746,932.3025,1350.88,1691.03,1765.755,1708.82,1684.98,2009.55,2364.005,2609.455,2861.6400000000003,2689.995,1985.58,1448.455,1159.855,1228.545,1295.815,1218.755,1030.2350000000001,736.014,355.385,185.5105,130.54500000000002,100.5565,63.98695,35.121050000000004,20.63895,12.29175,6.0773399999999995,1.4456149999999999,1.20032,1.2837399999999999,0.6977599999999999,0.244975,0.022505,0.093015
2023-05-30 15:00:00,0.0,30.85785,47.33435,27.21015,13.39905,18.79055,25.81845,31.24435,91.69315,137.3315,115.5145,172.3105,217.02949999999998,284.97450000000003,311.8165,379.09000000000003,557.985,792.0505,1076.295,1641.585,2216.875,2727.95,2892.635,2378.0150000000003,2021.3049999999998,2064.07,2064.155,1931.81,1586.405,1402.085,1365.22,1332.68,1223.025,968.3985,807.2535,698.1185,613.6055,337.04650000000004,194.075,104.704,71.0842,44.48545,16.0058,10.15111,6.851615000000001,1.408485,0.439895,0.083065,0.532215,0.574005,3e-05,0.0
2023-05-30 16:00:00,157.1655,82.0095,6.85395,22.62475,42.7759,25.742649999999998,33.4245,3.64087,38.88545,72.08179999999999,93.7997,171.289,274.09900000000005,405.3815,435.1025,457.818,560.245,663.1569999999999,638.5105,730.843,974.5225,1623.315,2838.77,3634.255,3658.165,2913.0699999999997,2244.335,1883.26,1554.905,1453.9850000000001,1449.21,1419.745,1174.025,892.64,680.8395,574.7395,567.057,426.1055,252.702,147.01749999999998,89.6088,48.42485,23.0811,10.526150000000001,4.81662,3.81503,0.00485,0.059414999999999996,0.825495,0.934115,0.0,0.0
2023-05-30 17:00:00,0.0,0.0,0.0,44.7625,6.81755,8.9058,22.7427,29.975405,51.691900000000004,54.3157,87.7963,118.08449999999999,215.76749999999998,292.06899999999996,529.8955000000001,629.0045,751.49,875.4915000000001,985.4639999999999,1211.1,1371.875,1518.1,1794.195,2784.1800000000003,3502.235,3432.7250000000004,2707.545,2184.57,1844.12,1675.885,1567.58,1392.97,1171.24,988.1355,745.2905000000001,590.3405,510.49,404.81,272.5745,166.192,91.8446,40.2011,20.94585,11.4039,3.189625,1.480515,0.36923500000000004,0.08285,0.01827,0.00383,0.00634,-0.000415
2023-05-30 18:00:00,0.0,68.46615,53.963,44.87515,41.4333,17.723300000000002,23.29165,52.9671,56.40345,72.6751,73.82195,131.5219,201.1525,281.4005,419.0645,589.3585,838.4425,1096.05,1158.225,1385.5700000000002,1591.5149999999999,1773.43,2122.825,2742.505,3352.63,3754.57,3766.335,3035.4849999999997,2231.25,1840.865,1656.6,1503.915,1302.1399999999999,1093.63,872.9715,652.7945,464.645,300.41949999999997,211.964,133.6735,71.78775,42.47005,29.3795,15.55575,8.663165,1.7037200000000001,0.0674,0.29603,0.590635,0.022775,0.00285,0.011795
2023-05-30 19:00:00,0.0,33.945949999999996,13.8952,46.45245,43.27025,51.5229,69.42105,116.57900000000001,118.2816,183.4525,345.394,490.077,773.771,1658.42,2173.055,2457.005,2022.5500000000002,1794.19,1839.65,2155.18,2624.1,3091.455,3487.23,3983.745,4342.3,4530.05,4542.195,4029.1949999999997,3141.75,2374.33,1908.6599999999999,1560.3400000000001,1181.34,915.172,631.1565,391.071,253.447,156.0315,111.1402,86.52645,55.31595,32.50285,16.70245,11.6704,6.754735,3.70179,1.580015,1.20579,0.62337,0.0,0.003445,0.006225
2023-05-30 20:00:00,0.0,18.144,53.598,45.665400000000005,32.80885,62.2846,112.5865,180.1945,269.6065,418.1095,669.367,1659.975,3285.795,5708.645,7014.969999999999,7482.405,4822.844999999999,3041.925,1990.045,1804.5700000000002,2453.325,3522.035,4613.75,5384.375,6071.1849999999995,5993.785,4964.825000000001,4103.89,2828.925,1719.17,915.6215,481.6065,318.9745,299.3805,261.0505,211.382,162.19400000000002,142.7985,99.6736,68.92385,46.6481,22.14845,23.9814,9.86162,3.3161050000000003,1.8363200000000002,2.227995,0.91162,0.34352499999999997,0.69618,0.8517549999999999,-0.016550000000000002
2023-05-30 21:00:00,117.041,98.84885,13.792449999999999,43.581450000000004,81.54050000000001,92.37205,104.60245,137.867,195.62349999999998,439.0355,796.4425,2474.705,4291.84,6882.9400000000005,6643.575000000001,4862.93,3216.5150000000003,1726.4450000000002,1104.925,1427.27,2283.5950000000003,3921.875,5799.965,6732.465,6489.235,5585.32,4450.04,3203.2,2169.26,1428.99,1001.3525,614.164,401.91049999999996,343.856,271.68499999999995,224.1325,189.50400000000002,147.641,110.5213,75.86625000000001,49.10115,32.17945,23.38975,17.927599999999998,11.22485,6.015465000000001,3.9520600000000004,3.97211,1.831545,0.34768,0.0012599999999999998,0.0052049999999999996
2023-05-30 22:00:00,0.0,0.0,0.0,24.5787,19.78405,45.2262,55.0839,82.154,115.137,145.06900000000002,257.09799999999996,507.02750000000003,971.4675,1560.675,1650.79,1458.275,1084.62,939.4195,1001.6925,1460.71,2400.1549999999997,3958.29,5928.91,6820.5599999999995,6162.93,4624.905000000001,3194.5299999999997,1999.535,1291.665,752.9455,437.0955,268.5905,232.9445,205.1525,187.97449999999998,179.03199999999998,170.312,149.02249999999998,120.74199999999999,86.06094999999999,63.6813,39.22395,27.25475,13.53495,8.3253,3.9775400000000003,3.83696,0.565295,0.5009750000000001,1.79977,0.98407,-0.06535
2023-05-30 23:00:00,0.0,18.4877,6.84385,0.0,13.8756,38.11575,20.9239,2.162935,28.9381,66.25035,155.6595,257.2255,337.7405,569.0740000000001,586.4155000000001,719.9795,1054.3200000000002,1354.67,1725.625,2616.145,3802.19,5099.145,6495.48,6617.135,5442.785,3773.075,2368.995,1514.4,970.643,604.136,383.7515,262.2095,224.8095,190.6035,198.123,213.19549999999998,236.916,240.845,181.83350000000002,124.178,80.8344,48.85965,30.488,22.502450000000003,13.97965,7.822775,8.848445,5.58531,1.64174,2.66782,4.187555,2.583305
